versionTrama,idRegistro,idOperador,idVehiculo,idRuta,idConductor,fechaHoraLecturaDato,fechaHoraEnvioDato,tipoBus,latitud,longitud,tipoTrama,tecnologiaMotor,tramaRetransmitida,tipoFreno,codigoEvento,peso,temperaturaCabina,estimacionOcupacionSuben,estimacionOcupacionBajan,estimacionOcupacionAbordo
E.1.0.0,43717,PB,Z374020,No Disponible,No Disponible,2024-04-15 03:34:36.070,2024-04-15 03:34:36.409,T,4.592797,-74.181658,2,3,False,2,EV1,-1,18.0,-1,-1,-1
E.1.0.0,43777,PB,Z374020,A617,No Disponible,2024-04-15 03:45:22.306,2024-04-15 03:45:22.526,T,4.594592,-74.178439,2,3,False,2,EV1,-1,20.0,1,0,1
E.1.0.0,43806,PB,Z374020,A617,No Disponible,2024-04-15 03:50:56.675,2024-04-15 03:50:56.945,T,4.588744,-74.167342,2,3,False,2,EV1,-1,19.0,1,0,2
E.1.0.0,43816,PB,Z374020,A617,No Disponible,2024-04-15 03:52:16.195,2024-04-15 03:52:16.305,T,4.587542,-74.165886,2,3,False,2,EV1,-1,19.0,1,0,3
E.1.0.0,43826,PB,Z374020,A617,No Disponible,2024-04-15 03:53:57.506,2024-04-15 03:53:57.945,T,4.589242,-74.162086,2,3,False,2,EV1,-1,19.0,0,1,2
E.1.0.0,43870,PB,Z374020,A617,No Disponible,2024-04-15 04:02:51.816,2024-04-15 04:02:52.046,T,4.588617,-74.148375,2,3,False,2,EV1,-1,19.0,1,0,3
E.1.0.0,43919,PB,Z374020,A617,No Disponible,2024-04-15 04:12:54.016,2024-04-15 04:12:54.036,T,4.589847,-74.124594,2,3,False,2,EV1,-1,19.0,0,1,2
E.1.0.0,43998,PB,Z374020,A617,No Disponible,2024-04-15 04:30:10.016,2024-04-15 04:30:10.436,T,4.589047,-74.084936,2,3,False,2,EV1,-1,19.0,0,2,0
E.1.0.0,44012,PB,Z374020,A617,No Disponible,2024-04-15 04:32:41.636,2024-04-15 04:32:41.886,T,4.589850,-74.080069,2,3,False,2,EV1,-1,19.0,1,0,1
E.1.0.0,44053,PB,Z374020,A617,No Disponible,2024-04-15 04:42:02.386,2024-04-15 04:42:02.426,T,4.604058,-74.065025,2,3,False,2,EV1,-1,18.0,0,0,1
E.1.0.0,44094,PB,Z374020,H617,No Disponible,2024-04-15 04:51:21.305,2024-04-15 04:51:22.154,T,4.606289,-74.073281,2,3,False,2,EV1,-1,18.0,1,0,2
E.1.0.0,44117,PB,Z374020,H617,No Disponible,2024-04-15 04:56:36.782,2024-04-15 04:56:37.386,T,4.602792,-74.061411,2,3,False,2,EV1,-1,18.0,0,1,1
E.1.0.0,44138,PB,Z374020,H617,No Disponible,2024-04-15 05:00:59.326,2024-04-15 05:00:59.866,T,4.592375,-74.070169,2,3,False,2,EV1,-1,18.0,1,0,2
E.1.0.0,44203,PB,Z374020,H617,No Disponible,2024-04-15 05:15:40.466,2024-04-15 05:15:40.656,T,4.586631,-74.099369,2,3,False,2,EV1,-1,18.0,0,1,1
E.1.0.0,44218,PB,Z374020,H617,No Disponible,2024-04-15 05:18:25.496,2024-04-15 05:18:26.106,T,4.584106,-74.104736,2,3,False,2,EV1,-1,18.0,2,0,3
E.1.0.0,44242,PB,Z374020,H617,No Disponible,2024-04-15 05:23:24.686,2024-04-15 05:23:24.856,T,4.588622,-74.117036,2,3,False,2,EV1,-1,18.0,4,0,7
E.1.0.0,44252,PB,Z374020,H617,No Disponible,2024-04-15 05:25:01.246,2024-04-15 05:25:01.856,T,4.590086,-74.124225,2,3,False,2,EV1,-1,18.0,0,0,7
E.1.0.0,44261,PB,Z374020,H617,No Disponible,2024-04-15 05:26:34.046,2024-04-15 05:26:34.075,T,4.592939,-74.126692,2,3,False,2,EV1,-1,18.0,0,3,4
E.1.0.0,44274,PB,Z374020,H617,No Disponible,2024-04-15 05:28:48.165,2024-04-15 05:28:48.395,T,4.594528,-74.134747,2,3,False,2,EV1,-1,18.0,0,1,3
E.1.0.0,44288,PB,Z374020,H617,No Disponible,2024-04-15 05:31:15.306,2024-04-15 05:31:15.476,T,4.594067,-74.134386,2,3,False,2,EV1,-1,18.0,0,1,2
E.1.0.0,44321,PB,Z374020,H617,No Disponible,2024-04-15 05:38:21.626,2024-04-15 05:38:21.986,T,4.590886,-74.144961,2,3,False,2,EV1,-1,18.0,2,0,4
E.1.0.0,44356,PB,Z374020,H617,No Disponible,2024-04-15 05:46:02.312,2024-04-15 05:46:02.812,T,4.587608,-74.155783,2,3,False,2,EV1,-1,18.0,0,0,4
E.1.0.0,44375,PB,Z374020,H617,No Disponible,2024-04-15 05:49:48.056,2024-04-15 05:49:48.336,T,4.589108,-74.162642,2,3,False,2,EV1,-1,18.0,1,1,4
E.1.0.0,44429,PB,Z374020,H617,No Disponible,2024-04-15 06:01:47.726,2024-04-15 06:01:47.776,T,4.592411,-74.180147,2,3,False,2,EV1,-1,18.0,0,1,3
E.1.0.0,44616,PB,Z374020,A617,No Disponible,2024-04-15 06:46:17.000,2024-04-15 06:46:17.600,T,4.592525,-74.181136,2,3,False,2,EV1,-1,19.0,-1,-1,-1
E.1.0.0,44735,PB,Z374020,A617,No Disponible,2024-04-15 07:08:49.452,2024-04-15 07:08:49.491,T,4.592517,-74.179986,2,3,False,2,EV1,-1,22.0,0,0,0
E.1.0.0,44746,PB,Z374020,A617,No Disponible,2024-04-15 07:10:31.711,2024-04-15 07:10:31.932,T,4.594594,-74.178481,2,3,False,2,EV1,-1,22.0,1,0,1
E.1.0.0,44762,PB,Z374020,A617,No Disponible,2024-04-15 07:13:09.706,2024-04-15 07:13:10.126,T,4.592044,-74.175258,2,3,False,2,EV1,-1,21.0,1,0,2
E.1.0.0,44771,PB,Z374020,A617,No Disponible,2024-04-15 07:14:27.396,2024-04-15 07:14:27.876,T,4.591911,-74.173442,2,3,False,2,EV1,-1,21.0,3,0,5
E.1.0.0,44783,PB,Z374020,A617,No Disponible,2024-04-15 07:16:37.006,2024-04-15 07:16:37.066,T,4.589678,-74.170794,2,3,False,2,EV1,-1,22.0,2,0,7
E.1.0.0,44801,PB,Z374020,A617,No Disponible,2024-04-15 07:19:16.176,2024-04-15 07:19:16.216,T,4.588744,-74.167317,2,3,False,2,EV1,-1,22.0,1,1,7
E.1.0.0,44813,PB,Z374020,A617,No Disponible,2024-04-15 07:21:06.366,2024-04-15 07:21:06.696,T,4.587553,-74.165836,2,3,False,2,EV1,-1,22.0,1,0,8
E.1.0.0,44826,PB,Z374020,A617,No Disponible,2024-04-15 07:23:10.815,2024-04-15 07:23:11.005,T,4.589381,-74.161806,2,3,False,2,EV1,-1,22.0,0,1,7
E.1.0.0,44848,PB,Z374020,A617,No Disponible,2024-04-15 07:27:07.082,2024-04-15 07:27:07.276,T,4.588006,-74.158617,2,3,False,2,EV1,-1,22.0,3,0,10
E.1.0.0,44861,PB,Z374020,A617,No Disponible,2024-04-15 07:29:37.406,2024-04-15 07:29:37.936,T,4.587981,-74.157092,2,3,False,2,EV1,-1,22.0,1,0,11
E.1.0.0,44875,PB,Z374020,A617,No Disponible,2024-04-15 07:31:58.140,2024-04-15 07:31:58.166,T,4.587708,-74.155125,2,3,False,2,EV1,-1,22.0,2,0,13
E.1.0.0,44885,PB,Z374020,A617,No Disponible,2024-04-15 07:33:04.676,2024-04-15 07:33:04.705,T,4.588869,-74.153344,2,3,False,2,EV1,-1,22.0,4,0,17
E.1.0.0,44894,PB,Z374020,A617,No Disponible,2024-04-15 07:34:39.266,2024-04-15 07:34:39.696,T,4.588453,-74.150522,2,3,False,2,EV1,-1,22.0,0,0,17
E.1.0.0,44903,PB,Z374020,A617,No Disponible,2024-04-15 07:35:55.136,2024-04-15 07:35:55.296,T,4.588544,-74.148561,2,3,False,2,EV1,-1,23.0,1,0,18
E.1.0.0,44913,PB,Z374020,A617,No Disponible,2024-04-15 07:37:15.726,2024-04-15 07:37:15.946,T,4.589594,-74.146083,2,3,False,2,EV1,-1,23.0,0,1,17
E.1.0.0,44929,PB,Z374020,A617,No Disponible,2024-04-15 07:40:03.166,2024-04-15 07:40:03.306,T,4.588592,-74.143611,2,3,False,2,EV1,-1,23.0,0,2,15
E.1.0.0,44953,PB,Z374020,A617,No Disponible,2024-04-15 07:44:24.446,2024-04-15 07:44:24.556,T,4.591183,-74.138472,2,3,False,2,EV1,-1,23.0,1,1,15
E.1.0.0,45013,PB,Z374020,A617,No Disponible,2024-04-15 07:56:42.426,2024-04-15 07:56:43.036,T,4.592722,-74.135728,2,3,False,2,EV1,-1,25.0,0,3,12
E.1.0.0,45032,PB,Z374020,A617,No Disponible,2024-04-15 08:00:13.246,2024-04-15 08:00:13.436,T,4.592539,-74.128081,2,3,False,2,EV1,-1,25.0,3,0,15
E.1.0.0,45042,PB,Z374020,A617,No Disponible,2024-04-15 08:01:49.276,2024-04-15 08:01:49.666,T,4.589978,-74.124825,2,3,False,2,EV1,-1,25.0,0,1,14
E.1.0.0,45053,PB,Z374020,A617,No Disponible,2024-04-15 08:03:31.366,2024-04-15 08:03:31.406,T,4.589053,-74.119497,2,3,False,2,EV1,-1,25.0,3,1,16
E.1.0.0,45066,PB,Z374020,A617,No Disponible,2024-04-15 08:05:03.986,2024-04-15 08:05:04.096,T,4.588356,-74.115781,2,3,False,2,EV1,-1,25.0,1,1,16
E.1.0.0,45083,PB,Z374020,A617,No Disponible,2024-04-15 08:08:04.026,2024-04-15 08:08:04.626,T,4.588772,-74.108761,2,3,False,2,EV1,-1,25.0,2,2,16
E.1.0.0,45089,PB,Z374020,A617,No Disponible,2024-04-15 08:08:49.056,2024-04-15 08:08:49.456,T,4.587333,-74.107592,2,3,False,2,EV1,-1,25.0,0,2,14
E.1.0.0,45104,PB,Z374020,A617,No Disponible,2024-04-15 08:11:28.666,2024-04-15 08:11:28.866,T,4.584578,-74.103386,2,3,False,2,EV1,-1,26.0,1,5,10
E.1.0.0,45117,PB,Z374020,A617,No Disponible,2024-04-15 08:13:35.135,2024-04-15 08:13:35.275,T,4.585228,-74.100903,2,3,False,2,EV1,-1,26.0,0,1,9
E.1.0.0,45128,PB,Z374020,A617,No Disponible,2024-04-15 08:15:13.085,2024-04-15 08:15:13.525,T,4.586589,-74.099233,2,3,False,2,EV1,-1,26.0,1,3,7
E.1.0.0,45151,PB,Z374020,A617,No Disponible,2024-04-15 08:19:43.016,2024-04-15 08:19:43.077,T,4.585925,-74.094800,2,3,False,2,EV1,-1,26.0,1,1,7
E.1.0.0,45163,PB,Z374020,A617,No Disponible,2024-04-15 08:21:37.466,2024-04-15 08:21:37.925,T,4.584464,-74.093311,2,3,False,2,EV1,-1,26.0,0,1,6
E.1.0.0,45170,PB,Z374020,A617,No Disponible,2024-04-15 08:22:34.515,2024-04-15 08:22:34.626,T,4.582336,-74.090389,2,3,False,2,EV1,-1,27.0,1,0,7
E.1.0.0,45178,PB,Z374020,A617,No Disponible,2024-04-15 08:23:38.405,2024-04-15 08:23:38.795,T,4.584469,-74.088044,2,3,False,2,EV1,-1,27.0,0,1,6
E.1.0.0,45185,PB,Z374020,A617,No Disponible,2024-04-15 08:24:21.715,2024-04-15 08:24:21.915,T,4.586303,-74.086750,2,3,False,2,EV1,-1,27.0,2,0,8
E.1.0.0,45197,PB,Z374020,A617,No Disponible,2024-04-15 08:26:08.065,2024-04-15 08:26:08.405,T,4.589147,-74.084875,2,3,False,2,EV1,-1,27.0,1,0,9
E.1.0.0,45240,PB,Z374020,A617,No Disponible,2024-04-15 08:34:47.676,2024-04-15 08:34:47.936,T,4.592208,-74.076347,2,3,False,2,EV1,-1,27.0,1,1,9
E.1.0.0,45257,PB,Z374020,A617,No Disponible,2024-04-15 08:37:55.026,2024-04-15 08:37:55.636,T,4.593936,-74.074906,2,3,False,2,EV1,-1,27.0,3,0,12
E.1.0.0,45270,PB,Z374020,A617,No Disponible,2024-04-15 08:39:40.216,2024-04-15 08:39:40.826,T,4.591919,-74.071547,2,3,False,2,EV1,-1,27.0,1,0,13
E.1.0.0,45276,PB,Z374020,A617,No Disponible,2024-04-15 08:40:32.706,2024-04-15 08:40:32.756,T,4.593394,-74.069600,2,3,False,2,EV1,-1,27.0,0,1,12
E.1.0.0,45276,PB,Z374020,A617,No Disponible,2024-04-15 08:40:32.706,2024-04-15 08:40:51.836,T,4.593394,-74.069600,2,3,True,2,EV1,-1,27.0,0,1,12
E.1.0.0,45285,PB,Z374020,A617,No Disponible,2024-04-15 08:41:46.046,2024-04-15 08:41:46.466,T,4.595592,-74.067492,2,3,False,2,EV1,-1,27.0,0,2,10
E.1.0.0,45296,PB,Z374020,A617,No Disponible,2024-04-15 08:43:54.176,2024-04-15 08:43:54.286,T,4.601331,-74.060994,2,3,False,2,EV1,-1,26.0,0,3,7
E.1.0.0,45317,PB,Z374020,A617,No Disponible,2024-04-15 08:47:43.116,2024-04-15 08:47:43.626,T,4.604978,-74.065944,2,3,False,2,EV1,-1,26.0,0,2,5
E.1.0.0,45343,PB,Z374020,A617,No Disponible,2024-04-15 08:52:14.436,2024-04-15 08:52:14.506,T,4.604817,-74.070892,2,3,False,2,EV1,-1,26.0,0,1,4
E.1.0.0,45357,PB,Z374020,A617,No Disponible,2024-04-15 08:54:39.585,2024-04-15 08:54:39.635,T,4.607631,-74.072461,2,3,False,2,EV1,-1,26.0,0,1,3
E.1.0.0,45382,PB,Z374020,A617,No Disponible,2024-04-15 08:59:34.376,2024-04-15 08:59:34.916,T,4.609444,-74.073117,2,3,False,2,EV1,-1,27.0,1,0,4
E.1.0.0,45398,PB,Z374020,H617,No Disponible,2024-04-15 09:02:00.706,2024-04-15 09:02:00.966,T,4.607500,-74.074794,2,3,False,2,EV1,-1,27.0,2,0,6
E.1.0.0,45416,PB,Z374020,H617,No Disponible,2024-04-15 09:05:21.046,2024-04-15 09:05:21.086,T,4.605792,-74.072461,2,3,False,2,EV1,-1,27.0,2,0,8
E.1.0.0,45428,PB,Z374020,H617,No Disponible,2024-04-15 09:07:33.476,2024-04-15 09:07:33.656,T,4.604150,-74.069903,2,3,False,2,EV1,-1,28.0,1,0,9
E.1.0.0,45445,PB,Z374020,H617,No Disponible,2024-04-15 09:10:27.436,2024-04-15 09:10:27.656,T,4.603536,-74.066883,2,3,False,2,EV1,-1,28.0,2,0,11
E.1.0.0,45458,PB,Z374020,H617,No Disponible,2024-04-15 09:12:44.486,2024-04-15 09:12:44.646,T,4.602900,-74.061583,2,3,False,2,EV1,-1,28.0,0,0,11
E.1.0.0,45474,PB,Z374020,H617,No Disponible,2024-04-15 09:15:44.206,2024-04-15 09:15:44.236,T,4.598117,-74.064872,2,3,False,2,EV1,-1,28.0,5,0,16
E.1.0.0,45490,PB,Z374020,H617,No Disponible,2024-04-15 09:18:04.856,2024-04-15 09:18:05.396,T,4.592256,-74.070258,2,3,False,2,EV1,-1,28.0,3,3,16
E.1.0.0,45505,PB,Z374020,H617,No Disponible,2024-04-15 09:20:43.446,2024-04-15 09:20:43.496,T,4.592411,-74.075033,2,3,False,2,EV1,-1,27.0,3,1,18
E.1.0.0,45529,PB,Z374020,H617,No Disponible,2024-04-15 09:25:06.246,2024-04-15 09:25:06.276,T,4.593944,-74.080792,2,3,False,2,EV1,-1,28.0,0,2,16
E.1.0.0,45548,PB,Z374020,H617,No Disponible,2024-04-15 09:28:48.426,2024-04-15 09:28:48.686,T,4.588669,-74.085433,2,3,False,2,EV1,-1,28.0,4,0,20
E.1.0.0,45561,PB,Z374020,H617,No Disponible,2024-04-15 09:30:47.326,2024-04-15 09:30:47.426,T,4.585631,-74.087467,2,3,False,2,EV1,-1,28.0,4,1,23
E.1.0.0,45573,PB,Z374020,H617,No Disponible,2024-04-15 09:32:52.226,2024-04-15 09:32:52.246,T,4.583264,-74.091781,2,3,False,2,EV1,-1,28.0,2,1,24
E.1.0.0,45583,PB,Z374020,H617,No Disponible,2024-04-15 09:34:01.054,2024-04-15 09:34:01.326,T,4.585169,-74.093972,2,3,False,2,EV1,-1,28.0,1,1,24
E.1.0.0,45597,PB,Z374020,H617,No Disponible,2024-04-15 09:36:30.826,2024-04-15 09:36:30.996,T,4.587108,-74.096744,2,3,False,2,EV1,-1,29.0,0,2,22
E.1.0.0,45606,PB,Z374020,H617,No Disponible,2024-04-15 09:37:59.266,2024-04-15 09:37:59.516,T,4.586653,-74.099469,2,3,False,2,EV1,-1,29.0,1,1,22
E.1.0.0,45623,PB,Z374020,H617,No Disponible,2024-04-15 09:40:53.864,2024-04-15 09:40:54.125,T,4.583650,-74.103683,2,3,False,2,EV1,-1,29.0,2,6,18
E.1.0.0,45635,PB,Z374020,H617,No Disponible,2024-04-15 09:42:55.125,2024-04-15 09:42:55.174,T,4.584078,-74.104728,2,3,False,2,EV1,-1,28.0,6,2,22
E.1.0.0,45643,PB,Z374020,H617,No Disponible,2024-04-15 09:43:40.326,2024-04-15 09:43:40.366,T,4.585544,-74.105928,2,3,False,2,EV1,-1,28.0,1,0,23
E.1.0.0,45677,PB,Z374020,H617,No Disponible,2024-04-15 09:50:27.056,2024-04-15 09:50:27.376,T,4.590036,-74.124411,2,3,False,2,EV1,-1,29.0,1,5,19
E.1.0.0,45694,PB,Z374020,H617,No Disponible,2024-04-15 09:53:33.046,2024-04-15 09:53:33.216,T,4.593825,-74.130603,2,3,False,2,EV1,-1,29.0,0,0,19
E.1.0.0,45720,PB,Z374020,H617,No Disponible,2024-04-15 09:58:39.126,2024-04-15 09:58:46.166,T,4.593250,-74.137489,2,3,True,2,EV1,-1,29.0,3,0,22
E.1.0.0,45733,PB,Z374020,H617,No Disponible,2024-04-15 10:00:35.776,2024-04-15 10:00:35.826,T,4.590758,-74.138614,2,3,False,2,EV1,-1,29.0,0,1,21
E.1.0.0,45744,PB,Z374020,H617,No Disponible,2024-04-15 10:02:08.086,2024-04-15 10:02:08.486,T,4.590533,-74.143108,2,3,False,2,EV1,-1,29.0,0,2,19
E.1.0.0,45749,PB,Z374020,H617,No Disponible,2024-04-15 10:02:44.636,2024-04-15 10:02:44.696,T,4.590919,-74.144892,2,3,False,2,EV1,-1,29.0,0,1,18
E.1.0.0,45777,PB,Z374020,H617,No Disponible,2024-04-15 10:08:15.076,2024-04-15 10:08:15.556,T,4.588278,-74.154136,2,3,False,2,EV1,-1,29.0,1,1,18
E.1.0.0,45783,PB,Z374020,H617,No Disponible,2024-04-15 10:08:58.356,2024-04-15 10:08:58.536,T,4.587608,-74.156011,2,3,False,2,EV1,-1,29.0,0,1,17
E.1.0.0,45795,PB,Z374020,H617,No Disponible,2024-04-15 10:10:50.565,2024-04-15 10:10:50.815,T,4.590567,-74.157486,2,3,False,2,EV1,-1,29.0,0,3,14
E.1.0.0,45844,PB,Z374020,H617,No Disponible,2024-04-15 10:20:15.226,2024-04-15 10:20:16.226,T,4.588286,-74.165422,2,3,False,2,EV1,-1,30.0,0,2,12
E.1.0.0,45868,PB,Z374020,H617,No Disponible,2024-04-15 10:24:17.686,2024-04-15 10:24:18.106,T,4.588911,-74.167264,2,3,False,2,EV1,-1,30.0,0,2,10
E.1.0.0,45884,PB,Z374020,H617,No Disponible,2024-04-15 10:27:10.076,2024-04-15 10:27:10.156,T,4.590661,-74.172775,2,3,False,2,EV1,-1,30.0,0,1,9
E.1.0.0,45892,PB,Z374020,H617,No Disponible,2024-04-15 10:28:14.716,2024-04-15 10:28:14.966,T,4.591889,-74.173161,2,3,False,2,EV1,-1,30.0,0,1,8
E.1.0.0,45899,PB,Z374020,H617,No Disponible,2024-04-15 10:29:04.306,2024-04-15 10:29:04.376,T,4.592158,-74.175311,2,3,False,2,EV1,-1,30.0,0,1,7
E.1.0.0,46101,PB,Z374020,A617,No Disponible,2024-04-15 11:15:05.219,2024-04-15 11:15:05.442,T,4.592436,-74.180206,2,3,False,2,EV1,-1,33.0,-1,-1,-1
E.1.0.0,46111,PB,Z374020,A617,No Disponible,2024-04-15 11:16:54.704,2024-04-15 11:49:36.841,T,4.594778,-74.176242,2,3,True,2,EV1,-1,34.0,1,0,1
E.1.0.0,46127,PB,Z374020,A617,No Disponible,2024-04-15 11:19:25.754,2024-04-15 11:49:42.054,T,4.591861,-74.173328,2,3,True,2,EV1,-1,35.0,1,0,2
E.1.0.0,46304,PB,Z374020,A617,No Disponible,2024-04-15 11:49:44.542,2024-04-15 11:49:44.886,T,4.591011,-74.140536,2,3,False,2,EV1,-1,36.0,0,1,31
E.1.0.0,46148,PB,Z374020,A617,No Disponible,2024-04-15 11:23:01.525,2024-04-15 11:49:47.166,T,4.588794,-74.167361,2,3,True,2,EV1,-1,35.0,0,2,0
E.1.0.0,46161,PB,Z374020,A617,No Disponible,2024-04-15 11:25:23.776,2024-04-15 11:49:49.946,T,4.587428,-74.166322,2,3,True,2,EV1,-1,35.0,4,0,4
E.1.0.0,46177,PB,Z374020,A617,No Disponible,2024-04-15 11:28:03.356,2024-04-15 11:49:53.320,T,4.589281,-74.161975,2,3,True,2,EV1,-1,35.0,1,0,5
E.1.0.0,46216,PB,Z374020,A617,No Disponible,2024-04-15 11:35:46.436,2024-04-15 11:49:59.986,T,4.590011,-74.157508,2,3,True,2,EV1,-1,35.0,4,1,8
E.1.0.0,46232,PB,Z374020,A617,No Disponible,2024-04-15 11:38:28.406,2024-04-15 11:50:03.906,T,4.587725,-74.155128,2,3,True,2,EV1,-1,35.0,5,0,13
E.1.0.0,46241,PB,Z374020,A617,No Disponible,2024-04-15 11:39:41.706,2024-04-15 11:50:06.806,T,4.588669,-74.153600,2,3,True,2,EV1,-1,35.0,4,0,17
E.1.0.0,46257,PB,Z374020,A617,No Disponible,2024-04-15 11:42:22.589,2024-04-15 11:50:10.276,T,4.588392,-74.148908,2,3,True,2,EV1,-1,36.0,1,0,18
E.1.0.0,46271,PB,Z374020,A617,No Disponible,2024-04-15 11:44:52.149,2024-04-15 11:50:14.196,T,4.589758,-74.145694,2,3,True,2,EV1,-1,35.0,8,0,26
E.1.0.0,46287,PB,Z374020,A617,No Disponible,2024-04-15 11:47:27.676,2024-04-15 11:50:17.601,T,4.588581,-74.143614,2,3,True,2,EV1,-1,35.0,2,0,28
E.1.0.0,46298,PB,Z374020,A617,No Disponible,2024-04-15 11:49:04.656,2024-04-15 11:50:20.466,T,4.591100,-74.141894,2,3,True,2,EV1,-1,36.0,4,0,32
E.1.0.0,46316,PB,Z374020,A617,No Disponible,2024-04-15 11:51:36.386,2024-04-15 11:51:36.556,T,4.590875,-74.138553,2,3,False,2,EV1,-1,35.0,0,9,22
E.1.0.0,46336,PB,Z374020,A617,No Disponible,2024-04-15 11:55:02.406,2024-04-15 11:55:02.506,T,4.594078,-74.134069,2,3,False,2,EV1,-1,35.0,4,1,25
E.1.0.0,46344,PB,Z374020,A617,No Disponible,2024-04-15 11:56:19.536,2024-04-15 11:56:20.006,T,4.592628,-74.128250,2,3,False,2,EV1,-1,35.0,0,1,24
E.1.0.0,46353,PB,Z374020,A617,No Disponible,2024-04-15 11:57:24.046,2024-04-15 11:57:24.176,T,4.590847,-74.125861,2,3,False,2,EV1,-1,35.0,0,1,23
E.1.0.0,46360,PB,Z374020,A617,No Disponible,2024-04-15 11:58:19.076,2024-04-15 11:58:19.566,T,4.590089,-74.124917,2,3,False,2,EV1,-1,35.0,5,1,27
E.1.0.0,46370,PB,Z374020,A617,No Disponible,2024-04-15 11:59:43.786,2024-04-15 11:59:43.996,T,4.589097,-74.119683,2,3,False,2,EV1,-1,35.0,4,0,31
E.1.0.0,46380,PB,Z374020,A617,No Disponible,2024-04-15 12:01:12.563,2024-04-15 12:01:12.743,T,4.588383,-74.115825,2,3,False,2,EV1,-1,35.0,3,0,34
E.1.0.0,46393,PB,Z374020,A617,No Disponible,2024-04-15 12:03:06.603,2024-04-15 12:03:07.003,T,4.588644,-74.112300,2,3,False,2,EV1,-1,35.0,0,3,31
E.1.0.0,46408,PB,Z374020,A617,No Disponible,2024-04-15 12:05:50.361,2024-04-15 12:05:50.371,T,4.588531,-74.108494,2,3,False,2,EV1,-1,35.0,5,1,35
E.1.0.0,46419,PB,Z374020,A617,No Disponible,2024-04-15 12:07:22.032,2024-04-15 12:07:22.301,T,4.585228,-74.105903,2,3,False,2,EV1,-1,35.0,0,9,26
E.1.0.0,46443,PB,Z374020,A617,No Disponible,2024-04-15 12:11:31.656,2024-04-15 12:11:31.676,T,4.584517,-74.103928,2,3,False,2,EV1,-1,35.0,0,6,20
E.1.0.0,46457,PB,Z374020,A617,No Disponible,2024-04-15 12:13:40.246,2024-04-15 12:13:40.396,T,4.584678,-74.101447,2,3,False,2,EV1,-1,36.0,1,3,18
E.1.0.0,46468,PB,Z374020,A617,No Disponible,2024-04-15 12:15:27.206,2024-04-15 12:15:27.466,T,4.585236,-74.100853,2,3,False,2,EV1,-1,35.0,1,3,16
E.1.0.0,46476,PB,Z374020,A617,No Disponible,2024-04-15 12:16:32.616,2024-04-15 12:16:32.836,T,4.585639,-74.100461,2,3,False,2,EV1,-1,35.0,1,0,17
E.1.0.0,46489,PB,Z374020,A617,No Disponible,2024-04-15 12:18:39.766,2024-04-15 12:18:39.908,T,4.586600,-74.099275,2,3,False,2,EV1,-1,35.0,4,1,20
E.1.0.0,46517,PB,Z374020,A617,No Disponible,2024-04-15 12:23:46.696,2024-04-15 12:23:46.806,T,4.586133,-74.095183,2,3,False,2,EV1,-1,35.0,2,3,19
E.1.0.0,46535,PB,Z374020,A617,No Disponible,2024-04-15 12:26:57.236,2024-04-15 12:26:57.586,T,4.583525,-74.092286,2,3,False,2,EV1,-1,35.0,0,1,18
E.1.0.0,46541,PB,Z374020,A617,No Disponible,2024-04-15 12:27:36.646,2024-04-15 12:27:36.866,T,4.582333,-74.090378,2,3,False,2,EV1,-1,35.0,0,0,18
E.1.0.0,46555,PB,Z374020,A617,No Disponible,2024-04-15 12:29:49.026,2024-04-15 12:29:49.236,T,4.584561,-74.088003,2,3,False,2,EV1,-1,35.0,0,1,17
E.1.0.0,46561,PB,Z374020,A617,No Disponible,2024-04-15 12:30:24.256,2024-04-15 12:30:24.666,T,4.586250,-74.086775,2,3,False,2,EV1,-1,35.0,1,0,18
E.1.0.0,46568,PB,Z374020,A617,No Disponible,2024-04-15 12:31:16.296,2024-04-15 12:31:16.396,T,4.588986,-74.084975,2,3,False,2,EV1,-1,35.0,1,2,17
E.1.0.0,46607,PB,Z374020,A617,No Disponible,2024-04-15 12:38:06.596,2024-04-15 12:38:06.745,T,4.590192,-74.077997,2,3,False,2,EV1,-1,35.0,0,1,16
E.1.0.0,46617,PB,Z374020,A617,No Disponible,2024-04-15 12:39:42.705,2024-04-15 12:39:44.045,T,4.592664,-74.076153,2,3,False,2,EV1,-1,35.0,0,0,16
E.1.0.0,46632,PB,Z374020,A617,No Disponible,2024-04-15 12:41:50.036,2024-04-15 12:41:50.216,T,4.593953,-74.074911,2,3,False,2,EV1,-1,35.0,1,3,14
E.1.0.0,46643,PB,Z374020,A617,No Disponible,2024-04-15 12:43:37.406,2024-04-15 12:43:37.565,T,4.591958,-74.071681,2,3,False,2,EV1,-1,35.0,1,0,15
E.1.0.0,46651,PB,Z374020,A617,No Disponible,2024-04-15 12:44:39.966,2024-04-15 12:44:40.086,T,4.592858,-74.069856,2,3,False,2,EV1,-1,35.0,3,3,15
E.1.0.0,46660,PB,Z374020,A617,No Disponible,2024-04-15 12:45:51.216,2024-04-15 12:45:51.406,T,4.596058,-74.067875,2,3,False,2,EV1,-1,35.0,0,1,14
E.1.0.0,46670,PB,Z374020,A617,No Disponible,2024-04-15 12:47:11.116,2024-04-15 13:21:30.981,T,4.599947,-74.065211,2,3,True,2,EV1,-1,35.0,1,1,14
E.1.0.0,46679,PB,Z374020,A617,No Disponible,2024-04-15 12:48:36.516,2024-04-15 13:21:35.051,T,4.601336,-74.061128,2,3,True,2,EV1,-1,35.0,1,0,15
E.1.0.0,46693,PB,Z374020,A617,No Disponible,2024-04-15 12:50:53.676,2024-04-15 13:21:39.428,T,4.604281,-74.065158,2,3,True,2,EV1,-1,35.0,0,1,14
E.1.0.0,46699,PB,Z374020,A617,No Disponible,2024-04-15 12:51:36.216,2024-04-15 13:21:41.531,T,4.604894,-74.065928,2,3,True,2,EV1,-1,35.0,0,3,11
E.1.0.0,46711,PB,Z374020,A617,No Disponible,2024-04-15 12:53:11.316,2024-04-15 13:21:45.894,T,4.604711,-74.067411,2,3,True,2,EV1,-1,35.0,0,4,7
E.1.0.0,46726,PB,Z374020,A617,No Disponible,2024-04-15 12:55:46.496,2024-04-15 13:21:49.969,T,4.606133,-74.072764,2,3,True,2,EV1,-1,35.0,0,1,6
E.1.0.0,46776,PB,Z374020,H617,No Disponible,2024-04-15 13:05:01.142,2024-04-15 13:21:59.389,T,4.607594,-74.074958,2,3,True,2,EV1,-1,36.0,2,0,8
E.1.0.0,46793,PB,Z374020,H617,No Disponible,2024-04-15 13:08:10.496,2024-04-15 13:22:03.751,T,4.605694,-74.072322,2,3,True,2,EV1,-1,35.0,1,0,9
E.1.0.0,46812,PB,Z374020,H617,No Disponible,2024-04-15 13:11:39.196,2024-04-15 13:22:08.901,T,4.604203,-74.069761,2,3,True,2,EV1,-1,35.0,6,1,14
E.1.0.0,46829,PB,Z374020,H617,No Disponible,2024-04-15 13:14:25.276,2024-04-15 13:22:12.321,T,4.603708,-74.067022,2,3,True,2,EV1,-1,35.0,3,0,17
E.1.0.0,46838,PB,Z374020,H617,No Disponible,2024-04-15 13:15:47.526,2024-04-15 13:22:15.881,T,4.603078,-74.064225,2,3,True,2,EV1,-1,35.0,1,0,18
E.1.0.0,46845,PB,Z374020,H617,No Disponible,2024-04-15 13:16:41.226,2024-04-15 13:22:17.701,T,4.602844,-74.061397,2,3,True,2,EV1,-1,35.0,0,0,18
E.1.0.0,46862,PB,Z374020,H617,No Disponible,2024-04-15 13:19:42.496,2024-04-15 13:22:21.732,T,4.597514,-74.064736,2,3,True,2,EV1,-1,34.0,3,1,20
E.1.0.0,46869,PB,Z374020,H617,No Disponible,2024-04-15 13:20:37.886,2024-04-15 13:22:24.421,T,4.595208,-74.067167,2,3,True,2,EV1,-1,34.0,1,1,20
E.1.0.0,46882,PB,Z374020,H617,No Disponible,2024-04-15 13:22:37.231,2024-04-15 13:22:37.731,T,4.592322,-74.070200,2,3,False,2,EV1,-1,34.0,8,1,27
E.1.0.0,46893,PB,Z374020,H617,No Disponible,2024-04-15 13:24:08.791,2024-04-15 13:24:08.881,T,4.592286,-74.075136,2,3,False,2,EV1,-1,34.0,1,0,28
E.1.0.0,46910,PB,Z374020,H617,No Disponible,2024-04-15 13:27:13.545,2024-04-15 13:27:13.694,T,4.591400,-74.080289,2,3,False,2,EV1,-1,34.0,0,1,27
E.1.0.0,46919,PB,Z374020,H617,No Disponible,2024-04-15 13:28:20.085,2024-04-15 13:28:20.505,T,4.593961,-74.080775,2,3,False,2,EV1,-1,34.0,0,1,26
E.1.0.0,46928,PB,Z374020,H617,No Disponible,2024-04-15 13:29:48.355,2024-04-15 13:29:48.625,T,4.591789,-74.083492,2,3,False,2,EV1,-1,34.0,1,0,27
E.1.0.0,46944,PB,Z374020,H617,No Disponible,2024-04-15 13:32:24.586,2024-04-15 13:32:24.996,T,4.589069,-74.085206,2,3,False,2,EV1,-1,34.0,3,0,30
E.1.0.0,46957,PB,Z374020,H617,No Disponible,2024-04-15 13:34:39.246,2024-04-15 13:34:39.266,T,4.585375,-74.087644,2,3,False,2,EV1,-1,34.0,3,1,32
E.1.0.0,46964,PB,Z374020,H617,No Disponible,2024-04-15 13:35:27.596,2024-04-15 13:35:27.666,T,4.583769,-74.088811,2,3,False,2,EV1,-1,34.0,1,1,32
E.1.0.0,46977,PB,Z374020,H617,No Disponible,2024-04-15 13:37:26.425,2024-04-15 13:37:26.565,T,4.584261,-74.092906,2,3,False,2,EV1,-1,35.0,2,1,33
E.1.0.0,46984,PB,Z374020,H617,No Disponible,2024-04-15 13:38:07.785,2024-04-15 13:38:07.855,T,4.585319,-74.094075,2,3,False,2,EV1,-1,35.0,0,1,32
E.1.0.0,47009,PB,Z374020,H617,No Disponible,2024-04-15 13:42:57.826,2024-04-15 13:42:58.066,T,4.586675,-74.099467,2,3,False,2,EV1,-1,35.0,1,2,31
E.1.0.0,47021,PB,Z374020,H617,No Disponible,2024-04-15 13:44:51.466,2024-04-15 13:44:51.576,T,4.585675,-74.101594,2,3,False,2,EV1,-1,35.0,6,1,36
E.1.0.0,47036,PB,Z374020,H617,No Disponible,2024-04-15 13:47:10.296,2024-04-15 13:47:10.446,T,4.583733,-74.103650,2,3,False,2,EV1,-1,35.0,1,2,35
E.1.0.0,47052,PB,Z374020,H617,No Disponible,2024-04-15 13:49:28.336,2024-04-15 13:49:28.706,T,4.584036,-74.104717,2,3,False,2,EV1,-1,35.0,7,0,42
E.1.0.0,47074,PB,Z374020,H617,No Disponible,2024-04-15 13:53:49.156,2024-04-15 13:53:49.676,T,4.588886,-74.111025,2,3,False,2,EV1,-1,36.0,2,0,44
E.1.0.0,47084,PB,Z374020,H617,No Disponible,2024-04-15 13:55:07.306,2024-04-15 13:55:07.706,T,4.588617,-74.114700,2,3,False,2,EV1,-1,36.0,2,1,45
E.1.0.0,47092,PB,Z374020,H617,No Disponible,2024-04-15 13:56:05.486,2024-04-15 13:56:05.866,T,4.588658,-74.117061,2,3,False,2,EV1,-1,36.0,0,5,40
E.1.0.0,47107,PB,Z374020,H617,No Disponible,2024-04-15 13:58:25.726,2024-04-15 13:58:25.786,T,4.590178,-74.124742,2,3,False,2,EV1,-1,36.0,5,4,41
E.1.0.0,47116,PB,Z374020,H617,No Disponible,2024-04-15 13:59:45.606,2024-04-15 13:59:47.206,T,4.593172,-74.126667,2,3,False,2,EV1,-1,36.0,0,1,40
E.1.0.0,47129,PB,Z374020,H617,No Disponible,2024-04-15 14:01:46.646,2024-04-15 14:01:47.206,T,4.593822,-74.130544,2,3,False,2,EV1,-1,35.0,4,0,44
E.1.0.0,47139,PB,Z374020,H617,No Disponible,2024-04-15 14:03:06.607,2024-04-15 14:03:06.797,T,4.594600,-74.134778,2,3,False,2,EV1,-1,35.0,6,2,48
E.1.0.0,47159,PB,Z374020,H617,No Disponible,2024-04-15 14:06:43.277,2024-04-15 14:06:43.517,T,4.594217,-74.134811,2,3,False,2,EV1,-1,35.0,10,3,55
E.1.0.0,47174,PB,Z374020,H617,No Disponible,2024-04-15 14:09:03.206,2024-04-15 14:09:03.746,T,4.593222,-74.137031,2,3,False,2,EV1,-1,35.0,0,3,52
E.1.0.0,47184,PB,Z374020,H617,No Disponible,2024-04-15 14:10:39.636,2024-04-15 14:10:39.646,T,4.592242,-74.138347,2,3,False,2,EV1,-1,35.0,4,3,53
E.1.0.0,47204,PB,Z374020,H617,No Disponible,2024-04-15 14:14:19.436,2024-04-15 14:14:19.576,T,4.590556,-74.143056,2,3,False,2,EV1,-1,35.0,5,3,55
E.1.0.0,47210,PB,Z374020,H617,No Disponible,2024-04-15 14:14:58.236,2024-04-15 14:14:58.256,T,4.590906,-74.144947,2,3,False,2,EV1,-1,35.0,0,1,54
E.1.0.0,47226,PB,Z374020,H617,No Disponible,2024-04-15 14:17:04.266,2024-04-15 14:17:04.706,T,4.590333,-74.145519,2,3,False,2,EV1,-1,35.0,4,2,56
E.1.0.0,47238,PB,Z374020,H617,No Disponible,2024-04-15 14:18:44.086,2024-04-15 14:18:44.186,T,4.589381,-74.146719,2,3,False,2,EV1,-1,35.0,2,5,53
E.1.0.0,47246,PB,Z374020,H617,No Disponible,2024-04-15 14:19:59.296,2024-04-15 14:19:59.516,T,4.588144,-74.149600,2,3,False,2,EV1,-1,35.0,2,5,50
E.1.0.0,47265,PB,Z374020,H617,No Disponible,2024-04-15 14:23:13.746,2024-04-15 14:23:13.806,T,4.589150,-74.153072,2,3,False,2,EV1,-1,35.0,0,2,48
E.1.0.0,47271,PB,Z374020,H617,No Disponible,2024-04-15 14:23:59.936,2024-04-15 14:24:00.636,T,4.588331,-74.154175,2,3,False,2,EV1,-1,35.0,1,2,47
E.1.0.0,47281,PB,Z374020,H617,No Disponible,2024-04-15 14:25:05.026,2024-04-15 14:25:10.706,T,4.587675,-74.155936,2,3,False,2,EV1,-1,35.0,0,4,43
E.1.0.0,47294,PB,Z374020,H617,No Disponible,2024-04-15 14:27:18.716,2024-04-15 14:27:18.936,T,4.588328,-74.157122,2,3,False,2,EV1,-1,35.0,0,2,41
E.1.0.0,47302,PB,Z374020,H617,No Disponible,2024-04-15 14:28:00.726,2024-04-15 14:28:01.186,T,4.590006,-74.157383,2,3,False,2,EV1,-1,35.0,0,0,41
E.1.0.0,47311,PB,Z374020,H617,No Disponible,2024-04-15 14:29:30.126,2024-04-15 14:29:30.576,T,4.591375,-74.160492,2,3,False,2,EV1,-1,35.0,0,3,38
E.1.0.0,47334,PB,Z374020,H617,No Disponible,2024-04-15 14:33:33.686,2024-04-15 14:33:33.866,T,4.589178,-74.162672,2,3,False,2,EV1,-1,35.0,1,2,37
E.1.0.0,47351,PB,Z374020,H617,No Disponible,2024-04-15 14:36:28.616,2024-04-15 14:36:28.886,T,4.588211,-74.165956,2,3,False,2,EV1,-1,35.0,2,1,38
E.1.0.0,47367,PB,Z374020,H617,No Disponible,2024-04-15 14:39:04.266,2024-04-15 14:39:04.666,T,4.589528,-74.167333,2,3,False,2,EV1,-1,35.0,0,2,36
E.1.0.0,47384,PB,Z374020,H617,No Disponible,2024-04-15 14:42:07.446,2024-04-15 14:42:07.606,T,4.589733,-74.171528,2,3,False,2,EV1,-1,35.0,1,3,34
E.1.0.0,47417,PB,Z374020,H617,No Disponible,2024-04-15 14:48:38.046,2024-04-15 14:48:38.236,T,4.594617,-74.177025,2,3,False,2,EV1,-1,35.0,0,4,30
E.1.0.0,47426,PB,Z374020,H617,No Disponible,2024-04-15 14:49:41.626,2024-04-15 14:49:41.816,T,4.593550,-74.178633,2,3,False,2,EV1,-1,34.0,0,0,30
E.1.0.0,47436,PB,Z374020,H617,No Disponible,2024-04-15 14:51:02.556,2024-04-15 14:51:02.806,T,4.592456,-74.180481,2,3,False,2,EV1,-1,34.0,0,5,25
E.1.0.0,47588,PB,Z374020,A617,No Disponible,2024-04-15 15:19:48.266,2024-04-15 15:19:48.796,T,4.594517,-74.178561,2,3,False,2,EV1,-1,32.0,1,0,1
E.1.0.0,47605,PB,Z374020,A617,No Disponible,2024-04-15 15:22:48.316,2024-04-15 15:22:48.636,T,4.592469,-74.175367,2,3,False,2,EV1,-1,32.0,1,0,2
E.1.0.0,47632,PB,Z374020,A617,No Disponible,2024-04-15 15:27:53.046,2024-04-15 15:27:53.246,T,4.587575,-74.165994,2,3,False,2,EV1,-1,32.0,1,0,3
E.1.0.0,47644,PB,Z374020,A617,No Disponible,2024-04-15 15:29:49.096,2024-04-15 15:29:49.786,T,4.589417,-74.161811,2,3,False,2,EV1,-1,32.0,0,1,2
E.1.0.0,47664,PB,Z374020,A617,No Disponible,2024-04-15 15:33:21.516,2024-04-15 15:33:21.526,T,4.587919,-74.158961,2,3,False,2,EV1,-1,32.0,2,0,4
E.1.0.0,47676,PB,Z374020,A617,No Disponible,2024-04-15 15:35:22.586,2024-04-15 15:35:22.826,T,4.587872,-74.157181,2,3,False,2,EV1,-1,32.0,1,0,5
E.1.0.0,47684,PB,Z374020,A617,No Disponible,2024-04-15 15:36:38.286,2024-04-15 15:36:38.506,T,4.587717,-74.155297,2,3,False,2,EV1,-1,32.0,1,0,6
E.1.0.0,47696,PB,Z374020,A617,No Disponible,2024-04-15 15:38:39.766,2024-04-15 15:38:40.706,T,4.588886,-74.153414,2,3,False,2,EV1,-1,32.0,1,1,6
E.1.0.0,47705,PB,Z374020,A617,No Disponible,2024-04-15 15:39:53.256,2024-04-15 15:39:53.726,T,4.589394,-74.152647,2,3,False,2,EV1,-1,32.0,3,0,9
E.1.0.0,47717,PB,Z374020,A617,No Disponible,2024-04-15 15:41:59.316,2024-04-15 15:41:59.536,T,4.588428,-74.148908,2,3,False,2,EV1,-1,32.0,2,0,11
E.1.0.0,47732,PB,Z374020,A617,No Disponible,2024-04-15 15:43:56.176,2024-04-15 15:43:56.386,T,4.589736,-74.145919,2,3,False,2,EV1,-1,32.0,5,0,16
E.1.0.0,47760,PB,Z374020,A617,No Disponible,2024-04-15 15:49:00.516,2024-04-15 15:49:01.116,T,4.590883,-74.142019,2,3,False,2,EV1,-1,32.0,2,0,18
E.1.0.0,47766,PB,Z374020,A617,No Disponible,2024-04-15 15:49:52.816,2024-04-15 15:49:53.086,T,4.591108,-74.140650,2,3,False,2,EV1,-1,32.0,0,1,17
E.1.0.0,47777,PB,Z374020,A617,No Disponible,2024-04-15 15:51:31.156,2024-04-15 15:51:31.236,T,4.591186,-74.138497,2,3,False,2,EV1,-1,31.0,0,2,15
E.1.0.0,47799,PB,Z374020,A617,No Disponible,2024-04-15 15:55:39.066,2024-04-15 15:55:39.186,T,4.594208,-74.134775,2,3,False,2,EV1,-1,31.0,0,3,12
E.1.0.0,47810,PB,Z374020,A617,No Disponible,2024-04-15 15:57:16.686,2024-04-15 15:57:16.896,T,4.592714,-74.128475,2,3,False,2,EV1,-1,31.0,1,2,11
E.1.0.0,47820,PB,Z374020,A617,No Disponible,2024-04-15 15:58:55.316,2024-04-15 15:58:55.576,T,4.589861,-74.124583,2,3,False,2,EV1,-1,30.0,3,2,12
E.1.0.0,47834,PB,Z374020,A617,No Disponible,2024-04-15 16:01:02.376,2024-04-15 16:01:03.256,T,4.588378,-74.116069,2,3,False,2,EV1,-1,30.0,2,1,13
E.1.0.0,47851,PB,Z374020,A617,No Disponible,2024-04-15 16:04:15.145,2024-04-15 16:04:15.156,T,4.586992,-74.107325,2,3,False,2,EV1,-1,30.0,0,0,13
E.1.0.0,47859,PB,Z374020,A617,No Disponible,2024-04-15 16:05:06.256,2024-04-15 16:05:06.795,T,4.584886,-74.105561,2,3,False,2,EV1,-1,30.0,0,0,13
E.1.0.0,47881,PB,Z374020,A617,No Disponible,2024-04-15 16:09:00.526,2024-04-15 16:09:00.656,T,4.584567,-74.103625,2,3,False,2,EV1,-1,29.0,0,1,12
E.1.0.0,47897,PB,Z374020,A617,No Disponible,2024-04-15 16:11:51.176,2024-04-15 16:11:51.596,T,4.584517,-74.101686,2,3,False,2,EV1,-1,29.0,1,1,12
E.1.0.0,47905,PB,Z374020,A617,No Disponible,2024-04-15 16:12:41.836,2024-04-15 16:12:41.986,T,4.585339,-74.100861,2,3,False,2,EV1,-1,28.0,1,1,12
E.1.0.0,47926,PB,Z374020,A617,No Disponible,2024-04-15 16:16:28.426,2024-04-15 16:16:29.036,T,4.586642,-74.099458,2,3,False,2,EV1,-1,28.0,1,0,13
E.1.0.0,47930,PB,Z374020,A617,No Disponible,2024-04-15 16:16:49.626,2024-04-15 16:16:49.676,T,4.586642,-74.099458,2,3,False,2,EV1,-1,28.0,1,0,14
E.1.0.0,47964,PB,Z374020,A617,No Disponible,2024-04-15 16:23:19.176,2024-04-15 16:23:19.656,T,4.586103,-74.095156,2,3,False,2,EV1,-1,28.0,2,0,16
E.1.0.0,47982,PB,Z374020,A617,No Disponible,2024-04-15 16:26:25.146,2024-04-15 16:26:25.266,T,4.584525,-74.093433,2,3,False,2,EV1,-1,28.0,2,0,18
E.1.0.0,48002,PB,Z374020,A617,No Disponible,2024-04-15 16:30:14.656,2024-04-15 16:30:14.756,T,4.584503,-74.088069,2,3,False,2,EV1,-1,28.0,1,2,17
E.1.0.0,48007,PB,Z374020,A617,No Disponible,2024-04-15 16:30:52.406,2024-04-15 16:30:52.576,T,4.586281,-74.086819,2,3,False,2,EV1,-1,28.0,0,1,16
E.1.0.0,48037,PB,Z374020,A617,No Disponible,2024-04-15 16:36:34.026,2024-04-15 16:36:34.316,T,4.589700,-74.080194,2,3,False,2,EV1,-1,27.0,1,1,16
E.1.0.0,48071,PB,Z374020,A617,No Disponible,2024-04-15 16:42:58.376,2024-04-15 16:42:58.486,T,4.593978,-74.074947,2,3,False,2,EV1,-1,28.0,3,2,17
E.1.0.0,48082,PB,Z374020,A617,No Disponible,2024-04-15 16:44:38.536,2024-04-15 16:44:38.556,T,4.592069,-74.071908,2,3,False,2,EV1,-1,28.0,1,0,18
E.1.0.0,48098,PB,Z374020,A617,No Disponible,2024-04-15 16:46:46.026,2024-04-15 16:46:46.296,T,4.593336,-74.069644,2,3,False,2,EV1,-1,28.0,2,7,13
E.1.0.0,48098,PB,Z374020,A617,No Disponible,2024-04-15 16:46:46.026,2024-04-15 16:47:42.202,T,4.593336,-74.069644,2,3,True,2,EV1,-1,28.0,2,7,13
E.1.0.0,48108,PB,Z374020,A617,No Disponible,2024-04-15 16:48:00.676,2024-04-15 16:48:00.686,T,4.595597,-74.067550,2,3,False,2,EV1,-1,28.0,2,0,15
E.1.0.0,48125,PB,Z374020,A617,No Disponible,2024-04-15 16:51:25.446,2024-04-15 16:51:26.306,T,4.603161,-74.062064,2,3,False,2,EV1,-1,28.0,1,0,16
E.1.0.0,48137,PB,Z374020,A617,No Disponible,2024-04-15 16:53:28.326,2024-04-15 16:53:28.936,T,4.605056,-74.066292,2,3,False,2,EV1,-1,28.0,0,8,8
E.1.0.0,48159,PB,Z374020,A617,No Disponible,2024-04-15 16:57:01.105,2024-04-15 16:57:01.545,T,4.604922,-74.070928,2,3,False,2,EV1,-1,28.0,0,2,6
E.1.0.0,48172,PB,Z374020,A617,No Disponible,2024-04-15 16:59:07.215,2024-04-15 16:59:07.945,T,4.606281,-74.072944,2,3,False,2,EV1,-1,28.0,0,1,5
E.1.0.0,48226,PB,Z374020,H617,No Disponible,2024-04-15 17:09:46.726,2024-04-15 17:09:46.996,T,4.605875,-74.072636,2,3,False,2,EV1,-1,27.0,2,0,7
E.1.0.0,48248,PB,Z374020,H617,No Disponible,2024-04-15 17:13:40.766,2024-04-15 17:13:41.276,T,4.604061,-74.069800,2,3,False,2,EV1,-1,28.0,8,0,15
E.1.0.0,48276,PB,Z374020,H617,No Disponible,2024-04-15 17:18:32.756,2024-04-15 17:18:32.896,T,4.603694,-74.067081,2,3,False,2,EV1,-1,27.0,9,0,24
E.1.0.0,48307,PB,Z374020,H617,No Disponible,2024-04-15 17:24:37.136,2024-04-15 17:24:37.326,T,4.597967,-74.064817,2,3,False,2,EV1,-1,27.0,5,1,28
E.1.0.0,48318,PB,Z374020,H617,No Disponible,2024-04-15 17:26:01.074,2024-04-15 17:26:01.596,T,4.595467,-74.067086,2,3,False,2,EV1,-1,27.0,2,0,30
E.1.0.0,48330,PB,Z374020,H617,No Disponible,2024-04-15 17:28:09.536,2024-04-15 17:28:09.786,T,4.592739,-74.070019,2,3,False,2,EV1,-1,27.0,2,3,29
E.1.0.0,48344,PB,Z374020,H617,No Disponible,2024-04-15 17:30:01.516,2024-04-15 17:30:02.026,T,4.592919,-74.072411,2,3,False,2,EV1,-1,27.0,0,2,27
E.1.0.0,48344,PB,Z374020,H617,No Disponible,2024-04-15 17:30:01.516,2024-04-15 17:30:33.536,T,4.592919,-74.072411,2,3,True,2,EV1,-1,27.0,0,2,27
E.1.0.0,48358,PB,Z374020,H617,No Disponible,2024-04-15 17:32:06.286,2024-04-15 17:32:06.566,T,4.592167,-74.075247,2,3,False,2,EV1,-1,27.0,7,1,33
E.1.0.0,48371,PB,Z374020,H617,No Disponible,2024-04-15 17:34:10.056,2024-04-15 17:34:10.386,T,4.590339,-74.078350,2,3,False,2,EV1,-1,27.0,1,0,34
E.1.0.0,48381,PB,Z374020,H617,No Disponible,2024-04-15 17:35:59.286,2024-04-15 17:35:59.496,T,4.591331,-74.080217,2,3,False,2,EV1,-1,27.0,1,0,35
E.1.0.0,48406,PB,Z374020,H617,No Disponible,2024-04-15 17:40:24.646,2024-04-15 17:40:25.136,T,4.588586,-74.085561,2,3,False,2,EV1,-1,27.0,0,1,34
E.1.0.0,48418,PB,Z374020,H617,No Disponible,2024-04-15 17:42:26.546,2024-04-15 17:42:27.196,T,4.585281,-74.087742,2,3,False,2,EV1,-1,27.0,5,4,35
E.1.0.0,48430,PB,Z374020,H617,No Disponible,2024-04-15 17:44:18.116,2024-04-15 17:44:18.996,T,4.584258,-74.092936,2,3,False,2,EV1,-1,27.0,1,1,35
E.1.0.0,48436,PB,Z374020,H617,No Disponible,2024-04-15 17:44:56.276,2024-04-15 17:44:56.616,T,4.585294,-74.094086,2,3,False,2,EV1,-1,26.0,0,2,33
E.1.0.0,48456,PB,Z374020,H617,No Disponible,2024-04-15 17:48:11.736,2024-04-15 17:48:11.996,T,4.587128,-74.096828,2,3,False,2,EV1,-1,26.0,3,0,36
E.1.0.0,48476,PB,Z374020,H617,No Disponible,2024-04-15 17:51:59.446,2024-04-15 17:51:59.556,T,4.586619,-74.099378,2,3,False,2,EV1,-1,27.0,5,0,41
E.1.0.0,48490,PB,Z374020,H617,No Disponible,2024-04-15 17:54:01.076,2024-04-15 17:54:01.776,T,4.585617,-74.101583,2,3,False,2,EV1,-1,27.0,6,0,47
E.1.0.0,48501,PB,Z374020,H617,No Disponible,2024-04-15 17:55:47.846,2024-04-15 17:55:48.206,T,4.583686,-74.103700,2,3,False,2,EV1,-1,27.0,1,1,47
E.1.0.0,48521,PB,Z374020,H617,No Disponible,2024-04-15 17:59:02.336,2024-04-15 17:59:02.866,T,4.583778,-74.104517,2,3,False,2,EV1,-1,26.0,1,1,47
E.1.0.0,48530,PB,Z374020,H617,No Disponible,2024-04-15 18:00:21.546,2024-04-15 18:00:22.086,T,4.585381,-74.105772,2,3,False,2,EV1,-1,26.0,3,0,50
E.1.0.0,48538,PB,Z374020,H617,No Disponible,2024-04-15 18:01:39.806,2024-04-15 18:01:40.256,T,4.587322,-74.107314,2,3,False,2,EV1,-1,26.0,1,1,50
E.1.0.0,48545,PB,Z374020,H617,No Disponible,2024-04-15 18:02:11.306,2024-04-15 18:02:11.516,T,4.587700,-74.107647,2,3,False,2,EV1,-1,26.0,3,0,53
E.1.0.0,48575,PB,Z374020,H617,No Disponible,2024-04-15 18:07:28.786,2024-04-15 18:07:29.056,T,4.588678,-74.113953,2,3,False,2,EV1,-1,27.0,1,0,54
E.1.0.0,48586,PB,Z374020,H617,No Disponible,2024-04-15 18:09:07.576,2024-04-15 18:09:07.766,T,4.588711,-74.117386,2,3,False,2,EV1,-1,27.0,1,2,53
E.1.0.0,48602,PB,Z374020,H617,No Disponible,2024-04-15 18:12:09.566,2024-04-15 18:12:09.636,T,4.590228,-74.124806,2,3,False,2,EV1,-1,27.0,4,3,54
E.1.0.0,48611,PB,Z374020,H617,No Disponible,2024-04-15 18:13:32.546,2024-04-15 18:13:32.596,T,4.593103,-74.126703,2,3,False,2,EV1,-1,26.0,0,2,52
E.1.0.0,48622,PB,Z374020,H617,No Disponible,2024-04-15 18:15:19.906,2024-04-15 18:15:20.006,T,4.593806,-74.130625,2,3,False,2,EV1,-1,26.0,1,5,48
E.1.0.0,48631,PB,Z374020,H617,No Disponible,2024-04-15 18:16:29.286,2024-04-15 18:16:29.526,T,4.594586,-74.134750,2,3,False,2,EV1,-1,26.0,2,1,49
E.1.0.0,48649,PB,Z374020,H617,No Disponible,2024-04-15 18:19:20.506,2024-04-15 18:19:22.466,T,4.594178,-74.134828,2,3,False,2,EV1,-1,26.0,0,2,47
E.1.0.0,48652,PB,Z374020,H617,No Disponible,2024-04-15 18:19:38.656,2024-04-15 18:19:38.696,T,4.594178,-74.134828,2,3,False,2,EV1,-1,26.0,0,3,44
E.1.0.0,48664,PB,Z374020,H617,No Disponible,2024-04-15 18:21:33.366,2024-04-15 18:21:34.296,T,4.593186,-74.137019,2,3,False,2,EV1,-1,26.0,1,2,43
E.1.0.0,48685,PB,Z374020,H617,No Disponible,2024-04-15 18:25:11.606,2024-04-15 18:25:11.806,T,4.591944,-74.138378,2,3,False,2,EV1,-1,26.0,8,3,48
E.1.0.0,48694,PB,Z374020,H617,No Disponible,2024-04-15 18:26:19.246,2024-04-15 18:26:19.376,T,4.591014,-74.138581,2,3,False,2,EV1,-1,26.0,3,0,51
E.1.0.0,48713,PB,Z374020,H617,No Disponible,2024-04-15 18:29:50.226,2024-04-15 18:29:50.426,T,4.590567,-74.143308,2,3,False,2,EV1,-1,26.0,10,3,58
E.1.0.0,48723,PB,Z374020,H617,No Disponible,2024-04-15 18:31:01.146,2024-04-15 18:31:01.766,T,4.590183,-74.145567,2,3,False,2,EV1,-1,26.0,1,1,58
E.1.0.0,48731,PB,Z374020,H617,No Disponible,2024-04-15 18:32:16.606,2024-04-15 18:32:16.906,T,4.589292,-74.146842,2,3,False,2,EV1,-1,26.0,2,0,60
E.1.0.0,48739,PB,Z374020,H617,No Disponible,2024-04-15 18:33:19.896,2024-04-15 18:33:19.936,T,4.588200,-74.149397,2,3,False,2,EV1,-1,26.0,0,2,58
E.1.0.0,48758,PB,Z374020,H617,No Disponible,2024-04-15 18:36:38.326,2024-04-15 18:36:38.526,T,4.589325,-74.152858,2,3,False,2,EV1,-1,26.0,0,6,52
E.1.0.0,48767,PB,Z374020,H617,No Disponible,2024-04-15 18:37:41.126,2024-04-15 18:37:41.176,T,4.588603,-74.153839,2,3,False,2,EV1,-1,26.0,2,0,54
E.1.0.0,48777,PB,Z374020,H617,No Disponible,2024-04-15 18:39:08.066,2024-04-15 18:39:08.236,T,4.587606,-74.156008,2,3,False,2,EV1,-1,26.0,0,4,50
E.1.0.0,48791,PB,Z374020,H617,No Disponible,2024-04-15 18:41:29.496,2024-04-15 18:41:29.706,T,4.588447,-74.157164,2,3,False,2,EV1,-1,26.0,0,5,45
E.1.0.0,48799,PB,Z374020,H617,No Disponible,2024-04-15 18:42:22.246,2024-04-15 18:42:22.685,T,4.589881,-74.157411,2,3,False,2,EV1,-1,26.0,0,4,41
E.1.0.0,48808,PB,Z374020,H617,No Disponible,2024-04-15 18:43:57.066,2024-04-15 18:43:57.416,T,4.591342,-74.160444,2,3,False,2,EV1,-1,26.0,0,3,38
E.1.0.0,48830,PB,Z374020,H617,No Disponible,2024-04-15 18:47:48.896,2024-04-15 18:47:49.116,T,4.588972,-74.163183,2,3,False,2,EV1,-1,25.0,2,3,37
E.1.0.0,48847,PB,Z374020,H617,No Disponible,2024-04-15 18:50:41.566,2024-04-15 18:50:41.966,T,4.588378,-74.165275,2,3,False,2,EV1,-1,25.0,1,3,35
E.1.0.0,48881,PB,Z374020,H617,No Disponible,2024-04-15 18:57:02.306,2024-04-15 18:57:02.536,T,4.589686,-74.172172,2,3,False,2,EV1,-1,25.0,0,4,31
E.1.0.0,48889,PB,Z374020,H617,No Disponible,2024-04-15 18:58:10.016,2024-04-15 18:58:10.096,T,4.590539,-74.172872,2,3,False,2,EV1,-1,25.0,0,8,23
E.1.0.0,48899,PB,Z374020,H617,No Disponible,2024-04-15 18:59:49.126,2024-04-15 18:59:49.356,T,4.591906,-74.173594,2,3,False,2,EV1,-1,25.0,2,5,20
E.1.0.0,48909,PB,Z374020,H617,No Disponible,2024-04-15 19:01:04.296,2024-04-15 19:01:04.546,T,4.592436,-74.175419,2,3,False,2,EV1,-1,25.0,0,0,20
E.1.0.0,48926,PB,Z374020,H617,No Disponible,2024-04-15 19:04:17.416,2024-04-15 19:04:17.976,T,4.593614,-74.178603,2,3,False,2,EV1,-1,25.0,0,0,20
E.1.0.0,48935,PB,Z374020,H617,No Disponible,2024-04-15 19:05:34.296,2024-04-15 19:05:34.416,T,4.592417,-74.180225,2,3,False,2,EV1,-1,25.0,0,4,16
E.1.0.0,48968,PB,Z374020,H617,No Disponible,2024-04-15 19:11:13.116,2024-04-15 19:11:13.726,T,4.592744,-74.180861,2,3,False,2,EV1,-1,25.0,-1,-1,-1
E.1.0.0,49416,PB,Z374020,EM,No Disponible,2024-04-15 20:59:32.032,2024-04-15 20:59:32.072,T,4.592586,-74.181844,2,3,False,2,EV1,-1,22.0,-1,-1,-1
E.1.0.0,49722,PB,Z374020,EM,No Disponible,2024-04-15 22:14:36.286,2024-04-15 22:14:36.526,T,4.592586,-74.181844,2,3,False,2,EV1,-1,19.0,-1,-1,-1
