Bus,Fecha,Recorrido,ID,Sexo,HoraInicio,HoraFin,AcelePorcen1,AcelePorcen2,FrePorcen1,FrePorcen2,HorarioRuta,KilometrosRuta,NombreRuta,Fre_km,Acc_km,Curvas
4012,f_03_07_2024,1,370848,M,2024-07-03 04:47:00.354,2024-07-03 06:15:00.026,0.300995024875622,0.0572139303482587,0.413223140495868,0.0743801652892562,P,21.640000000014,A617,16.7744916820594,18.5767097966608,1.10796515709422
4012,f_03_07_2024,2,370848,M,2024-07-03 06:16:00.026,2024-07-03 08:00:00.516,0.182628062360802,0.0356347438752784,0.300813008130081,0.0487804878048781,V,22.429999999993,H617,16.4511814534157,20.0178332590343,1.11309948476002
4012,f_03_07_2024,3,370576,M,2024-07-03 08:01:00.095,2024-07-03 09:45:00.348,0.273170731707317,0.0317073170731707,0.346041055718475,0.0439882697947214,V,21.2700000000041,A617,16.0319699106692,19.2759755524176,1.77137435006575
4012,f_03_07_2024,4,370576,M,2024-07-03 09:46:00.058,2024-07-03 11:45:00.043,0.23943661971831,0.0201207243460765,0.325925925925926,0.0469135802469136,V,22.7949999999983,H617,17.7670541785493,21.8030269796025,1.23113833452133
4012,f_03_07_2024,5,370758,H,2024-07-03 12:36:01.208,2024-07-03 14:13:00.036,0.232300884955752,0.0243362831858407,0.265060240963855,0.036144578313253,V,22.6800000000076,A601,18.2980599647205,19.9294532627799,1.20797035257238
4012,f_03_07_2024,6,370758,H,2024-07-03 14:14:00.036,2024-07-03 16:20:00.043,0.204592901878914,0.0167014613778706,0.194711538461538,0.0336538461538462,V,22.4349999999977,H601,18.5424559839556,21.3505683084488,1.20158717303675
4012,f_04_07_2024,1,370798,M,2024-07-04 03:58:00.026,2024-07-04 05:06:00.036,0.24,0.0257142857142857,0.301754385964912,0.056140350877193,F,21.5,A617,13.2558139534884,16.2790697674419,1.29490036010256
4012,f_04_07_2024,2,0,NA,2024-07-04 05:07:00.036,2024-07-04 07:14:00.646,0.255936675461741,0.0343007915567282,0.343558282208589,0.0766871165644172,P,22.375,H617,14.5698324022346,16.9385474860335,1.12309406639497
4012,f_04_07_2024,3,370815,M,2024-07-04 07:15:00.036,2024-07-04 08:55:06.633,0.285714285714286,0.0276497695852535,0.34453781512605,0.0448179271708683,V,21.5299999999988,A617,16.5815141662805,20.1579191825371,1.13383339756003
4012,f_04_07_2024,4,370815,M,2024-07-04 08:56:00.023,2024-07-04 10:55:00.398,0.315985130111524,0.0594795539033457,0.324324324324324,0.0366795366795367,V,22.9950000000099,H617,22.5266362252567,23.3963905196681,1.30039858617289
4012,f_04_07_2024,5,370864,M,2024-07-04 10:56:00.033,2024-07-04 12:50:00.036,0.338164251207729,0.0853462157809984,0.298555377207063,0.0449438202247191,V,21.2099999999919,A617,29.3729372937407,29.2786421499405,1.08234239677683
4012,f_04_07_2024,6,370864,M,2024-07-04 12:51:00.046,2024-07-04 14:52:00.285,0.250355618776671,0.0526315789473684,0.244985673352436,0.0257879656160458,V,22.6999999999971,H617,30.748898678418,30.9691629955987,1.15599180820416
4012,f_04_07_2024,7,370669,M,2024-07-04 14:53:00.149,2024-07-04 16:36:00.024,0.302536231884058,0.0434782608695652,0.30327868852459,0.040983606557377,V,21.3399999999965,A617,22.8678537956926,25.8669165885703,1.21164540842026
4012,f_04_07_2024,8,370669,M,2024-07-04 16:37:00.024,2024-07-04 18:52:00.364,0.291873963515755,0.0630182421227197,0.309688581314879,0.0328719723183391,V,22.6949999999924,H617,25.468164794016,26.5697290152104,1.13984136731705
4012,f_04_07_2024,9,370213,H,2024-07-04 18:53:00.627,2024-07-04 20:25:00.016,0.27437641723356,0.036281179138322,0.360526315789474,0.0710526315789474,V,22.1450000000041,A617,17.1596297132504,19.9142018514301,2.31333913862673
4012,f_10_07_2024,1,370532,M,2024-07-10 04:56:01.490,2024-07-10 06:46:00.406,0.62085308056872,0.113744075829384,0.647642679900744,0.198511166253102,P,21.5849999999919,A617,18.6703729441812,19.5506138522196,2.44659437011624
4012,f_10_07_2024,2,370532,M,2024-07-10 06:47:00.034,2024-07-10 08:20:00.461,0.54932735426009,0.125560538116592,0.673809523809524,0.245238095238095,V,22.5200000000041,H617,18.6500888099433,19.8046181172255,1.6914076949639
4012,f_10_07_2024,3,370628,M,2024-07-10 08:21:00.026,2024-07-10 10:39:00.386,0.487266553480475,0.0882852292020374,0.560271646859083,0.151103565365025,V,21.3449999999866,A617,27.5942843757493,27.5942843757493,1.03743228738082
4012,f_10_07_2024,4,370628,M,2024-07-10 10:40:00.036,2024-07-10 12:44:00.066,0.529780564263323,0.142633228840125,0.582781456953642,0.190397350993377,V,22.6450000000041,H617,26.6725546478203,28.1739898432274,1.3451741688223
4012,f_10_07_2024,5,370304,H,2024-07-10 12:45:01.114,2024-07-10 14:24:00.046,0.608349900596421,0.149105367793241,0.655935613682093,0.251509054325956,V,21.2900000000081,A617,23.344293095341,23.6261155471962,1.92676913187735
4012,f_10_07_2024,6,370304,H,2024-07-10 14:25:00.026,2024-07-10 16:41:00.035,0.526845637583893,0.12751677852349,0.631313131313131,0.185185185185185,V,23.0099999999948,H617,25.8148631030046,25.9017818339911,1.47201384925055
4012,f_10_07_2024,7,370717,H,2024-07-10 16:42:00.145,2024-07-10 18:20:00.377,0.534545454545455,0.132727272727273,0.613430127041742,0.20508166969147,P,21.5350000000035,A617,25.5862549338245,25.5398188994618,1.04466522626761
4012,f_10_07_2024,8,370717,H,2024-07-10 18:21:00.461,2024-07-10 20:31:00.105,0.606170598911071,0.17059891107078,0.684021543985637,0.244165170556553,V,22.375,H617,24.8938547486034,24.6256983240223,1.17478997005868
4012,f_10_07_2024,9,370661,M,2024-07-10 20:32:00.044,2024-07-10 21:42:00.206,0.635678391959799,0.148241206030151,0.725888324873096,0.246192893401015,V,21.3500000000058,A617,18.4543325526882,18.6416861826647,1.28940636733579
4012,f_10_07_2024,10,370661,M,2024-07-10 21:43:00.046,2024-07-10 22:57:00.546,0.63758389261745,0.149888143176734,0.681222707423581,0.237991266375546,F,22.1900000000023,H617,20.6399278954462,20.1442091031975,1.36216276311241
4012,f_11_07_2024,1,370571,M,2024-07-11 05:32:00.026,2024-07-11 07:19:00.036,0.572668112798265,0.13882863340564,0.641083521444695,0.207674943566591,P,21.4149999999936,A617,20.6864347420095,21.5269670791566,1.21636808728263
4012,f_11_07_2024,2,370571,M,2024-07-11 07:20:00.046,2024-07-11 09:29:00.398,0.630071599045346,0.138424821002387,0.632420091324201,0.189497716894977,V,22.8400000000111,H617,19.1768826619872,18.3450087565585,1.67438625550717
4012,f_11_07_2024,3,370588,M,2024-07-11 09:30:00.961,2024-07-11 11:10:00.046,0.552683896620278,0.127236580516899,0.62970297029703,0.215841584158416,V,21.1900000000023,A617,23.8319962246316,23.7376120811678,1.62671575112198
4012,f_11_07_2024,4,370588,M,2024-07-11 11:11:00.036,2024-07-11 13:19:00.373,0.531456953642384,0.135761589403974,0.608264462809917,0.191735537190083,V,22.9000000000087,H617,26.4192139737891,26.3755458515183,1.52216773734085
4012,f_11_07_2024,5,370472,H,2024-07-11 13:20:01.748,2024-07-11 15:18:00.026,0.556506849315068,0.116438356164384,0.637478108581436,0.178633975481611,V,21.2849999999889,A617,26.8264035706036,27.4371623208975,1.03177896446832
4012,f_11_07_2024,6,370817,M,2024-07-11 17:20:01.971,2024-07-11 18:59:00.306,0.625490196078431,0.168627450980392,0.658280922431866,0.211740041928721,V,22.7600000000093,A601,20.9578207381285,22.4077328646657,0.731008277213344
4012,f_11_07_2024,7,370817,M,2024-07-11 19:00:00.046,2024-07-11 20:40:00.526,0.538079470198676,0.140728476821192,0.611390284757119,0.194304857621441,V,21.9800000000105,H601,27.1610555049916,27.4795268425711,1.11102172099845
4012,f_11_07_2024,8,370632,M,2024-07-11 20:41:00.036,2024-07-11 22:02:00.036,0.610722610722611,0.165501165501166,0.694235588972431,0.260651629072682,V,20.8549999999959,A617,19.1321026132859,20.5706065691721,1.82965512092274
4012,f_11_07_2024,9,370632,M,2024-07-11 22:03:00.026,2024-07-11 23:03:00.026,0.694444444444444,0.203703703703704,0.741100323624595,0.288025889967638,F,22.4950000000099,H617,13.7363858635192,14.4032007112628,NaN
4012,f_12_07_2024,1,370609,M,2024-07-12 05:34:00.132,2024-07-12 07:14:00.206,0.411458333333333,0.0729166666666667,0.476683937823834,0.0751295336787565,P,21.2799999999988,A617,18.1390977443619,18.0451127819559,0.790730576168586
4012,f_12_07_2024,2,370609,M,2024-07-12 07:15:00.026,2024-07-12 09:15:00.726,0.474178403755869,0.0774647887323944,0.480093676814988,0.121779859484778,V,23.0349999999889,H617,18.5370088995097,18.4935967006818,1.30426465262353
4012,f_12_07_2024,3,370541,M,2024-07-12 09:16:00.363,2024-07-12 10:58:00.026,0.436018957345972,0.0781990521327014,0.462962962962963,0.104166666666667,V,21.2300000000105,A617,20.3485633537347,19.8775317946204,0.944322777278569
4012,f_12_07_2024,4,370541,M,2024-07-12 10:59:00.316,2024-07-12 13:02:00.256,0.439363817097416,0.0636182902584493,0.504098360655738,0.10655737704918,V,23.0399999999936,H617,21.1805555555614,21.8315972222283,1.5039635213698
4012,f_12_07_2024,5,370768,H,2024-07-12 13:03:00.226,2024-07-12 15:05:00.036,0.385214007782101,0.0369649805447471,0.438383838383838,0.094949494949495,V,21.4400000000023,A617,23.0876865671617,23.9738805970123,0.910069222547026
4012,f_12_07_2024,6,370768,H,2024-07-12 15:06:00.036,2024-07-12 17:05:00.031,0.398181818181818,0.0527272727272727,0.487455197132616,0.0967741935483871,V,23.0200000000041,H617,24.2397914856603,23.8922675933928,0.917661693124031
4012,f_12_07_2024,7,370749,M,2024-07-12 17:06:00.036,2024-07-12 19:08:00.036,0.371323529411765,0.0569852941176471,0.461977186311787,0.104562737642586,V,21.3300000000017,A617,24.6601031411138,25.5039849976538,0.687086661966555
4012,f_12_07_2024,8,370749,M,2024-07-12 19:09:00.036,2024-07-12 21:31:00.670,0.378640776699029,0.0621359223300971,0.454368932038835,0.0737864077669903,V,23.0099999999948,H617,22.381573229036,22.381573229036,0.740674596660103
4012,f_12_07_2024,9,370844,H,2024-07-12 21:32:00.454,2024-07-12 22:54:00.036,0.424802110817942,0.0870712401055409,0.513297872340426,0.11968085106383,F,20.429999999993,L613,18.4043073910978,18.5511502692183,0.721411799666584
4012,f_12_07_2024,10,370844,H,2024-07-12 22:55:00.056,2024-07-12 23:46:00.046,0.50965250965251,0.115830115830116,0.560975609756098,0.134146341463415,F,19.7350000000006,H613,12.4651634152517,13.1238915632122,1.07429956687262
4012,f_13_07_2024,1,370780,M,2024-07-13 05:31:00.026,2024-07-13 07:01:00.106,0.487951807228916,0.0903614457831325,0.588424437299035,0.144694533762058,P,21.6649999999936,A617,14.3549503808028,15.3242557119824,1.45677461582265
4012,f_13_07_2024,2,370780,M,2024-07-13 07:02:00.156,2024-07-13 08:57:00.304,0.496042216358839,0.0686015831134565,0.547752808988764,0.117977528089888,V,22.3600000000006,H617,15.9212880143109,16.9499105545613,1.26735972025473
4012,f_13_07_2024,3,370599,M,2024-07-13 08:58:00.524,2024-07-13 10:50:00.026,0.420289855072464,0.0703933747412008,0.472689075630252,0.109243697478992,V,21.2649999999994,A617,22.3841993886674,22.713378791442,1.59405936352097
4012,f_13_07_2024,4,370599,M,2024-07-13 10:51:00.836,2024-07-13 13:10:00.246,0.384615384615385,0.0618729096989967,0.472081218274112,0.115059221658206,V,22.7350000000006,H617,25.99516164504,26.3030569606327,1.23340606777137
4012,f_13_07_2024,5,370810,M,2024-07-13 13:11:00.490,2024-07-13 15:25:00.016,0.445920303605313,0.079696394686907,0.452471482889734,0.096958174904943,V,21.4049999999988,A617,24.5736977341756,24.6204157907044,0.988072913316822
4012,f_13_07_2024,6,370810,M,2024-07-13 15:26:00.046,2024-07-13 17:43:00.821,0.424682395644283,0.0653357531760436,0.477272727272727,0.0856643356643357,V,22.5899999999965,H617,25.3209384683527,24.3913235945146,0.96470847762474
4012,f_13_07_2024,7,0,NA,2024-07-13 21:21:00.166,2024-07-13 22:52:00.046,0.438235294117647,0.0823529411764706,0.558912386706949,0.114803625377644,F,21.2050000000017,A617,15.6095260551744,16.0339542560704,0.888224979405791
4012,f_13_07_2024,8,0,NA,2024-07-13 22:53:00.046,2024-07-13 23:59:00.036,0.503472222222222,0.09375,0.594405594405594,0.164335664335664,F,22.1349999999948,H617,12.9207138016746,13.0110684436444,1.95683786802787
4012,f_15_07_2024,1,370706,M,2024-07-15 04:14:00.420,2024-07-15 05:26:00.026,0.521929824561403,0.0745614035087719,0.6,0.148936170212766,F,21.4100000000035,A617,10.9761793554396,10.6492293320861,1.06243139059395
4012,f_15_07_2024,2,370706,M,2024-07-15 05:27:00.026,2024-07-15 07:01:00.639,0.516129032258065,0.0870967741935484,0.546666666666667,0.123333333333333,P,22.9850000000006,H617,13.05199042854,13.487056776158,1.88449518225797
4012,f_15_07_2024,3,370209,H,2024-07-15 07:02:00.430,2024-07-15 08:58:00.326,0.467914438502674,0.0695187165775401,0.478494623655914,0.0940860215053763,V,21.2050000000017,A617,17.5430323037005,17.6373496816774,1.17476088732412
4012,f_15_07_2024,4,370209,H,2024-07-15 08:59:00.606,2024-07-15 10:24:00.126,0.459948320413437,0.0671834625322997,0.536388140161725,0.115902964959569,V,22.5500000000029,H617,16.4523281596431,17.161862527714,1.32519087935765
4012,f_15_07_2024,5,370861,M,2024-07-15 14:54:00.026,2024-07-15 16:18:00.046,0.433802816901408,0.0929577464788732,0.48876404494382,0.0814606741573034,V,19.4499999999971,A618,18.3033419023164,18.2519280205683,1.14440951278262
4012,f_15_07_2024,6,370861,M,2024-07-15 16:19:00.456,2024-07-15 18:03:00.056,0.383620689655172,0.0452586206896552,0.472160356347439,0.0868596881959911,P,20.9899999999907,H618,21.3911386374559,22.1057646498431,1.1310567865044
4012,f_15_07_2024,7,370703,M,2024-07-15 18:15:00.080,2024-07-15 19:28:00.035,0.423780487804878,0.0884146341463415,0.468152866242038,0.114649681528662,V,19.3500000000058,A618,16.2273901808737,16.9509043927598,1.40505661912066
4012,f_15_07_2024,8,370703,M,2024-07-15 19:29:00.035,2024-07-15 20:44:00.056,0.401785714285714,0.068452380952381,0.507552870090634,0.117824773413897,V,21.2550000000047,H618,15.5728063984911,15.8080451658399,1.11753436191702
4012,f_16_07_2024,1,370168,H,2024-07-16 03:50:00.652,2024-07-16 04:59:00.046,0.442446043165468,0.0827338129496403,0.506622516556291,0.125827814569536,F,21.4700000000012,A617,14.0661387983225,12.9482999534227,1.33531669689171
4012,f_16_07_2024,2,370168,H,2024-07-16 05:00:00.206,2024-07-16 06:38:00.833,0.505050505050505,0.0808080808080808,0.555555555555556,0.131313131313131,P,22.6750000000029,H617,13.0981256890832,13.0981256890832,1.30460735940815
4012,f_16_07_2024,3,370168,H,2024-07-16 06:39:00.499,2024-07-16 08:25:00.046,0.444186046511628,0.0418604651162791,0.422018348623853,0.0871559633027523,V,21.2250000000058,A617,20.5418138986987,20.2591283863313,1.41814789852487
4012,f_16_07_2024,4,370168,H,2024-07-16 08:26:00.035,2024-07-16 10:33:00.304,0.452442159383033,0.089974293059126,0.483116883116883,0.14025974025974,V,22.75,H617,16.9230769230769,17.0989010989011,1.34150584008954
4012,f_16_07_2024,5,370347,H,2024-07-16 10:34:00.612,2024-07-16 12:16:00.226,0.474201474201474,0.0737100737100737,0.550913838120104,0.109660574412533,V,21.1900000000023,A617,18.0745634733345,19.2071731949011,1.24641213296244
4012,f_16_07_2024,6,370347,H,2024-07-16 12:17:00.056,2024-07-16 14:20:01.075,0.454736842105263,0.0778947368421053,0.493877551020408,0.104081632653061,V,23.195000000007,H617,21.1252425091551,20.4785514119361,1.25505745532219
4012,f_16_07_2024,7,370755,H,2024-07-16 14:21:00.340,2024-07-16 16:06:00.036,0.425675675675676,0.0518018018018018,0.494226327944573,0.108545034642032,V,22.8849999999948,A601,18.9206904085689,19.4013545990868,2.90348594928206
4012,f_16_07_2024,8,370755,H,2024-07-16 16:07:00.036,2024-07-16 18:32:00.423,0.428832116788321,0.0766423357664234,0.497227356746765,0.0868761552680222,V,22.0899999999965,H601,24.490719782711,24.8076052512488,0.945525059105021
4012,f_16_07_2024,9,370755,H,2024-07-16 18:33:00.684,2024-07-16 20:14:00.056,0.391826923076923,0.0745192307692308,0.538071065989848,0.106598984771574,V,20.3499999999913,L613,19.3611793611877,20.4422604422692,0.561991197747539
4012,f_16_07_2024,10,0,NA,2024-07-16 20:20:00.026,2024-07-16 22:41:00.674,0.430446194225722,0.078740157480315,0.531914893617021,0.111702127659574,V,20.5849999999919,H613,18.265727471467,18.5086227835876,0.809874733955851
4012,f_22_07_2024,1,370685,M,2024-07-22 06:01:00.045,2024-07-22 07:57:00.026,0.471854304635762,0.097682119205298,0.579931972789116,0.178571428571429,V,21.2400000000052,A617,27.6836158192022,28.4369114877519,0.798637015908952
4012,f_22_07_2024,2,370685,M,2024-07-22 07:58:00.056,2024-07-22 10:21:00.080,0.550561797752809,0.136704119850187,0.638623326959847,0.210325047801147,V,22.6000000000058,H617,23.141592920348,23.6283185840647,1.03694657669615
4012,f_22_07_2024,3,370125,M,2024-07-22 10:33:00.046,2024-07-22 12:02:00.046,0.615830115830116,0.183397683397683,0.675097276264591,0.21011673151751,V,22.7850000000035,A601,22.5587008997113,22.734254992316,0.832981974791153
4012,f_22_07_2024,4,370125,M,2024-07-22 12:03:00.701,2024-07-22 13:49:00.176,0.601709401709402,0.147008547008547,0.618307426597582,0.198618307426598,V,22.3199999999924,H601,25.9408602150626,26.2096774193637,1.22718751406514
4012,f_22_07_2024,5,370565,M,2024-07-22 13:50:00.036,2024-07-22 15:55:00.026,0.55304347826087,0.163478260869565,0.662608695652174,0.224347826086957,V,22.9250000000029,A601,25.0817884405639,25.0817884405639,1.00833064122111
4012,f_22_07_2024,6,370565,M,2024-07-22 15:56:00.046,2024-07-22 18:10:00.056,0.561103810775296,0.107752956636005,0.588235294117647,0.181942544459644,V,22.0800000000017,H601,33.1068840579684,34.4655797101422,1.80009651617284
4012,f_22_07_2024,7,370794,M,2024-07-22 18:11:00.026,2024-07-22 19:58:00.046,0.55421686746988,0.108433734939759,0.621716287215412,0.178633975481611,V,20.4750000000058,L613,27.88766788766,28.3760683760603,0.591373008261576
4012,f_22_07_2024,8,370794,M,2024-07-22 19:59:00.056,2024-07-22 21:40:00.036,0.577154308617234,0.186372745490982,0.633858267716535,0.216535433070866,V,19.8949999999895,H613,25.5340537823708,25.0816788137855,1.06240594685663
4012,f_24_07_2024,1,370798,M,2024-07-24 03:53:00.307,2024-07-24 05:05:00.026,0.515555555555556,0.106666666666667,0.559808612440191,0.124401913875598,F,21.4750000000058,A617,9.73224679860039,10.4772991850961,1.45456369471798
4012,f_24_07_2024,2,370798,M,2024-07-24 05:06:00.686,2024-07-24 06:34:00.303,0.538961038961039,0.116883116883117,0.580128205128205,0.118589743589744,P,22.5400000000081,H617,13.8420585625505,13.664596273287,1.48747454211091
4012,f_24_07_2024,3,370798,M,2024-07-24 06:35:00.032,2024-07-24 08:32:00.156,0.474654377880184,0.0645161290322581,0.490909090909091,0.102272727272727,V,21.1300000000047,A617,20.8234737340229,20.5395172740135,1.00789493720813
4012,f_24_07_2024,4,370798,M,2024-07-24 08:33:00.246,2024-07-24 09:56:00.056,0.472067039106145,0.103351955307263,0.527377521613833,0.129682997118156,V,22.4599999999919,H617,15.4496883348231,15.9394479073967,1.53913220340093
4012,f_24_07_2024,5,370730,H,2024-07-24 10:37:00.602,2024-07-24 12:22:00.026,0.462121212121212,0.0782828282828283,0.508433734939759,0.091566265060241,V,21.3549999999959,A617,19.4333879653514,18.5436665886245,2.59957562874389
4012,f_24_07_2024,6,370730,H,2024-07-24 12:23:00.016,2024-07-24 14:08:00.396,0.438356164383562,0.0844748858447489,0.510344827586207,0.0942528735632184,V,22.5650000000023,H617,19.2776423664948,19.4105916241948,1.20884278223506
4012,f_24_07_2024,7,370644,M,2024-07-24 14:24:00.030,2024-07-24 16:05:00.551,0.518703241895262,0.0748129675810474,0.538659793814433,0.13659793814433,V,21.2250000000058,A617,18.2803297997594,18.8928150765555,1.14130096579116
4012,f_24_07_2024,8,370644,M,2024-07-24 16:06:00.066,2024-07-24 18:16:00.156,0.418994413407821,0.0577281191806331,0.489090909090909,0.112727272727273,V,22.9500000000116,H617,23.9651416121883,23.3986928104456,0.825436266460222
4012,f_24_07_2024,9,370644,M,2024-07-24 18:17:00.605,2024-07-24 20:06:00.046,0.491935483870968,0.0967741935483871,0.543956043956044,0.123626373626374,V,20.7149999999965,A617,17.5718078686971,17.958001448229,1.17799570934544
4012,f_24_07_2024,10,0,NA,2024-07-24 20:07:00.046,2024-07-24 23:11:00.034,0.506361323155216,0.0916030534351145,0.604534005037783,0.128463476070529,V,23.1900000000023,H617,17.1194480379457,16.9469598965054,1.41013869165242
4012,f_25_07_2024,1,370292,M,2024-07-25 05:06:00.036,2024-07-25 06:45:00.036,0.547244094488189,0.125984251968504,0.655172413793103,0.210953346855984,P,21.5650000000023,A617,22.8611175515858,23.5566890795245,2.35199425091789
4012,f_25_07_2024,2,370292,M,2024-07-25 06:46:00.046,2024-07-25 08:29:00.146,0.539888682745826,0.11873840445269,0.613508442776735,0.163227016885553,V,22.8849999999948,H617,23.2903648678227,23.5525453353779,1.47845240661666
4012,f_25_07_2024,3,370134,M,2024-07-25 08:30:00.793,2024-07-25 10:15:00.046,0.581108829568789,0.13347022587269,0.574688796680498,0.161825726141079,V,21.1550000000134,A617,22.7842117702527,23.0205625147574,1.75894083534118
4012,f_25_07_2024,4,370134,M,2024-07-25 10:16:00.056,2024-07-25 12:12:00.272,0.542857142857143,0.0982142857142857,0.633699633699634,0.177655677655678,V,23.1500000000087,H617,23.5853131749371,24.1900647948073,1.29979445901652
4012,f_25_07_2024,5,0,NA,2024-07-25 12:13:00.519,2024-07-25 14:14:00.594,0.543918918918919,0.106418918918919,0.645051194539249,0.213310580204778,V,21.3150000000023,A617,27.4923762608462,27.7738681679538,1.98265124009793
4012,f_25_07_2024,6,0,NA,2024-07-25 14:15:00.280,2024-07-25 16:20:00.184,0.575709779179811,0.137223974763407,0.663934426229508,0.214754098360656,V,23.0349999999889,H617,26.4814412850138,27.5233340568832,1.43844760117306
4012,f_25_07_2024,7,370206,H,2024-07-25 16:21:00.034,2024-07-25 17:57:00.036,0.536448598130841,0.14018691588785,0.661448140900196,0.223091976516634,P,21.070000000007,A617,24.2524916943441,25.3915519696166,1.0816843608257
4012,f_25_07_2024,8,370206,H,2024-07-25 17:58:00.026,2024-07-25 19:50:00.296,0.535836177474403,0.141638225255973,0.57948717948718,0.164102564102564,V,22.5800000000017,H617,25.9078830823718,25.9521700619998,1.24019716887317
4012,f_26_07_2024,1,370604,M,2024-07-26 03:46:00.590,2024-07-26 04:50:00.046,0.535269709543568,0.0829875518672199,0.544354838709677,0.129032258064516,F,21.6549999999988,A617,11.4523204802592,11.1290694989616,1.02228978886326
4012,f_26_07_2024,2,370604,M,2024-07-26 04:51:00.026,2024-07-26 06:13:00.521,0.439628482972136,0.0897832817337461,0.524242424242424,0.118181818181818,P,21.7150000000111,H617,15.196868524054,14.8745107068771,1.53053886584266
4012,f_26_07_2024,3,370604,M,2024-07-26 06:14:00.361,2024-07-26 08:18:00.046,0.402922755741127,0.0605427974947808,0.466950959488273,0.104477611940299,V,21.3499999999913,A617,21.9672131147631,22.4355971897047,1.20394707824513
4012,f_26_07_2024,4,370604,M,2024-07-26 08:19:00.036,2024-07-26 10:08:00.302,0.408775981524249,0.092378752886836,0.458432304038005,0.0926365795724466,V,22.8549999999959,H617,18.4204769197145,18.9455261430793,1.17690979598156
4012,f_26_07_2024,5,370301,H,2024-07-26 10:09:00.498,2024-07-26 12:07:01.636,0.395445134575569,0.0538302277432712,0.468817204301075,0.0903225806451613,V,21.25,A617,21.8823529411765,22.7294117647059,0.76865748363505
4012,f_26_07_2024,6,370301,H,2024-07-26 12:08:00.026,2024-07-26 14:02:00.036,0.491954022988506,0.0620689655172414,0.512141280353201,0.11037527593819,V,22.9949999999953,H617,19.6999347684319,18.9171559034611,1.53638513438396
4012,f_26_07_2024,7,370768,H,2024-07-26 14:03:00.036,2024-07-26 16:10:00.026,0.429447852760736,0.0695296523517382,0.4625,0.1125,V,21.4100000000035,A617,22.4194301728128,22.839794488553,0.681997043669565
4012,f_26_07_2024,8,370768,H,2024-07-26 16:11:00.046,2024-07-26 19:00:02.490,0.393617021276596,0.0656028368794326,0.457875457875458,0.0989010989010989,V,22.6150000000052,H617,24.1432677426431,24.9391996462467,1.00558884365088
4012,f_26_07_2024,9,370133,M,2024-07-26 19:01:00.654,2024-07-26 20:33:00.048,0.461152882205514,0.0852130325814536,0.539240506329114,0.129113924050633,V,21.7250000000058,A617,18.1818181818133,18.3659378596038,2.64271554921972
4012,f_26_07_2024,10,370133,M,2024-07-26 20:34:00.036,2024-07-26 21:54:01.095,0.410112359550562,0.0758426966292135,0.525373134328358,0.128358208955224,V,22.5350000000035,H617,14.8657643665386,15.7976481029485,1.0957473546135
4012,f_29_07_2024,1,370817,M,2024-07-29 03:40:00.237,2024-07-29 05:04:00.024,0.385113268608414,0.0550161812297735,0.565972222222222,0.125,F,21.2949999999983,A617,13.5243014792216,14.5104484620815,1.57554942115427
4012,f_29_07_2024,2,370817,M,2024-07-29 05:05:00.034,2024-07-29 06:34:00.256,0.488165680473373,0.0769230769230769,0.572700296735905,0.136498516320475,P,22.9650000000111,H617,14.6745046810293,14.7180492053053,1.53765816631902
4012,f_29_07_2024,3,370817,M,2024-07-29 06:35:00.035,2024-07-29 08:34:00.036,0.451327433628319,0.0597345132743363,0.5,0.12987012987013,V,21.3950000000041,A617,21.5938303341861,21.1264314092037,1.61139440400833
4012,f_29_07_2024,4,370817,M,2024-07-29 08:35:00.036,2024-07-29 10:30:01.299,0.47196261682243,0.0817757009345794,0.552941176470588,0.124705882352941,V,23.0200000000041,H617,18.4622067767126,18.592528236313,1.77515765537953
4012,f_29_07_2024,5,0,NA,2024-07-29 10:31:00.549,2024-07-29 12:20:00.016,0.426303854875283,0.0589569160997732,0.479418886198547,0.0968523002421307,V,21.1750000000029,A617,19.5041322314023,20.8264462809889,0.632916721229871
4012,f_29_07_2024,6,0,NA,2024-07-29 12:21:00.046,2024-07-29 14:27:00.125,0.433962264150943,0.0683962264150943,0.533799533799534,0.0769230769230769,V,22.8099999999977,H617,18.8075405523912,18.588338448051,1.23586370404051
4012,f_29_07_2024,7,0,NA,2024-07-29 15:23:00.196,2024-07-29 16:52:00.046,0.469656992084433,0.0633245382585752,0.546174142480211,0.108179419525066,V,16.5649999999878,A617,22.8795653486435,22.8795653486435,0.604189603784619
4012,f_29_07_2024,8,0,NA,2024-07-29 16:53:00.016,2024-07-29 19:33:00.026,0.450530035335689,0.0759717314487632,0.524734982332155,0.120141342756184,V,22.8150000000023,H617,24.808240192853,24.808240192853,0.972519460048771
4012,f_29_07_2024,9,0,NA,2024-07-29 19:34:00.036,2024-07-29 20:55:00.086,0.466480446927374,0.100558659217877,0.615160349854227,0.151603498542274,V,21.1049999999959,A617,16.252072968494,16.9628050225098,1.27593461610369
4012,f_29_07_2024,10,0,NA,2024-07-29 20:56:00.786,2024-07-29 22:05:00.046,0.463636363636364,0.109090909090909,0.622699386503067,0.134969325153374,V,22.6899999999878,H617,14.3675628030047,14.543851917152,1.38771756620788
4020,f_15_04_2024,1,0,NA,2024-04-15 03:42:00.266,2024-04-15 04:49:00.015,0.286585365853659,0.0182926829268293,0.327464788732394,0.028169014084507,F,21.0950000000012,A617,13.4629059018717,15.5487082246969,1.34483440056084
4020,f_15_04_2024,2,0,NA,2024-04-15 04:50:00.025,2024-04-15 06:03:01.263,0.2,0.0338461538461538,0.278350515463918,0.0343642611683849,F,22.2200000000012,H617,13.0963096309624,14.6264626462639,1.0247647122767
4020,f_15_04_2024,3,0,NA,2024-04-15 06:04:00.326,2024-04-15 08:59:00.056,0.293233082706767,0.0394736842105263,0.310546875,0.044921875,V,21.4000000000087,A617,23.9252336448501,24.859813084102,1.15510594425977
4020,f_15_04_2024,4,0,NA,2024-04-15 09:00:00.346,2024-04-15 10:34:00.983,0.251716247139588,0.0205949656750572,0.293532338308458,0.0223880597014925,V,22.4400000000023,H617,17.9144385026719,19.4741532976807,1.36283253354444
4020,f_15_04_2024,5,0,NA,2024-04-15 10:35:00.024,2024-04-15 12:58:00.316,0.275488069414317,0.00867678958785249,0.28361858190709,0.0244498777506112,V,20.8150000000023,A617,19.649291376409,22.1474897910136,1.20368386584814
4020,f_15_04_2024,6,0,NA,2024-04-15 12:59:00.726,2024-04-15 14:54:00.341,0.283422459893048,0.0231729055258467,0.279022403258656,0.0305498981670061,V,22.820000000007,H617,21.5162138474956,24.5836985100714,1.27100410208787
4020,f_16_04_2024,1,0,NA,2024-04-16 11:21:00.276,2024-04-16 13:21:00.046,0.375,0.0797872340425532,0.376404494382022,0.0603932584269663,V,21.1900000000023,A617,33.600755073144,35.4884379424218,1.17355184469975
4020,f_16_04_2024,2,0,NA,2024-04-16 13:22:00.494,2024-04-16 15:26:00.584,0.337893296853625,0.0533515731874145,0.307065217391304,0.0407608695652174,V,22.6049999999959,H617,32.5591683255976,32.3379783233856,1.24267150848604
4020,f_16_04_2024,3,0,NA,2024-04-16 15:27:02.344,2024-04-16 17:16:00.046,0.413735343383585,0.0938023450586265,0.347967479674797,0.0634146341463415,V,21,A617,29.2857142857143,28.4285714285714,1.37134045505029
4020,f_17_04_2024,1,0,NA,2024-04-17 04:07:00.046,2024-04-17 05:22:00.036,0.203389830508475,0.019774011299435,0.204861111111111,0.0243055555555556,F,21.2550000000047,A617,13.5497529992913,16.6549047282956,1.57752804932129
4020,f_17_04_2024,2,0,NA,2024-04-17 05:23:00.025,2024-04-17 07:25:00.742,0.170483460559796,0.0381679389312977,0.176795580110497,0.0386740331491713,P,22.3650000000052,H617,16.1860049183955,17.572099262236,1.32297895154836
4020,f_17_04_2024,3,0,NA,2024-04-17 07:26:00.549,2024-04-17 09:36:00.036,0.161764705882353,0.0252100840336134,0.172169811320755,0.0212264150943396,V,20.8950000000041,A617,20.2919358698214,22.7805695142334,0.982047027638216
4020,f_17_04_2024,4,0,NA,2024-04-17 10:06:00.036,2024-04-17 11:34:02.954,0.13109756097561,0.0182926829268293,0.16140350877193,0.0175438596491228,V,16.3600000000006,H617,17.4205378973099,20.0488997555005,0.904808351897587
4020,f_17_04_2024,5,0,NA,2024-04-17 11:35:00.885,2024-04-17 13:32:00.366,0.196531791907514,0.0192678227360308,0.272076372315036,0.035799522673031,V,20.9549999999872,A617,19.9952278692558,24.7673586256415,0.891688066204259
4020,f_17_04_2024,6,0,NA,2024-04-17 13:34:00.346,2024-04-17 15:52:00.669,0.190751445086705,0.0192678227360308,0.2525,0.0275,V,22.8149999999878,H617,17.5323252246423,22.7481919789734,1.0026586086507
4020,f_17_04_2024,7,0,NA,2024-04-17 15:53:00.026,2024-04-17 17:41:00.046,0.233796296296296,0.0277777777777778,0.216666666666667,0.030952380952381,V,20.9950000000099,A617,20.0047630388093,20.576327697061,1.07789894248505
4020,f_17_04_2024,8,0,NA,2024-04-17 17:42:00.026,2024-04-17 19:40:00.046,0.240875912408759,0.0291970802919708,0.231499051233397,0.0265654648956357,V,22.304999999993,H617,23.6269894642531,24.5684824030563,1.0434467928702
4020,f_18_04_2024,1,0,NA,2024-04-18 03:54:00.024,2024-04-18 05:13:00.044,0.212765957446809,0.0364741641337386,0.183229813664596,0.0279503105590062,F,21.3549999999959,A617,15.0784359634775,15.40622804964,1.20946794920859
4020,f_18_04_2024,2,0,NA,2024-04-18 05:14:00.031,2024-04-18 07:25:00.686,0.221635883905013,0.0263852242744063,0.178666666666667,0.0266666666666667,P,22.4850000000006,H617,16.6777851901263,16.8556815654877,0.935259974200093
4020,f_18_04_2024,3,0,NA,2024-04-18 07:26:00.154,2024-04-18 09:18:00.128,0.200445434298441,0.0089086859688196,0.247978436657682,0.0134770889487871,V,21.195000000007,A617,17.504128332148,21.1842415664002,1.24907276402485
4020,f_18_04_2024,4,0,NA,2024-04-18 09:21:00.458,2024-04-18 11:20:00.954,0.167042889390519,0.0158013544018059,0.20159151193634,0.00795755968169761,V,22.2049999999872,H617,16.978158072516,19.9504616077575,1.35207354215057
4020,f_18_04_2024,5,0,NA,2024-04-18 11:21:00.690,2024-04-18 13:18:00.031,0.215725806451613,0.0201612903225806,0.310267857142857,0.0513392857142857,V,21.0400000000081,A617,21.292775665391,23.5741444866829,1.02664852343781
4020,f_18_04_2024,6,0,NA,2024-04-18 13:19:00.561,2024-04-18 15:19:00.026,0.197651663405088,0.0215264187866928,0.216216216216216,0.0135135135135135,V,22.8150000000023,H617,19.4608809993406,22.3975454744663,1.03355629709158
4020,f_18_04_2024,7,0,NA,2024-04-18 15:20:00.036,2024-04-18 17:35:00.037,0.125,0.00844594594594595,0.124248496993988,0.0200400801603206,V,21.2449999999953,A617,23.4878795010642,27.8653800894389,0.822592584060644
4020,f_18_04_2024,8,0,NA,2024-04-18 17:36:00.036,2024-04-18 19:40:00.043,0.0991869918699187,0.0178861788617886,0.0759493670886076,0.0108499095840868,V,22.3949999999895,H617,24.69301183301,27.4614869390617,0.73596291799667
4020,f_18_04_2024,9,0,NA,2024-04-18 19:41:00.043,2024-04-18 20:57:00.021,0.205128205128205,0.00854700854700855,0.189349112426035,0.029585798816568,V,20.8999999999942,A617,16.1722488038323,16.7942583732104,1.33852298598219
4020,f_19_04_2024,1,0,NA,2024-04-19 04:04:00.368,2024-04-19 05:42:02.801,0.198924731182796,0.0188172043010753,0.353535353535354,0.0235690235690236,F,21.1649999999936,A617,14.0326009922084,17.5761871013519,1.1030146525251
4020,f_19_04_2024,2,0,NA,2024-04-19 05:43:00.036,2024-04-19 07:15:00.036,0.144495412844037,0.00917431192660551,0.273846153846154,0.0153846153846154,P,22.1999999999971,H617,14.6396396396416,19.6396396396422,0.961709271207979
4020,f_19_04_2024,3,0,NA,2024-04-19 07:35:00.033,2024-04-19 09:38:00.056,0.210131332082552,0.0318949343339587,0.216049382716049,0.0185185185185185,V,21.2099999999919,A617,22.9137199434317,25.1296558227348,1.17459558161451
4020,f_19_04_2024,4,0,NA,2024-04-19 09:39:00.036,2024-04-19 11:31:00.036,0.136645962732919,0.010351966873706,0.1875,0.0138888888888889,V,22.6900000000023,H617,19.0392243278958,21.2869105332724,0.996074565688031
4020,f_19_04_2024,5,0,NA,2024-04-19 12:55:00.356,2024-04-19 14:49:00.016,0.191369606003752,0.026266416510319,0.194274028629857,0.0306748466257669,V,22.5249999999942,A601,21.7092119866871,23.6625971143235,0.771253894896154
4020,f_19_04_2024,6,0,NA,2024-04-19 14:50:00.036,2024-04-19 16:55:00.740,0.180633147113594,0.0204841713221601,0.1727078891258,0.0405117270788913,V,21.7699999999895,H601,21.543408360139,24.666972898496,0.749234018239152
4020,f_19_04_2024,7,0,NA,2024-04-19 16:56:00.441,2024-04-19 18:54:00.026,0.201244813278008,0.029045643153527,0.207547169811321,0.0188679245283019,P,21.1850000000122,A617,20.0141609629339,22.7519471323919,1.00053141679736
4020,f_19_04_2024,8,0,NA,2024-04-19 18:55:00.036,2024-04-19 20:41:00.206,0.223506743737958,0.0289017341040462,0.258064516129032,0.0301075268817204,V,22.4000000000087,H617,20.7589285714205,23.1696428571338,1.08688732886115
4020,f_22_04_2024,1,0,NA,2024-04-22 06:53:00.056,2024-04-22 08:38:00.036,0.14987714987715,0.0171990171990172,0.217054263565891,0.0232558139534884,V,21.1199999999953,K629,18.3238636363677,19.2708333333376,0.947051684656226
4020,f_22_04_2024,2,0,NA,2024-04-22 08:39:00.046,2024-04-22 09:54:00.056,0.135849056603774,0.0188679245283019,0.18,0.024,V,20.0249999999942,H629,12.48439450687,13.2334581772822,0.933267193703659
4020,f_22_04_2024,3,0,NA,2024-04-22 09:55:00.936,2024-04-22 11:11:00.346,0.233333333333333,0.0212121212121212,0.236486486486486,0.0439189189189189,V,21.0899999999965,K629,14.0350877193006,15.6472261735446,1.37322250212707
4020,f_22_04_2024,4,0,NA,2024-04-22 11:12:00.026,2024-04-22 12:56:00.036,0.19893899204244,0.013262599469496,0.203703703703704,0.0339506172839506,V,19.804999999993,H629,16.3595051754665,19.0355970714533,1.30089928070425
4020,f_22_04_2024,5,0,NA,2024-04-22 12:57:00.036,2024-04-22 14:40:00.036,0.194444444444444,0.0252525252525253,0.207650273224044,0.0382513661202186,V,20.9750000000058,K629,17.4493444576829,18.8796185935585,1.06422012241823
4020,f_22_04_2024,6,0,NA,2024-04-22 14:41:00.037,2024-04-22 17:20:00.036,0.172069825436409,0.00498753117206983,0.185915492957746,0.0197183098591549,V,20.0099999999948,H629,17.741129435287,20.0399800100002,1.11153602132422
4020,f_22_04_2024,7,0,NA,2024-04-22 17:21:00.676,2024-04-22 18:56:00.046,0.179723502304147,0.0184331797235023,0.158256880733945,0.0229357798165138,V,21.0350000000035,K629,20.7273591632958,20.6322795341064,NaN
4020,f_22_04_2024,8,0,NA,2024-04-22 18:57:00.056,2024-04-22 21:05:00.036,0.216535433070866,0.0275590551181102,0.166666666666667,0.0317460317460317,V,21.7649999999994,H629,23.1564438318407,23.3402251320934,1.19756486426481
4020,f_23_04_2024,1,0,NA,2024-04-23 04:58:00.036,2024-04-23 06:36:00.056,0.181564245810056,0.00837988826815642,0.190058479532164,0.0263157894736842,P,21.0800000000017,K629,16.2239089184047,16.9829222011371,1.51507317493652
4020,f_23_04_2024,2,0,NA,2024-04-23 06:37:00.056,2024-04-23 07:53:00.566,0.16015625,0.02734375,0.19047619047619,0.0216450216450216,V,19.8150000000023,H629,11.6578349735036,12.9195054251814,1.36166094798066
4020,f_23_04_2024,3,0,NA,2024-04-23 14:09:00.046,2024-04-23 15:31:00.015,0.216931216931217,0.0238095238095238,0.257142857142857,0.0285714285714286,V,21.1549999999988,K629,16.5445521153401,17.8681162845673,1.37966238624703
4020,f_23_04_2024,4,0,NA,2024-04-23 15:45:00.046,2024-04-23 18:34:00.026,0.179624664879357,0.0107238605898123,0.257142857142857,0.019047619047619,V,19.5200000000041,H629,16.1372950819638,19.1086065573731,1.42336304956015
4020,f_23_04_2024,5,0,NA,2024-04-23 18:35:00.016,2024-04-23 19:52:00.686,0.207492795389049,0.0172910662824208,0.257731958762887,0.0206185567010309,V,21.0299999999988,K629,13.8373751783175,16.5002377555882,1.15414310843181
4020,f_23_04_2024,6,0,NA,2024-04-23 19:53:00.026,2024-04-23 21:13:00.344,0.13905325443787,0.0207100591715976,0.268382352941176,0.0147058823529412,V,19.6649999999936,H629,13.8316806509071,17.1878972794361,1.04333986623925
4020,f_26_04_2024,1,0,NA,2024-04-26 05:06:00.945,2024-04-26 06:59:00.059,0.170172084130019,0.00764818355640535,0.168650793650794,0.0158730158730159,P,21.4900000000052,K629,23.452768729636,24.3369008841262,1.18916501792171
4020,f_26_04_2024,2,0,NA,2024-04-26 07:00:00.050,2024-04-26 08:18:00.026,0.224043715846995,0.0245901639344262,0.285223367697594,0.0343642611683849,V,19.8500000000058,H629,14.6599496221619,18.438287153647,1.18671682715553
4020,f_26_04_2024,3,0,NA,2024-04-26 14:34:00.483,2024-04-26 16:35:00.026,0.155606407322654,0.0160183066361556,0.165024630541872,0.0197044334975369,V,20.8399999999965,K629,19.4817658349361,20.9692898272588,0.983531818398107
4025,f_01_08_2024,1,0,NA,2024-08-01 05:21:00.036,2024-08-01 07:13:00.036,0.208566108007449,0.0242085661080074,0.234273318872017,0.0455531453362256,P,19.9650000000111,L613,23.0904082143624,26.8970698722616,0.693051365424433
4025,f_01_08_2024,2,0,NA,2024-08-01 07:14:00.026,2024-08-01 08:41:00.056,0.215384615384615,0.0153846153846154,0.239473684210526,0.0157894736842105,V,19.8300000000017,H613,19.1628845184048,22.9450327786162,0.87293822652384
4025,f_01_08_2024,3,0,NA,2024-08-01 08:42:00.016,2024-08-01 10:10:00.036,0.218468468468468,0.0292792792792793,0.246612466124661,0.018970189701897,V,19.9599999999919,L613,18.4869739479033,22.244488977965,0.714648050029407
4025,f_01_08_2024,4,0,NA,2024-08-01 10:11:00.046,2024-08-01 11:42:00.010,0.23162583518931,0.0200445434298441,0.217073170731707,0.0195121951219512,V,19.9000000000087,H613,20.6030150753678,22.5628140703419,0.890428376449796
4025,f_01_08_2024,5,0,NA,2024-08-01 15:26:00.662,2024-08-01 17:28:00.036,0.189473684210526,0.0294736842105263,0.129032258064516,0.032258064516129,V,22.5749999999971,A601,20.5980066445209,21.0409745293493,0.74921926715117
4025,f_01_08_2024,6,0,NA,2024-08-01 17:29:00.036,2024-08-01 19:50:00.016,0.120982986767486,0.0170132325141777,0.113733905579399,0.0150214592274678,V,21.5,H601,21.6744186046512,24.6046511627907,0.81557407485525
4025,f_02_08_2024,1,0,NA,2024-08-02 03:43:00.101,2024-08-02 05:05:00.806,0.137466307277628,0.0161725067385445,0.134328358208955,0.00597014925373134,F,19.9899999999907,L613,16.7583791896026,18.5592796398286,0.781703221059274
4025,f_02_08_2024,2,0,NA,2024-08-02 05:06:00.346,2024-08-02 06:59:00.757,0.267573696145125,0.0340136054421769,0.28498727735369,0.0661577608142494,P,19.9649999999965,H613,19.6844477836248,22.0886551465102,0.811035548293629
4025,f_02_08_2024,3,0,NA,2024-08-02 07:00:00.043,2024-08-02 08:24:00.026,0.137529137529138,0.00699300699300699,0.172701949860724,0.011142061281337,V,19.9100000000035,L613,18.0311401305845,21.5469613259631,0.674687822660056
4025,f_02_08_2024,4,0,NA,2024-08-02 08:25:00.036,2024-08-02 10:03:00.213,0.184275184275184,0.0122850122850123,0.16,0.0142857142857143,V,19.8899999999994,H613,17.5967823026652,20.4625439919564,0.995960978945383
4025,f_02_08_2024,5,0,NA,2024-08-02 10:04:00.568,2024-08-02 11:30:00.036,0.214780600461894,0.023094688221709,0.173366834170854,0.0150753768844221,V,19.9150000000081,L613,19.9849359778979,21.7424052221854,0.648303732064672
4025,f_02_08_2024,6,0,NA,2024-08-02 11:36:00.086,2024-08-02 14:08:00.429,0.136960600375235,0.0112570356472795,0.15296803652968,0.0114155251141553,V,18.6649999999936,H613,23.4663809268765,28.5561210822493,0.747313362230937
4025,f_02_08_2024,7,0,NA,2024-08-02 14:42:00.273,2024-08-02 16:28:00.046,0.235632183908046,0.0191570881226054,0.228571428571429,0.0122448979591837,V,19.8650000000052,L613,24.6664988673481,26.2773722627668,0.602875670936963
4025,f_03_07_2024,1,370073,M,2024-07-03 05:08:00.026,2024-07-03 06:34:00.026,0.182278481012658,0.0177215189873418,0.2,0.0285714285714286,P,17.2599999999948,K635,20.2780996523816,22.8852838934021,NaN
4025,f_03_07_2024,2,370073,M,2024-07-03 08:01:00.297,2024-07-03 09:30:00.036,0.147582697201018,0.00763358778625954,0.150684931506849,0.0164383561643836,V,16.8350000000064,K635,21.6810216810134,23.3442233442145,NaN
4025,f_03_07_2024,3,0,NA,2024-07-03 09:31:00.043,2024-07-03 13:00:00.056,0.140350877192982,0.0175438596491228,0.171974522292994,0.0191082802547771,V,18.9499999999971,H635,16.5699208443297,18.0474934036967,NaN
4025,f_03_07_2024,4,370729,H,2024-07-03 13:01:01.342,2024-07-03 15:02:00.536,0.250950570342205,0.0418250950570342,0.243137254901961,0.0431372549019608,V,17.4250000000029,K635,14.634146341461,15.0932568149186,NaN
4025,f_04_07_2024,1,370840,M,2024-07-04 03:50:01.013,2024-07-04 05:15:00.046,0.0824742268041237,0.0154639175257732,0.130555555555556,0.00833333333333333,F,19.9300000000076,L613,18.0632212744538,19.468138484689,0.717907013304926
4025,f_04_07_2024,2,370840,M,2024-07-04 05:16:00.036,2024-07-04 06:40:00.045,0.0963855421686747,0.0072289156626506,0.175141242937853,0.0112994350282486,P,20.1850000000122,H613,17.5377755759121,20.5598216497275,0.895159522198652
4025,f_04_07_2024,3,370840,M,2024-07-04 06:41:00.035,2024-07-04 08:36:00.046,0.111856823266219,0.00671140939597315,0.181818181818182,0.0252525252525253,V,19.9699999999866,L613,19.8297446169387,22.3835753630596,0.550422424832648
4025,f_04_07_2024,4,370840,M,2024-07-04 08:37:00.026,2024-07-04 10:11:00.036,0.129186602870813,0.0119617224880383,0.227146814404432,0.0193905817174515,V,20.1549999999988,H613,17.9111882907477,20.7392706524448,0.771908688977093
4025,f_04_07_2024,5,370643,M,2024-07-04 10:13:00.036,2024-07-04 11:38:00.033,0.243128964059197,0.0169133192389006,0.264705882352941,0.0367647058823529,V,19.8499999999913,L613,20.5541561712937,23.8287153652498,0.630113723556189
4025,f_04_07_2024,6,370736,M,2024-07-04 13:30:00.631,2024-07-04 14:47:01.056,0.175572519083969,0.00763358778625954,0.258899676375405,0.0194174757281553,V,19.8249999999971,L613,15.5863808322848,19.8234552332942,0.68988210950821
4025,f_04_07_2024,7,0,NA,2024-07-04 14:48:00.036,2024-07-04 17:28:00.455,0.207943925233645,0.0280373831775701,0.197831978319783,0.010840108401084,V,19.945000000007,H613,18.500877412879,21.4590122837729,0.816078161376627
4025,f_04_07_2024,8,370168,H,2024-07-04 17:29:00.286,2024-07-04 18:49:00.056,0.155875299760192,0.00959232613908873,0.176151761517615,0.010840108401084,V,21.8150000000023,A601,16.9149667659849,19.115287646113,0.885877917024771
4025,f_10_07_2024,1,370840,M,2024-07-10 03:59:01.027,2024-07-10 04:53:00.036,0.121546961325967,0.00828729281767956,0.2,0.00338983050847458,F,19.8650000000052,L613,14.8502391140157,18.2230052856735,0.879358312776347
4025,f_10_07_2024,2,370840,M,2024-07-10 04:54:00.026,2024-07-10 06:51:00.455,0.16710182767624,0.0156657963446475,0.218181818181818,0.0303030303030303,P,20.1349999999948,H613,16.3893717407542,19.021604171845,0.85493683384486
4025,f_10_07_2024,3,370840,M,2024-07-10 06:52:00.021,2024-07-10 08:16:00.370,0.144230769230769,0.0216346153846154,0.196132596685083,0.0165745856353591,V,19.9000000000087,L613,18.1909547738614,20.9045226130562,0.620636618941678
4025,f_10_07_2024,4,370840,M,2024-07-10 08:17:00.026,2024-07-10 09:49:00.570,0.15311004784689,0.0119617224880383,0.265536723163842,0.0169491525423729,V,20.2100000000064,H613,17.516081147941,20.682830282032,0.863816011895791
4025,f_10_07_2024,5,370762,M,2024-07-10 09:50:00.817,2024-07-10 11:20:00.036,0.0802919708029197,0.0109489051094891,0.123732251521298,0.0141987829614604,V,21.6049999999959,L613,22.818791946313,25.3644989585792,0.4916049099351
4025,f_10_07_2024,6,370762,M,2024-07-10 11:21:00.036,2024-07-10 12:58:01.456,0.155555555555556,0.0282828282828283,0.172916666666667,0.03125,V,18.0249999999942,H613,26.6296809986216,27.4618585298286,0.62670972304996
4025,f_10_07_2024,7,370816,H,2024-07-10 12:59:00.447,2024-07-10 14:28:00.016,0.17439293598234,0.00883002207505519,0.242744063324538,0.0211081794195251,V,19.8950000000041,L613,19.0500125659674,22.7695400854439,0.61503635859488
4025,f_10_07_2024,8,370816,H,2024-07-10 14:29:00.056,2024-07-10 16:14:00.036,0.21218487394958,0.00210084033613445,0.240362811791383,0.0294784580498866,V,20.2749999999942,H613,21.7509247842233,23.477188655987,0.840976179648631
4025,f_10_07_2024,9,370816,H,2024-07-10 16:15:00.046,2024-07-10 17:59:00.036,0.163147792706334,0.0230326295585413,0.182692307692308,0.0336538461538462,P,22.4599999999919,A601,18.521816562785,23.1967943009879,0.980735785839247
4025,f_10_07_2024,10,370816,H,2024-07-10 18:14:00.058,2024-07-10 19:53:00.086,0.215686274509804,0.0224089635854342,0.188271604938272,0.0154320987654321,V,21.2800000000134,H601,15.2255639097649,16.7763157894631,NaN
4025,f_11_07_2024,1,370644,M,2024-07-11 04:15:01.144,2024-07-11 05:38:00.986,0.198952879581152,0.00523560209424084,0.196923076923077,0.0215384615384615,F,19.7900000000081,L613,16.4224355735152,19.3026781202548,NaN
4025,f_11_07_2024,2,370644,M,2024-07-11 05:39:00.026,2024-07-11 06:58:00.026,0.228260869565217,0.0244565217391304,0.182072829131653,0.0168067226890756,P,20.2799999999988,H613,17.603550295859,18.1459566074961,0.996383608412775
4025,f_11_07_2024,3,370644,M,2024-07-11 06:59:00.036,2024-07-11 08:40:00.876,0.220779220779221,0.00779220779220779,0.19774011299435,0.0451977401129944,V,19.8000000000029,L613,17.8787878787852,19.4444444444416,NaN
4025,f_11_07_2024,4,370644,M,2024-07-11 08:41:00.016,2024-07-11 10:26:00.028,0.227488151658768,0.023696682464455,0.175675675675676,0.0243243243243243,V,20.1949999999924,H613,18.3213666749264,20.896261450862,0.892750502860142
4025,f_11_07_2024,5,370155,M,2024-07-11 10:27:00.836,2024-07-11 12:00:00.037,0.236533957845433,0.0351288056206089,0.264397905759162,0.031413612565445,V,20.0750000000116,L613,19.0286425902754,21.27023661269,0.604364139403154
4025,f_11_07_2024,6,370155,M,2024-07-11 12:01:00.586,2024-07-11 13:56:00.116,0.239406779661017,0.0275423728813559,0.228506787330317,0.0294117647058824,V,19.9349999999977,H613,22.1720591923778,23.6769500877881,0.734491028478115
4025,f_11_07_2024,7,370470,H,2024-07-11 13:57:00.710,2024-07-11 15:24:00.036,0.188284518828452,0.0146443514644351,0.235897435897436,0.0179487179487179,V,20.0449999999983,L613,19.4562234971331,23.8463457221273,0.607599332439268
4025,f_11_07_2024,8,370470,H,2024-07-11 15:25:00.026,2024-07-11 17:08:03.616,0.182341650671785,0.0211132437619962,0.206741573033708,0.0224719101123595,V,19.9749999999913,H613,22.2778473091462,26.082603254079,0.721643566978047
4025,f_11_07_2024,9,370118,M,2024-07-11 17:35:00.026,2024-07-11 18:56:00.036,0.207650273224044,0.0382513661202186,0.19941348973607,0.0293255131964809,V,14.9850000000006,L613,22.7560894227552,24.4244244244235,0.468303237367904
4025,f_12_06_2024,1,0,NA,2024-07-12 05:38:00.057,2024-07-12 07:19:00.066,0.26133909287257,0.0129589632829374,0.330143540669856,0.0263157894736842,P,21.2149999999965,L613,19.7030403016766,21.8241810040102,0.691563669523539
4025,f_12_06_2024,2,0,NA,2024-07-12 07:20:00.032,2024-07-12 08:43:00.686,0.250639386189258,0.0153452685421995,0.366071428571429,0.0119047619047619,V,18.4900000000052,H613,18.1719848566741,21.1465657111893,1.110972812146
4025,f_12_06_2024,3,0,NA,2024-07-12 08:44:00.026,2024-07-12 10:09:00.046,0.205479452054795,0.0136986301369863,0.263440860215054,0.0134408602150538,V,20.179999999993,L613,18.4340931615525,21.7046580773118,0.673054595915163
4025,f_12_06_2024,4,0,NA,2024-07-12 10:10:00.021,2024-07-12 12:10:00.048,0.203233256351039,0.0115473441108545,0.244498777506112,0.0220048899755501,V,20.0099999999948,H613,20.4397801099504,21.6391804098008,0.930837295253729
4025,f_12_06_2024,5,0,NA,2024-07-12 15:05:00.037,2024-07-12 22:07:00.016,0.189134808853119,0.0181086519114688,0.207736389684814,0.0279369627507163,V,70.1800000000076,T04,19.8917070390403,21.2453690510094,NaN
4025,f_15_07_2024,1,370673,H,2024-07-15 05:01:00.276,2024-07-15 06:28:00.026,0.181451612903226,0.0120967741935484,0.248847926267281,0.0276497695852535,P,20.1650000000081,L613,10.7612199355275,12.2985370691743,0.744617681745661
4025,f_15_07_2024,2,370673,H,2024-07-15 06:29:00.016,2024-07-15 08:29:00.445,0.288808664259928,0.0180505415162455,0.449781659388646,0.0349344978165939,V,19.8399999999965,H613,11.5423387096795,13.9616935483896,1.10925170320177
4025,f_15_07_2024,3,370673,H,2024-07-15 08:30:00.873,2024-07-15 09:40:00.056,0.262108262108262,0.0227920227920228,0.36551724137931,0.0551724137931034,V,20.1449999999895,L613,14.3956316703972,17.4236783321014,0.799668277641126
4025,f_15_07_2024,4,370673,H,2024-07-15 09:41:00.346,2024-07-15 10:49:00.024,0.254237288135593,0.00677966101694915,0.303846153846154,0.0346153846153846,V,19.4100000000035,H613,13.3951571354948,15.1983513652729,0.942520950029659
4025,f_15_07_2024,5,370598,M,2024-07-15 14:24:00.036,2024-07-15 15:48:00.036,0.193236714975845,0.0241545893719807,0.229333333333333,0.0293333333333333,V,21.2250000000058,K629,17.6678445229634,19.5053003533515,1.11012083660453
4025,f_15_07_2024,6,370598,M,2024-07-15 15:49:00.036,2024-07-15 18:14:01.685,0.167095115681234,0.0154241645244216,0.212885154061625,0.0280112044817927,V,19.7399999999907,H629,18.0851063829873,19.7061803444875,0.923718289989186
4025,f_16_07_2024,1,370344,H,2024-07-16 03:31:00.185,2024-07-16 04:35:00.036,0.123762376237624,0.0198019801980198,0.174863387978142,0.0163934426229508,F,20.0599999999977,L613,9.12263210368999,10.0697906281168,1.06229633939063
4025,f_16_07_2024,2,0,NA,2024-07-16 04:36:00.056,2024-07-16 06:35:00.046,0.235521235521236,0.027027027027027,0.211382113821138,0.0121951219512195,P,20.1649999999936,H613,12.1993553186252,12.8440366972518,1.06470614113233
4025,f_16_07_2024,3,370344,H,2024-07-16 06:36:00.046,2024-07-16 08:34:00.036,0.240997229916898,0.0221606648199446,0.303225806451613,0.0193548387096774,V,21.0650000000023,A617,14.71635414194,17.1374317588398,1.3207786440162
4025,f_16_07_2024,4,370344,H,2024-07-16 08:35:00.186,2024-07-16 10:12:00.059,0.247838616714697,0.0288184438040346,0.212962962962963,0.0277777777777778,V,22.4750000000058,H617,14.4160177975491,15.4393770856467,1.39541858684151
4025,f_16_07_2024,5,370327,M,2024-07-16 14:21:00.043,2024-07-16 15:59:00.712,0.27735368956743,0.0127226463104326,0.29810298102981,0.029810298102981,V,20.0749999999971,A618,18.3810709838134,19.5765877957687,1.32929438163758
4025,f_16_07_2024,6,370327,M,2024-07-16 16:00:00.076,2024-07-16 17:29:00.036,0.251748251748252,0.0186480186480186,0.299450549450549,0.032967032967033,V,19.8950000000041,H618,18.2960542849925,21.563206835884,1.32101434172649
4025,f_16_07_2024,7,370715,M,2024-07-16 18:39:00.046,2024-07-16 19:45:00.036,0.205882352941176,0.0294117647058824,0.285714285714286,0.0489795918367347,V,16.6349999999948,A618,14.7279831680239,16.3510670273571,1.33904149833111
4025,f_23_07_2024,1,370584,M,2024-07-23 03:48:00.026,2024-07-23 04:47:00.036,0.130909090909091,0.0290909090909091,0.137096774193548,0.0282258064516129,F,19.9499999999971,L613,12.4310776942374,13.7844611528842,0.739773826537605
4025,f_23_07_2024,2,370584,M,2024-07-23 04:48:00.886,2024-07-23 06:37:00.821,0.259587020648968,0.0147492625368732,0.270547945205479,0.0136986301369863,P,20.1349999999948,H613,14.5021107524249,16.8363546064111,1.17062264386516
4025,f_23_07_2024,3,370584,M,2024-07-23 06:38:00.495,2024-07-23 07:54:00.036,0.201086956521739,0.0271739130434783,0.229102167182663,0.0278637770897833,V,19.9150000000081,L613,16.2189304544247,18.4785337685086,0.598763606462283
4025,f_23_07_2024,4,0,NA,2024-07-23 07:55:00.016,2024-07-23 09:57:00.665,0.249336870026525,0.0185676392572944,0.236686390532544,0.0355029585798817,V,20.1049999999959,H613,16.8117383735423,18.7515543397203,0.958018153749254
4025,f_23_07_2024,5,370853,H,2024-07-23 11:20:00.026,2024-07-23 13:08:00.223,0.184873949579832,0.0147058823529412,0.214634146341463,0.0268292682926829,V,20.0099999999948,H613,20.4897551224441,23.7881059470327,0.768928776783501
4025,f_23_07_2024,6,370797,M,2024-07-23 13:09:00.033,2024-07-23 14:44:00.036,0.147959183673469,0.0229591836734694,0.208823529411765,0.0176470588235294,V,19.9100000000035,L613,17.0768458061246,19.6885986941201,0.490418378573452
4025,f_23_07_2024,7,370797,M,2024-07-23 14:45:00.026,2024-07-23 16:42:00.797,0.192307692307692,0.0230769230769231,0.329230769230769,0.0584615384615385,V,19.7050000000017,H613,16.4932758183188,19.7919309819825,0.846133090138697
4025,f_23_07_2024,8,370730,H,2024-07-23 16:43:00.059,2024-07-23 18:30:00.036,0.217917675544794,0.0242130750605327,0.213367609254499,0.0411311053984576,P,20.2749999999942,L613,19.1861898890314,20.3699136868123,0.564681573590254
4025,f_24_07_2024,1,370850,M,2024-07-24 03:59:00.316,2024-07-24 05:00:00.016,0.165714285714286,0.0114285714285714,0.151419558359621,0.0157728706624606,F,20.2649999999994,L613,15.6427337774493,17.2711571675307,0.747150648776858
4025,f_24_07_2024,2,370850,M,2024-07-24 05:01:00.376,2024-07-24 06:30:00.036,0.180628272251309,0.0157068062827225,0.154471544715447,0.013550135501355,P,20.1200000000099,H613,18.3399602385596,18.9860834989966,0.698124714537175
4025,f_24_07_2024,3,370850,M,2024-07-24 06:31:00.037,2024-07-24 08:34:00.036,0.191780821917808,0.0182648401826484,0.231382978723404,0.0159574468085106,V,21.5850000000064,L613,17.4195042853782,20.2918693537118,0.509362466064943
4025,f_24_07_2024,4,370850,M,2024-07-24 08:35:00.046,2024-07-24 09:59:00.371,0.205555555555556,0.0222222222222222,0.244444444444444,0.0317460317460317,V,18.5799999999872,H613,16.9537136706252,19.3756727664289,0.822310780104511
4025,f_24_07_2024,5,370371,H,2024-07-24 10:00:02.124,2024-07-24 11:43:00.055,0.170678336980306,0.0109409190371991,0.19647355163728,0.017632241813602,V,19.9250000000029,L613,19.9247176913396,22.9360100376378,0.540270800347118
4025,f_24_07_2024,6,370371,H,2024-07-24 11:44:00.046,2024-07-24 13:54:00.031,0.153846153846154,0.0157790927021696,0.155982905982906,0.0170940170940171,V,19.9599999999919,H613,23.4468937875847,25.4008016032168,0.757311818647992
4025,f_24_07_2024,7,370804,M,2024-07-24 13:55:00.361,2024-07-24 16:04:00.036,0.214859437751004,0.0321285140562249,0.218961625282167,0.0406320541760722,V,22.4950000000099,A601,19.6932651700291,22.1382529450892,0.870395548987552
4025,f_24_07_2024,8,370804,M,2024-07-24 16:05:00.036,2024-07-24 19:08:01.952,0.172566371681416,0.0199115044247788,0.188630490956072,0.0284237726098191,V,22.0400000000081,H601,17.5589836660552,20.5081669691394,1.24391128101261
4025,f_25_07_2024,1,370348,H,2024-07-25 04:23:00.400,2024-07-25 05:48:00.356,0.191747572815534,0.0145631067961165,0.179144385026738,0.0160427807486631,F,20.2799999999988,L613,18.4418145956618,20.3155818540446,0.687356345247883
4025,f_25_07_2024,2,370348,H,2024-07-25 05:49:00.046,2024-07-25 07:25:06.896,0.232662192393736,0.0134228187919463,0.275949367088608,0.020253164556962,V,19.8199999999924,H613,19.9293642785142,22.5529767911287,0.691061613300572
4025,f_25_07_2024,3,370348,H,2024-07-25 07:26:00.070,2024-07-25 08:56:00.026,0.207792207792208,0.0151515151515152,0.241626794258373,0.0263157894736842,V,20.1899999999878,L613,20.7033184745049,22.8826151560317,0.655849805539637
4025,f_25_07_2024,4,0,NA,2024-07-25 08:57:00.056,2024-07-25 11:58:02.734,0.21923937360179,0.0156599552572707,0.242574257425743,0.0099009900990099,V,20.2250000000058,H613,19.9752781211315,22.1013597033311,0.80235246761089
4025,f_25_07_2024,5,0,NA,2024-07-25 11:59:00.195,2024-07-25 13:46:00.036,0.275933609958506,0.016597510373444,0.28894472361809,0.0100502512562814,V,21.0399999999936,A617,18.9163498098917,22.9087452471553,1.16525749999077
4025,f_25_07_2024,6,0,NA,2024-07-25 13:47:00.036,2024-07-25 15:47:00.647,0.214145383104126,0.0275049115913556,0.221153846153846,0.0216346153846154,V,22.5399999999936,H617,18.4560780834125,22.5820763087908,1.02113404327832
4025,f_25_07_2024,7,370625,M,2024-07-25 15:48:00.578,2024-07-25 17:31:00.036,0.231914893617021,0.0191489361702128,0.26241134751773,0.0260047281323877,V,20.8349999999919,A617,20.3023758099431,22.5581953443813,0.984582448960375
4025,f_26_07_2024,1,370791,M,2024-07-26 04:59:00.126,2024-07-26 07:02:00.046,0.134903640256959,0.0107066381156317,0.220588235294118,0.017156862745098,P,20.2599999999948,L613,20.1382033563724,23.0503455083969,0.526837887884492
4025,f_26_07_2024,2,370791,M,2024-07-26 07:12:00.032,2024-07-26 08:25:00.066,0.167647058823529,0.00882352941176471,0.275409836065574,0.00983606557377049,V,16.8150000000023,H613,18.1385667558702,20.2200416294947,0.712338031637584
4025,f_26_07_2024,3,370791,M,2024-07-26 08:26:00.956,2024-07-26 10:04:00.021,0.163440860215054,0.0387096774193548,0.220095693779904,0.0334928229665072,V,20.5800000000017,L613,20.3109815354696,22.594752186587,0.555573399013893
4025,f_26_07_2024,4,370791,M,2024-07-26 10:05:00.031,2024-07-26 11:36:00.080,0.14161220043573,0.0130718954248366,0.223618090452261,0.0276381909547739,V,19.5350000000035,H613,20.373688251852,23.496288712563,0.794913212933864
4025,f_26_07_2024,5,370057,M,2024-07-26 13:41:00.025,2024-07-26 15:17:00.034,0.159806295399516,0.0121065375302663,0.220588235294118,0.0117647058823529,V,19.484999999986,A618,17.4493199897482,21.1957916346059,1.39779549982605
4025,f_26_07_2024,6,370057,M,2024-07-26 15:18:00.015,2024-07-26 16:51:00.036,0.175555555555556,0.0155555555555556,0.210666666666667,0.0213333333333333,V,20.4800000000105,H618,18.3105468749906,21.9726562499888,1.50252581521752
4025,f_26_07_2024,7,370760,M,2024-07-26 17:09:00.386,2024-07-26 18:34:00.066,0.224438902743142,0.0249376558603491,0.22189349112426,0.0207100591715976,P,19,A618,17.7894736842105,21.1052631578947,1.42743212979284
4025,f_30_07_2024,1,0,NA,2024-07-30 06:25:00.116,2024-07-30 07:51:00.056,0.155172413793103,0.0320197044334975,0.16497461928934,0.0177664974619289,V,20.2799999999988,L613,19.4280078895475,20.0197238658789,0.529921977195594
4025,f_30_07_2024,2,0,NA,2024-07-30 07:52:00.016,2024-07-30 09:36:00.036,0.175,0.0225,0.203389830508475,0.0254237288135593,V,19.8550000000105,H613,17.8292621505824,20.1460589272117,0.808883231328109
4025,f_30_07_2024,3,370599,M,2024-07-30 09:37:00.046,2024-07-30 11:02:00.036,0.253086419753086,0.0246913580246914,0.286184210526316,0.0328947368421053,V,20.070000000007,L613,15.1469855505677,16.1434977578419,0.709842028733058
4025,f_30_07_2024,4,370599,M,2024-07-30 11:03:00.046,2024-07-30 12:34:00.410,0.261780104712042,0.0209424083769634,0.222873900293255,0.00879765395894428,V,20.1450000000041,H613,16.9272772400065,18.9625217175439,0.897250338414728
4025,f_30_07_2024,5,370404,H,2024-07-30 12:35:00.046,2024-07-30 14:17:00.596,0.247058823529412,0.0382352941176471,0.294871794871795,0.0448717948717949,V,20.0749999999971,L613,15.5417185554194,16.9364881693673,0.6133884762012
4025,f_30_07_2024,6,370404,H,2024-07-30 14:18:00.619,2024-07-30 16:05:00.528,0.185819070904645,0.0097799511002445,0.264044943820225,0.0224719101123595,V,20.1699999999983,H613,17.6499752107105,20.2776400594961,0.755703339243491
4025,f_30_07_2024,7,370371,H,2024-07-30 16:06:00.154,2024-07-30 18:14:00.034,0.15071283095723,0.0162932790224033,0.198529411764706,0.0343137254901961,V,20.0650000000023,L613,20.3339147769725,24.4704709693468,0.554605001896171
4025,f_31_07_2024,1,370832,M,2024-07-31 04:27:01.651,2024-07-31 05:38:00.070,0.159420289855072,0.00869565217391304,0.175324675324675,0.0227272727272727,F,20.2450000000099,L613,15.213632995794,17.0412447517822,0.648471664429214
4025,f_31_07_2024,2,370832,M,2024-07-31 05:39:00.050,2024-07-31 07:10:01.126,0.147582697201018,0.0127226463104326,0.207100591715976,0.00887573964497041,P,20.195000000007,H613,16.7368160435694,19.4602624411916,0.725101008258088
4025,f_31_07_2024,3,370832,M,2024-07-31 07:11:00.627,2024-07-31 08:58:00.036,0.135831381733021,0.00468384074941452,0.183060109289617,0.0218579234972678,V,20.1649999999936,L613,18.150260352101,21.1753037441178,0.544713019929474
4025,f_31_07_2024,4,370832,M,2024-07-31 08:59:00.026,2024-07-31 11:05:00.146,0.192682926829268,0.0341463414634146,0.210810810810811,0.027027027027027,V,20.1149999999907,H613,18.3942331593423,20.3827989062983,0.738579746300179
4025,f_31_07_2024,5,370736,M,2024-07-31 11:06:00.166,2024-07-31 12:21:00.037,0.204244031830239,0.013262599469496,0.223529411764706,0.0235294117647059,V,20.0400000000081,L613,16.9660678642646,18.8123752494933,0.738339419542084
4025,f_31_07_2024,6,370736,M,2024-07-31 12:22:00.056,2024-07-31 14:02:00.548,0.211904761904762,0.019047619047619,0.192592592592593,0.0246913580246914,V,19.9799999999959,H613,20.2702702702744,21.0210210210253,0.813618946324543
4025,f_31_07_2024,7,370268,M,2024-07-31 14:03:00.213,2024-07-31 15:48:00.446,0.212669683257919,0.0180995475113122,0.183510638297872,0.00531914893617021,V,22.5050000000047,A601,16.7073983559174,19.6400799822221,0.972262511623565
4025,f_31_07_2024,8,370268,M,2024-07-31 15:49:00.056,2024-07-31 18:32:00.554,0.188888888888889,0.0314814814814815,0.174698795180723,0.0160642570281124,V,21.6300000000047,H601,23.0235783633792,24.9653259361943,1.11996336131186
4104,f_16_04_2024,1,0,NA,2024-04-16 03:58:00.026,2024-04-16 04:33:00.035,0.160839160839161,0.013986013986014,0.271929824561404,0.0263157894736842,F,13.9850000000006,L636,8.15159099034646,10.225241329996,NaN
4104,f_16_04_2024,2,0,NA,2024-04-16 04:34:00.036,2024-04-16 06:09:00.036,0.29646017699115,0.0486725663716814,0.382022471910112,0.050561797752809,F,15.75,H636,11.3015873015873,14.3492063492063,1.48485534001428
4104,f_16_04_2024,3,0,NA,2024-04-16 06:10:00.046,2024-04-16 07:09:00.026,0.252293577981651,0.0137614678899083,0.306878306878307,0.0264550264550265,V,13.9850000000006,L636,13.5144797997849,15.5881301394345,NaN
4104,f_16_04_2024,4,0,NA,2024-04-16 07:10:00.036,2024-04-16 08:25:00.036,0.23758865248227,0.0212765957446809,0.2265625,0.0234375,V,16.0049999999901,H636,15.9950015620218,17.6194939081646,1.22215573680026
4104,f_16_04_2024,5,0,NA,2024-04-16 08:31:00.036,2024-04-16 09:43:00.016,0.244827586206897,0.0413793103448276,0.255555555555556,0.0296296296296296,V,14.0250000000087,L636,19.2513368983837,20.6773618538196,NaN
4104,f_16_04_2024,6,0,NA,2024-04-16 09:44:00.026,2024-04-16 10:52:07.436,0.221830985915493,0.0492957746478873,0.178832116788321,0.0474452554744526,V,15.5099999999948,H636,17.666021921347,18.3107672469436,0.932239669275285
4104,f_16_04_2024,7,0,NA,2024-04-16 11:14:00.026,2024-04-16 12:19:00.036,0.210762331838565,0.0179372197309417,0.235294117647059,0.0343137254901961,V,14.0349999999889,L636,14.5350908443292,15.8888493053207,NaN
4104,f_16_04_2024,8,0,NA,2024-04-16 12:20:00.046,2024-04-16 13:33:00.171,0.218181818181818,0.0218181818181818,0.217898832684825,0.00389105058365759,V,15.2850000000035,H636,16.8138698069965,17.9914949296655,1.27545717020794
4104,f_16_04_2024,9,0,NA,2024-04-16 14:03:00.040,2024-04-16 15:12:00.046,0.171428571428571,0.0163265306122449,0.218181818181818,0.0227272727272727,V,14.0400000000081,L636,15.6695156695066,17.4501424501323,NaN
4104,f_16_04_2024,10,0,NA,2024-04-16 15:13:00.046,2024-04-16 16:49:00.816,0.220289855072464,0.0289855072463768,0.363945578231293,0.0612244897959184,V,15.695000000007,H636,18.7320802803357,21.981522777945,1.18223084992238
4104,f_16_04_2024,11,0,NA,2024-04-16 16:50:00.038,2024-04-16 18:21:00.056,0.147692307692308,0.0123076923076923,0.152777777777778,0.0208333333333333,P,13.8449999999866,L636,20.8017334778099,23.4741784037786,NaN
4104,f_16_04_2024,12,0,NA,2024-04-16 18:22:00.036,2024-04-16 19:35:00.056,0.187096774193548,0.0161290322580645,0.126712328767123,0.0171232876712329,V,15.4700000000012,H636,18.8752424046527,20.0387847446656,0.915941148091413
4104,f_17_04_2024,1,0,NA,2024-04-17 05:59:00.026,2024-04-17 07:07:00.046,0.261648745519713,0.025089605734767,0.270833333333333,0.0458333333333333,V,13.9300000000076,L636,17.2290021536159,20.0287150035785,NaN
4104,f_17_04_2024,2,0,NA,2024-04-17 07:08:00.036,2024-04-17 08:17:01.016,0.241157556270096,0.022508038585209,0.204697986577181,0.0134228187919463,V,15.6299999999901,H636,19.0658989123601,19.8976327575302,NaN
4104,f_17_04_2024,3,0,NA,2024-04-17 08:40:00.060,2024-04-17 09:49:00.026,0.210526315789474,0.0175438596491228,0.182835820895522,0.00746268656716418,V,14.0200000000041,L636,19.115549215401,20.3281027104078,NaN
4104,f_17_04_2024,4,0,NA,2024-04-17 09:50:00.026,2024-04-17 10:54:00.036,0.261146496815287,0.0286624203821656,0.22258064516129,0.0290322580645161,V,15.8549999999959,H636,19.5521917376272,19.8044780826289,1.06930469468857
4104,f_17_04_2024,5,0,NA,2024-04-17 11:16:00.046,2024-04-17 12:40:00.466,0.228013029315961,0.0260586319218241,0.25,0.0303030303030303,V,14.0200000000041,L636,18.8302425106935,21.8972895862989,NaN
4104,f_17_04_2024,6,0,NA,2024-04-17 12:41:00.036,2024-04-17 13:51:00.046,0.198757763975155,0.0093167701863354,0.217898832684825,0.0233463035019455,V,16.5750000000116,H636,15.5052790346799,19.4268476621281,1.22101162478508
4104,f_17_04_2024,7,0,NA,2024-04-17 14:13:00.062,2024-04-17 15:36:00.046,0.208450704225352,0.028169014084507,0.235690235690236,0.0202020202020202,V,13.9749999999913,L636,21.2522361359703,25.4025044722878,NaN
4104,f_17_04_2024,8,0,NA,2024-04-17 15:37:00.047,2024-04-17 16:47:08.436,0.252840909090909,0.0340909090909091,0.266272189349112,0.0502958579881657,V,15.9799999999959,H636,21.1514392991293,22.0275344180281,1.05752254684368
4104,f_17_04_2024,9,0,NA,2024-04-17 16:59:00.046,2024-04-17 18:15:00.046,0.229651162790698,0.0116279069767442,0.263333333333333,0.0233333333333333,P,14.0449999999983,L636,21.3599145603444,24.4927020291949,NaN
4104,f_17_04_2024,10,0,NA,2024-04-17 18:16:00.956,2024-04-17 19:22:00.556,0.266666666666667,0.0393939393939394,0.321678321678322,0.0559440559440559,V,15.4950000000099,H636,18.4575669570711,21.2971926427744,1.10638919827453
4104,f_18_04_2024,1,0,NA,2024-04-18 05:16:00.017,2024-04-18 06:13:00.020,0.140096618357488,0.0193236714975845,0.232142857142857,0.0238095238095238,P,13.9850000000006,L636,12.0128709331422,14.8015731140502,NaN
4104,f_18_04_2024,2,0,NA,2024-04-18 06:14:00.110,2024-04-18 07:48:00.026,0.221538461538462,0.0307692307692308,0.25,0.0304054054054054,V,15.8250000000116,H636,18.704581358596,20.5371248025125,1.30618967774884
4104,f_18_04_2024,3,0,NA,2024-04-18 07:49:00.046,2024-04-18 08:56:00.046,0.16358024691358,0.0185185185185185,0.203703703703704,0.0407407407407407,V,13.9449999999924,L636,19.3617784152131,23.2341340982557,NaN
4104,f_18_04_2024,4,0,NA,2024-04-18 08:57:00.116,2024-04-18 10:09:00.056,0.167173252279635,0.0151975683890578,0.170818505338078,0.00711743772241993,V,15.8199999999924,H636,17.7623261694143,20.7964601770011,1.30938684074293
4104,f_18_04_2024,5,0,NA,2024-04-18 10:26:00.637,2024-04-18 11:40:00.206,0.197986577181208,0.0167785234899329,0.183745583038869,0.0212014134275618,V,14.0299999999988,L636,20.1710620099803,21.2401995723467,NaN
4104,f_18_04_2024,6,0,NA,2024-04-18 11:41:00.036,2024-04-18 12:55:00.056,0.191358024691358,0.0216049382716049,0.140983606557377,0.0229508196721311,V,15.8899999999994,H636,19.1944619257402,20.3901825047207,0.935537913696868
4104,f_18_04_2024,7,0,NA,2024-04-18 14:39:00.866,2024-04-18 15:55:00.056,0.337837837837838,0.027027027027027,0.314285714285714,0.0314285714285714,V,14.5300000000134,H636,24.0880935994272,25.4645560908231,1.08802787111813
4104,f_18_04_2024,8,0,NA,2024-04-18 16:12:00.045,2024-04-18 17:22:00.036,0.270422535211268,0.0535211267605634,0.294117647058824,0.0278637770897833,V,13.8849999999948,L636,23.2625135037898,25.5671588044749,NaN
4104,f_18_04_2024,9,0,NA,2024-04-18 17:23:00.036,2024-04-18 18:41:00.046,0.245742092457421,0.0145985401459854,0.187353629976581,0.0140515222482436,V,15.9649999999965,H636,26.7460068900779,25.7438145944309,1.1118452130356
4104,f_18_04_2024,10,0,NA,2024-04-18 19:01:00.036,2024-04-18 20:08:00.026,0.234782608695652,0.0289855072463768,0.20414201183432,0.0266272189349112,V,13.7599999999948,L636,24.5639534883814,25.0726744186142,NaN
4104,f_19_04_2024,1,0,NA,2024-04-19 03:38:00.036,2024-04-19 04:22:00.046,0.160714285714286,0.0107142857142857,0.123076923076923,0.00769230769230769,F,13.8999999999942,L636,18.7050359712309,20.1438848920948,NaN
4104,f_19_04_2024,2,0,NA,2024-04-19 04:23:00.046,2024-04-19 05:36:00.036,0.271978021978022,0.0247252747252747,0.190600522193211,0.0339425587467363,F,15.8300000000017,H636,24.1945672773189,22.9943145925433,1.16528560156302
4104,f_19_04_2024,3,0,NA,2024-04-19 05:37:00.036,2024-04-19 06:42:00.363,0.185595567867036,0.0277008310249307,0.156976744186047,0.0203488372093023,P,14.0149999999994,L636,24.545130217625,25.7581163039611,NaN
4104,f_19_04_2024,4,0,NA,2024-04-19 06:43:00.024,2024-04-19 07:59:00.023,0.212264150943396,0.0330188679245283,0.16945107398568,0.0190930787589499,V,15.679999999993,H636,26.7219387755221,27.0408163265427,1.00214018807166
4104,f_19_04_2024,5,0,NA,2024-04-19 08:15:00.027,2024-04-19 09:26:00.046,0.21671826625387,0.021671826625387,0.144262295081967,0.019672131147541,V,13.7599999999948,L636,22.165697674427,23.4738372093113,NaN
4104,f_19_04_2024,6,0,NA,2024-04-19 09:27:00.356,2024-04-19 10:35:00.396,0.31151832460733,0.0287958115183246,0.217054263565891,0.0361757105943152,V,15.8700000000099,H636,24.3856332703062,24.0705734089327,1.24508924236871
4104,f_19_04_2024,7,0,NA,2024-04-19 10:58:00.034,2024-04-19 12:13:01.016,0.214689265536723,0.019774011299435,0.147492625368732,0.0176991150442478,V,13.9550000000017,L636,24.2923683267616,25.367251881043,NaN
4104,f_19_04_2024,8,0,NA,2024-04-19 12:14:00.016,2024-04-19 13:35:00.046,0.30749354005168,0.0284237726098191,0.226063829787234,0.0212765957446809,V,15.6900000000023,H636,23.9643084767332,24.6653919694036,1.04375593180803
4104,f_19_04_2024,9,0,NA,2024-04-19 13:43:00.025,2024-04-19 14:54:00.256,0.196675900277008,0.0332409972299169,0.209809264305177,0.0517711171662125,V,13.9550000000017,L636,26.298817628087,25.8688642063744,NaN
4104,f_19_04_2024,10,0,NA,2024-04-19 16:37:00.197,2024-04-19 17:43:00.056,0.263440860215054,0.032258064516129,0.236263736263736,0.0412087912087912,P,14.0400000000081,L636,25.9259259259109,26.4957264957111,NaN
4104,f_19_04_2024,11,0,NA,2024-04-19 17:45:00.016,2024-04-19 19:36:00.056,0.267634854771784,0.0311203319502075,0.191860465116279,0.0310077519379845,V,15.8699999999953,H636,32.5141776937714,30.3717706364298,0.834859900677409
4104,f_19_04_2024,12,0,NA,2024-04-19 19:37:00.286,2024-04-19 20:40:00.046,0.209809264305177,0.0326975476839237,0.209631728045326,0.0198300283286119,V,13.9599999999919,L636,25.2865329513042,26.2893982808176,NaN
4104,f_22_04_2024,1,0,NA,2024-04-22 08:52:00.056,2024-04-22 10:23:00.613,0.183510638297872,0.0186170212765957,0.225396825396825,0.0380952380952381,V,22.75,H601,13.8461538461538,16.5274725274725,1.12888662328167
4104,f_22_04_2024,2,0,NA,2024-04-22 10:24:01.206,2024-04-22 11:55:00.026,0.236559139784946,0.00806451612903226,0.218289085545723,0.0265486725663717,V,22.5250000000087,A601,15.0499445060985,16.5149833518249,1.19859479327198
4104,f_22_04_2024,3,0,NA,2024-04-22 11:56:00.286,2024-04-22 13:59:01.199,0.282149712092131,0.0287907869481766,0.261146496815287,0.0169851380042463,V,22.5699999999924,H601,20.8684093930066,23.0837394771898,1.33346719289066
4104,f_22_04_2024,4,0,NA,2024-04-22 14:00:00.631,2024-04-22 15:44:00.037,0.311614730878187,0.0396600566572238,0.27893175074184,0.0652818991097923,V,15.9600000000064,A617,21.1152882205429,22.1177944862067,0.994163934032778
4104,f_22_04_2024,5,0,NA,2024-04-22 16:06:00.036,2024-04-22 18:02:00.045,0.240860215053763,0.032258064516129,0.237089201877934,0.0422535211267606,P,23.1650000000081,H617,18.3898122166998,20.0733865745666,1.09402328401505
4104,f_23_04_2024,1,0,NA,2024-04-23 03:52:02.037,2024-04-23 05:12:00.036,0.176229508196721,0.00819672131147541,0.241706161137441,0.023696682464455,F,22.75,A601,9.27472527472528,10.7252747252747,1.17018484861064
4104,f_23_04_2024,2,0,NA,2024-04-23 05:13:00.026,2024-04-23 06:41:00.389,0.184426229508197,0.00409836065573771,0.220588235294118,0.00980392156862745,P,22.5400000000081,H601,9.05057675243683,10.8251996450715,1.00425286166364
4104,f_23_04_2024,3,0,NA,2024-04-23 06:42:01.494,2024-04-23 08:40:00.046,0.169291338582677,0.0196850393700787,0.12636165577342,0.0174291938997821,V,22.5899999999965,A601,20.3187250996047,22.4878264718937,0.81493814834837
4104,f_23_04_2024,4,0,NA,2024-04-23 08:41:00.056,2024-04-23 10:27:00.650,0.188775510204082,0.0153061224489796,0.190058479532164,0.0292397660818713,V,22.7100000000064,H601,15.0594451783313,17.2611184500172,1.03209453534878
4104,f_23_04_2024,5,0,NA,2024-04-23 10:28:00.051,2024-04-23 12:10:00.036,0.179802955665025,0.00246305418719212,0.147058823529412,0.00802139037433155,V,22.6299999999901,A601,16.5267344233391,17.9407865665125,0.944152667821044
4104,f_23_04_2024,6,0,NA,2024-04-23 12:11:00.036,2024-04-23 14:09:00.036,0.237020316027088,0.0203160270880361,0.168704156479218,0.0146699266503667,V,22.5500000000029,H601,18.1374722838114,19.645232815962,1.07255926211214
4104,f_26_04_2024,1,0,NA,2024-04-26 03:37:00.026,2024-04-26 05:04:00.080,0.209230769230769,0.0276923076923077,0.211072664359862,0.0311418685121107,F,22.7649999999994,A601,12.6949264221396,14.2763013397763,1.11486475679206
4104,f_26_04_2024,2,0,NA,2024-04-26 05:05:00.046,2024-04-26 06:27:00.036,0.16,0.0257142857142857,0.222591362126246,0.0166112956810631,P,22.6049999999959,H601,13.3156381331588,15.4833001548358,1.0003857306845
4104,f_26_04_2024,3,0,NA,2024-04-26 06:53:00.672,2024-04-26 08:40:00.046,0.233050847457627,0.0444915254237288,0.246445497630332,0.0521327014218009,V,22.6100000000006,A601,18.664307828394,20.8757187085355,0.792841296216088
4104,f_26_04_2024,4,0,NA,2024-04-26 08:41:00.036,2024-04-26 10:19:01.020,0.207900207900208,0.0249480249480249,0.259345794392523,0.0420560747663551,V,22.6399999999994,H601,18.9045936395765,21.2455830388698,0.907292906019083
4104,f_26_04_2024,5,0,NA,2024-04-26 10:20:00.283,2024-04-26 12:00:00.046,0.194508009153318,0.0137299771167048,0.182692307692308,0.0216346153846154,V,22.7549999999901,A601,18.2816963304848,19.204570424091,1.1636762063301
4104,f_26_04_2024,6,0,NA,2024-04-26 12:01:00.031,2024-04-26 14:21:00.360,0.183760683760684,0.00213675213675214,0.186732186732187,0.0147420147420147,V,22.4749999999913,H601,18.1090100111305,20.8231368186955,1.15294876767733
4104,f_26_04_2024,7,0,NA,2024-04-26 14:22:01.310,2024-04-26 16:24:00.186,0.198380566801619,0.0161943319838057,0.26056338028169,0.0305164319248826,V,21.5550000000076,A617,19.7633959638066,22.9181164462921,1.11034909953238
4104,f_26_04_2024,8,0,NA,2024-04-26 16:25:00.578,2024-04-26 18:27:00.036,0.256029684601113,0.0333951762523191,0.28781512605042,0.0315126050420168,V,22.5500000000029,H617,21.1086474501081,23.9024390243872,1.13141260024795
