versionTrama,idRegistro,idOperador,idVehiculo,idRuta,idConductor,fechaHoraLecturaDato,fechaHoraEnvioDato,tipoBus,latitud,longitud,tipoTrama,tecnologiaMotor,tramaRetransmitida,tipoFreno,temperaturaMotor,presionAceiteMotor,velocidadVehiculo,aceleracionVehiculo,revolucionesMotor,estadoDesgasteFrenos,kilometrosOdometro,consumoCombustible,nivelTanqueCombustible,consumoEnergia,regeneracionEnergia,nivelRestanteEnergia,porcentajeEnergiaGenerada,temperaturaSts,usoCpuSts,memRamSts,memDiscoSts,temperaturaBaterias,sentidoMarcha
E.1.0.0,576576,PB,Z374012,No Disponible,No Disponible,2024-07-23 19:19:00.053,2024-07-23 19:19:01.438,T,4.592619,-74.182489,1,3,False,2,35.0,-1,0.0,0.0,0.0,49.0,104980.235,-1,-1,85143,51019,99.0,59.92,39.0,30,1,87.0,23.0,0
E.1.0.0,576540,PB,Z374012,No Disponible,No Disponible,2024-07-23 19:10:00.777,2024-07-23 19:10:01.451,T,4.592619,-74.182489,1,3,False,2,35.0,-1,0.0,0.0,0.0,49.0,104980.235,-1,-1,85143,51019,99.0,59.92,37.0,28,1,87.0,23.0,0
E.1.0.0,576444,PB,Z374012,No Disponible,No Disponible,2024-07-23 17:46:01.464,2024-07-23 17:46:03.475,T,4.592886,-74.182542,1,3,False,2,35.0,-1,0.0,0.0,0.0,49.0,104980.11,-1,-1,85145,51019,99.0,59.92,45.0,28,2,87.0,24.0,0
E.1.0.0,576840,PB,Z374012,No Disponible,No Disponible,2024-07-23 20:16:00.476,2024-07-23 20:16:00.656,T,4.592697,-74.182239,1,3,False,2,35.0,-1,0.0,0.0,0.0,29.0,104980.835,-1,-1,85142,51019,98.0,59.92,44.0,30,1,87.0,23.0,0
E.1.0.0,575709,PB,Z374012,No Disponible,No Disponible,2024-07-23 06:18:00.263,2024-07-23 06:18:01.279,T,4.592633,-74.182314,1,3,False,2,35.0,-1,0.0,0.0,0.0,29.0,104980.11,-1,-1,85144,51019,100.0,59.92,29.0,30,30,87.0,28.0,0
E.1.0.0,575922,PB,Z374012,No Disponible,No Disponible,2024-07-23 15:49:00.416,2024-07-23 15:49:01.336,T,4.592886,-74.182542,1,3,False,2,35.0,-1,0.0,0.0,0.0,49.0,104980.11,-1,-1,85143,51019,100.0,59.92,36.0,30,2,87.0,24.0,0
E.1.0.0,575839,PB,Z374012,No Disponible,No Disponible,2024-07-23 15:31:00.042,2024-07-23 15:31:01.465,T,4.592886,-74.182542,1,3,False,2,35.0,-1,0.0,0.0,0.0,49.0,104980.11,-1,-1,85143,51019,100.0,59.92,31.0,27,4,87.0,24.0,0
E.1.0.0,576490,PB,Z374012,No Disponible,No Disponible,2024-07-23 17:54:00.036,2024-07-23 17:54:00.806,T,4.592886,-74.182542,1,3,False,2,35.0,-1,0.0,0.0,0.0,49.0,104980.165,-1,-1,85145,51019,99.0,59.92,46.0,45,2,87.0,24.0,0
E.1.0.0,576702,PB,Z374012,No Disponible,No Disponible,2024-07-23 19:49:00.296,2024-07-23 19:49:01.579,T,4.592619,-74.182489,1,3,False,2,35.0,-1,0.0,0.0,0.0,29.0,104980.235,-1,-1,85143,51019,99.0,59.92,42.0,30,1,87.0,23.0,0
E.1.0.0,576259,PB,Z374012,No Disponible,No Disponible,2024-07-23 17:07:00.143,2024-07-23 17:07:01.160,T,4.592886,-74.182542,1,3,False,2,35.0,-1,0.0,0.0,0.0,49.0,104980.11,-1,-1,85144,51019,99.0,59.92,44.0,30,1,87.0,24.0,0
E.1.0.0,575999,PB,Z374012,No Disponible,No Disponible,2024-07-23 16:05:00.080,2024-07-23 16:05:00.970,T,4.592886,-74.182542,1,3,False,2,35.0,-1,0.0,0.0,0.0,49.0,104980.11,-1,-1,85143,51019,100.0,59.92,38.0,29,3,87.0,24.0,0
E.1.0.0,576099,PB,Z374012,No Disponible,No Disponible,2024-07-23 16:30:00.036,2024-07-23 16:30:02.006,T,4.592886,-74.182542,1,3,False,2,35.0,-1,0.0,0.0,0.0,49.0,104980.11,-1,-1,85144,51019,100.0,59.92,41.0,40,1,87.0,24.0,0
E.1.0.0,575729,PB,Z374012,No Disponible,No Disponible,2024-07-23 06:23:00.244,2024-07-23 06:23:01.265,T,4.592633,-74.182314,1,3,False,2,35.0,-1,0.0,0.0,0.0,29.0,104980.11,-1,-1,85144,51019,100.0,59.92,30.0,31,29,87.0,28.0,0
E.1.0.0,576632,PB,Z374012,No Disponible,No Disponible,2024-07-23 19:33:00.110,2024-07-23 19:33:01.128,T,4.592619,-74.182489,1,3,False,2,35.0,-1,0.0,0.0,0.0,49.0,104980.235,-1,-1,85143,51019,99.0,59.92,41.0,27,1,87.0,23.0,0
E.1.0.0,576946,PB,Z374012,No Disponible,No Disponible,2024-07-23 20:42:00.295,2024-07-23 20:42:01.310,T,4.592697,-74.182239,1,3,False,2,35.0,-1,0.0,0.0,0.0,29.0,104980.835,-1,-1,85143,51019,98.0,59.92,44.0,30,1,87.0,23.0,0
E.1.0.0,576998,PB,Z374012,No Disponible,No Disponible,2024-07-23 20:55:00.585,2024-07-23 20:55:02.536,T,4.592697,-74.182239,1,3,False,2,35.0,-1,0.0,0.0,1.0,29.0,104980.835,-1,-1,85143,51019,98.0,59.92,45.0,27,1,87.0,23.0,0
E.1.0.0,576341,PB,Z374012,No Disponible,No Disponible,2024-07-23 17:22:00.026,2024-07-23 17:22:01.434,T,4.592886,-74.182542,1,3,False,2,35.0,-1,0.0,0.0,0.0,49.0,104980.11,-1,-1,85145,51019,99.0,59.92,45.0,29,1,87.0,24.0,0
E.1.0.0,576462,PB,Z374012,No Disponible,No Disponible,2024-07-23 17:50:01.523,2024-07-23 17:50:03.808,T,4.592886,-74.182542,1,3,False,2,35.0,-1,0.0,0.0,0.0,49.0,104980.11,-1,-1,85145,51019,99.0,59.92,46.0,29,1,87.0,24.0,0
E.1.0.0,576758,PB,Z374012,No Disponible,No Disponible,2024-07-23 20:03:00.417,2024-07-23 20:03:01.700,T,4.592619,-74.182489,1,3,False,2,35.0,-1,0.0,0.0,0.0,29.0,104980.235,-1,-1,85143,51019,99.0,59.92,43.0,28,1,87.0,23.0,0
E.1.0.0,576620,PB,Z374012,No Disponible,No Disponible,2024-07-23 19:30:00.897,2024-07-23 19:30:03.171,T,4.592619,-74.182489,1,3,False,2,35.0,-1,0.0,0.0,0.0,49.0,104980.235,-1,-1,85143,51019,99.0,59.92,40.0,28,1,87.0,23.0,0
E.1.0.0,576470,PB,Z374012,No Disponible,No Disponible,2024-07-23 17:51:00.036,2024-07-23 17:51:01.139,T,4.592886,-74.182542,1,3,False,2,35.0,-1,0.0,0.0,0.0,49.0,104980.11,-1,-1,85145,51019,99.0,59.92,46.0,38,2,87.0,24.0,0
E.1.0.0,575933,PB,Z374012,No Disponible,No Disponible,2024-07-23 15:51:00.046,2024-07-23 15:51:00.916,T,4.592886,-74.182542,1,3,False,2,35.0,-1,0.0,0.0,0.0,49.0,104980.11,-1,-1,85143,51019,100.0,59.92,36.0,31,2,87.0,24.0,0
E.1.0.0,576351,PB,Z374012,No Disponible,No Disponible,2024-07-23 17:24:00.575,2024-07-23 17:24:02.517,T,4.592886,-74.182542,1,3,False,2,35.0,-1,0.0,0.0,0.0,49.0,104980.11,-1,-1,85145,51019,99.0,59.92,45.0,29,1,87.0,24.0,0
E.1.0.0,576789,PB,Z374012,EM,No Disponible,2024-07-23 20:08:00.481,2024-07-23 20:08:01.155,T,4.593128,-74.182614,1,3,False,2,35.0,-1,28.984,0.938,1138.0,29.0,104980.695,-1,-1,85144,51019,98.0,59.92,43.0,32,2,87.0,23.0,0
E.1.0.0,577075,PB,Z374012,No Disponible,No Disponible,2024-07-23 21:11:00.054,2024-07-23 21:11:00.965,T,4.592869,-74.181403,1,3,False,2,35.0,-1,0.0,0.0,0.0,29.0,104981.275,-1,-1,85143,51019,98.0,59.92,45.0,42,2,87.0,23.0,0
E.1.0.0,577062,PB,Z374012,No Disponible,No Disponible,2024-07-23 21:09:00.284,2024-07-23 21:09:01.631,T,4.592869,-74.181403,1,3,False,2,35.0,-1,2.848,-0.079,111.0,29.0,104981.255,-1,-1,85143,51019,98.0,59.92,45.0,27,1,87.0,23.0,0
E.1.0.0,575628,PB,Z374012,No Disponible,No Disponible,2024-07-23 05:59:00.627,2024-07-23 05:59:01.908,T,4.592553,-74.182486,1,3,False,2,35.0,-1,0.0,0.0,0.0,29.0,104980.065,-1,-1,85143,51019,100.0,59.92,25.0,42,32,87.0,28.0,0
E.1.0.0,575909,PB,Z374012,No Disponible,No Disponible,2024-07-23 15:47:00.036,2024-07-23 15:47:01.706,T,4.592886,-74.182542,1,3,False,2,35.0,-1,0.0,0.0,1.0,49.0,104980.11,-1,-1,85143,51019,100.0,59.92,35.0,29,3,87.0,24.0,0
E.1.0.0,576922,PB,Z374012,No Disponible,No Disponible,2024-07-23 20:36:00.354,2024-07-23 20:36:01.107,T,4.592697,-74.182239,1,3,False,2,35.0,-1,0.0,0.0,0.0,29.0,104980.835,-1,-1,85143,51019,98.0,59.92,44.0,27,1,87.0,23.0,0
E.1.0.0,576986,PB,Z374012,No Disponible,No Disponible,2024-07-23 20:52:00.666,2024-07-23 20:52:01.343,T,4.592697,-74.182239,1,3,False,2,35.0,-1,0.0,0.0,0.0,29.0,104980.835,-1,-1,85143,51019,98.0,59.92,45.0,34,1,87.0,23.0,0
E.1.0.0,576616,PB,Z374012,No Disponible,No Disponible,2024-07-23 19:29:00.971,2024-07-23 19:29:02.003,T,4.592619,-74.182489,1,3,False,2,35.0,-1,0.0,0.0,0.0,49.0,104980.235,-1,-1,85143,51019,99.0,59.92,40.0,30,1,87.0,23.0,0
E.1.0.0,576436,PB,Z374012,No Disponible,No Disponible,2024-07-23 17:44:00.262,2024-07-23 17:44:01.133,T,4.592886,-74.182542,1,3,False,2,35.0,-1,0.0,0.0,0.0,49.0,104980.11,-1,-1,85145,51019,99.0,59.92,46.0,29,2,87.0,24.0,0
E.1.0.0,576886,PB,Z374012,No Disponible,No Disponible,2024-07-23 20:27:00.542,2024-07-23 20:27:01.956,T,4.592697,-74.182239,1,3,False,2,35.0,-1,0.0,0.0,0.0,29.0,104980.835,-1,-1,85143,51019,98.0,59.92,44.0,29,1,87.0,23.0,0
E.1.0.0,576823,PB,Z374012,EM,No Disponible,2024-07-23 20:13:01.496,2024-07-23 20:13:02.502,T,4.592697,-74.182239,1,3,False,2,35.0,-1,7.133,0.797,319.0,29.0,104980.815,-1,-1,85142,51019,98.0,59.92,43.0,27,1,87.0,23.0,0
E.1.0.0,575916,PB,Z374012,No Disponible,No Disponible,2024-07-23 15:48:00.036,2024-07-23 15:48:00.656,T,4.592886,-74.182542,1,3,False,2,35.0,-1,0.0,0.0,0.0,49.0,104980.11,-1,-1,85143,51019,100.0,59.92,36.0,29,2,87.0,24.0,0
E.1.0.0,576718,PB,Z374012,No Disponible,No Disponible,2024-07-23 19:53:00.638,2024-07-23 19:53:01.648,T,4.592619,-74.182489,1,3,False,2,35.0,-1,0.0,0.0,0.0,29.0,104980.235,-1,-1,85143,51019,99.0,59.92,42.0,30,1,87.0,23.0,0
E.1.0.0,575886,PB,Z374012,No Disponible,No Disponible,2024-07-23 15:42:00.045,2024-07-23 15:42:00.636,T,4.592886,-74.182542,1,3,False,2,35.0,-1,0.0,0.0,0.0,49.0,104980.11,-1,-1,85143,51019,100.0,59.92,34.0,32,3,87.0,24.0,0
E.1.0.0,576035,PB,Z374012,No Disponible,No Disponible,2024-07-23 16:14:00.026,2024-07-23 16:14:00.656,T,4.592886,-74.182542,1,3,False,2,35.0,-1,0.0,0.0,0.0,49.0,104980.11,-1,-1,85143,51019,100.0,59.92,39.0,28,1,87.0,24.0,0
E.1.0.0,576862,PB,Z374012,No Disponible,No Disponible,2024-07-23 20:21:00.161,2024-07-23 20:21:01.518,T,4.592697,-74.182239,1,3,False,2,35.0,-1,0.0,0.0,1.0,29.0,104980.835,-1,-1,85143,51019,98.0,59.92,44.0,30,1,87.0,23.0,0
E.1.0.0,576111,PB,Z374012,No Disponible,No Disponible,2024-07-23 16:33:00.186,2024-07-23 16:33:01.203,T,4.592886,-74.182542,1,3,False,2,35.0,-1,0.0,0.0,0.0,49.0,104980.11,-1,-1,85144,51019,100.0,59.92,41.0,49,1,87.0,24.0,0
E.1.0.0,576346,PB,Z374012,No Disponible,No Disponible,2024-07-23 17:23:00.384,2024-07-23 17:23:01.316,T,4.592886,-74.182542,1,3,False,2,35.0,-1,0.0,0.0,0.0,49.0,104980.11,-1,-1,85145,51019,99.0,59.92,45.0,28,1,87.0,24.0,0
E.1.0.0,576878,PB,Z374012,No Disponible,No Disponible,2024-07-23 20:25:01.150,2024-07-23 20:25:01.823,T,4.592697,-74.182239,1,3,False,2,35.0,-1,0.0,0.0,0.0,29.0,104980.835,-1,-1,85143,51019,98.0,59.92,44.0,27,1,87.0,23.0,0
E.1.0.0,577034,PB,Z374012,No Disponible,No Disponible,2024-07-23 21:04:00.463,2024-07-23 21:04:02.078,T,4.592697,-74.182239,1,3,False,2,35.0,-1,0.0,0.0,0.0,29.0,104980.835,-1,-1,85143,51019,98.0,59.92,45.0,28,1,87.0,23.0,0
E.1.0.0,575725,PB,Z374012,No Disponible,No Disponible,2024-07-23 06:22:00.667,2024-07-23 06:22:02.964,T,4.592633,-74.182314,1,3,False,2,35.0,-1,0.0,0.0,0.0,29.0,104980.11,-1,-1,85144,51019,100.0,59.92,30.0,28,29,87.0,28.0,0
E.1.0.0,576548,PB,Z374012,No Disponible,No Disponible,2024-07-23 19:12:00.488,2024-07-23 19:12:01.521,T,4.592619,-74.182489,1,3,False,2,35.0,-1,0.0,0.0,0.0,49.0,104980.235,-1,-1,85143,51019,99.0,59.92,38.0,38,1,87.0,23.0,0
E.1.0.0,576829,PB,Z374012,EM,No Disponible,2024-07-23 20:14:00.652,2024-07-23 20:14:02.266,T,4.592697,-74.182239,1,3,False,2,35.0,-1,0.0,0.0,0.0,29.0,104980.835,-1,-1,85142,51019,98.0,59.92,43.0,30,1,87.0,23.0,0
E.1.0.0,576115,PB,Z374012,No Disponible,No Disponible,2024-07-23 16:34:00.043,2024-07-23 16:34:01.493,T,4.592886,-74.182542,1,3,False,2,35.0,-1,0.0,0.0,0.0,49.0,104980.11,-1,-1,85144,51019,100.0,59.92,41.0,28,1,87.0,24.0,0
E.1.0.0,575831,PB,Z374012,No Disponible,No Disponible,2024-07-23 15:29:00.372,2024-07-23 15:29:01.120,T,4.592886,-74.182542,1,3,False,2,35.0,-1,0.0,0.0,0.0,49.0,104980.11,-1,-1,85143,51019,100.0,59.92,30.0,27,4,87.0,24.0,0
E.1.0.0,577071,PB,Z374012,No Disponible,No Disponible,2024-07-23 21:10:00.054,2024-07-23 21:10:00.745,T,4.592869,-74.181403,1,3,False,2,35.0,-1,0.0,0.0,0.0,29.0,104981.275,-1,-1,85143,51019,98.0,59.92,45.0,29,1,87.0,23.0,0
E.1.0.0,575657,PB,Z374012,No Disponible,No Disponible,2024-07-23 06:05:00.666,2024-07-23 06:05:01.680,T,4.592633,-74.182314,1,3,False,2,35.0,-1,0.0,0.0,0.0,29.0,104980.11,-1,-1,85144,51019,100.0,59.92,27.0,28,31,87.0,28.0,0
E.1.0.0,576588,PB,Z374012,No Disponible,No Disponible,2024-07-23 19:22:00.490,2024-07-23 19:22:01.433,T,4.592619,-74.182489,1,3,False,2,35.0,-1,0.0,0.0,0.0,49.0,104980.235,-1,-1,85143,51019,99.0,59.92,39.0,27,1,87.0,23.0,0
E.1.0.0,576556,PB,Z374012,No Disponible,No Disponible,2024-07-23 19:14:01.239,2024-07-23 19:14:03.516,T,4.592619,-74.182489,1,3,False,2,35.0,-1,0.0,0.0,0.0,49.0,104980.235,-1,-1,85143,51019,99.0,59.92,38.0,45,1,87.0,23.0,0
E.1.0.0,575744,PB,Z374012,No Disponible,No Disponible,2024-07-23 06:26:00.032,2024-07-23 06:26:01.040,T,4.592633,-74.182314,1,3,False,2,35.0,-1,0.0,0.0,1.0,29.0,104980.11,-1,-1,85144,51019,100.0,59.92,31.0,28,28,87.0,28.0,0
E.1.0.0,576416,PB,Z374012,No Disponible,No Disponible,2024-07-23 17:39:01.575,2024-07-23 17:39:03.916,T,4.592886,-74.182542,1,3,False,2,35.0,-1,0.0,0.0,1.0,49.0,104980.11,-1,-1,85145,51019,99.0,59.92,45.0,26,2,87.0,24.0,0
E.1.0.0,576966,PB,Z374012,No Disponible,No Disponible,2024-07-23 20:47:00.840,2024-07-23 20:47:02.205,T,4.592697,-74.182239,1,3,False,2,35.0,-1,0.0,0.0,0.0,29.0,104980.835,-1,-1,85143,51019,98.0,59.92,45.0,30,1,87.0,23.0,0
E.1.0.0,576475,PB,Z374012,No Disponible,No Disponible,2024-07-23 17:52:00.654,2024-07-23 17:52:01.926,T,4.592886,-74.182542,1,3,False,2,35.0,-1,3.281,-0.052,129.0,49.0,104980.135,-1,-1,85145,51019,99.0,59.92,46.0,29,1,87.0,24.0,1
E.1.0.0,576710,PB,Z374012,No Disponible,No Disponible,2024-07-23 19:51:00.046,2024-07-23 19:51:01.726,T,4.592619,-74.182489,1,3,False,2,35.0,-1,0.0,0.0,0.0,29.0,104980.235,-1,-1,85143,51019,99.0,59.92,42.0,28,1,87.0,23.0,0
E.1.0.0,576572,PB,Z374012,No Disponible,No Disponible,2024-07-23 19:18:00.113,2024-07-23 19:18:01.479,T,4.592619,-74.182489,1,3,False,2,35.0,-1,0.0,0.0,0.0,49.0,104980.235,-1,-1,85143,51019,99.0,59.92,39.0,32,1,87.0,23.0,0
E.1.0.0,577104,PB,Z374012,No Disponible,No Disponible,2024-07-23 23:15:00.037,2024-07-23 23:15:00.917,T,4.592669,-74.181692,1,3,False,2,35.0,-1,0.0,0.0,45.0,30.0,104981.535,-1,-1,85143,51019,97.0,59.92,30.0,28,4,87.0,22.0,1
E.1.0.0,576171,PB,Z374012,No Disponible,No Disponible,2024-07-23 16:48:00.116,2024-07-23 16:48:02.516,T,4.592886,-74.182542,1,3,False,2,35.0,-1,0.0,0.0,0.0,49.0,104980.11,-1,-1,85144,51019,99.0,59.92,42.0,28,1,87.0,24.0,0
E.1.0.0,576672,PB,Z374012,No Disponible,No Disponible,2024-07-23 19:42:00.721,2024-07-23 19:42:01.339,T,4.592619,-74.182489,1,3,False,2,35.0,-1,0.0,0.0,0.0,29.0,104980.235,-1,-1,85143,51019,99.0,59.92,41.0,29,1,87.0,23.0,0
E.1.0.0,576734,PB,Z374012,No Disponible,No Disponible,2024-07-23 19:57:00.373,2024-07-23 19:57:01.643,T,4.592619,-74.182489,1,3,False,2,35.0,-1,0.0,0.0,0.0,29.0,104980.235,-1,-1,85143,51019,99.0,59.92,42.0,29,1,87.0,23.0,0
E.1.0.0,576019,PB,Z374012,No Disponible,No Disponible,2024-07-23 16:10:00.046,2024-07-23 16:10:01.656,T,4.592886,-74.182542,1,3,False,2,35.0,-1,0.0,0.0,0.0,49.0,104980.11,-1,-1,85143,51019,100.0,59.92,39.0,28,2,87.0,24.0,0
E.1.0.0,576874,PB,Z374012,No Disponible,No Disponible,2024-07-23 20:24:00.363,2024-07-23 20:24:01.369,T,4.592697,-74.182239,1,3,False,2,35.0,-1,0.0,0.0,0.0,29.0,104980.835,-1,-1,85143,51019,98.0,59.92,44.0,28,1,87.0,23.0,0
E.1.0.0,576564,PB,Z374012,No Disponible,No Disponible,2024-07-23 19:16:00.347,2024-07-23 19:16:01.372,T,4.592619,-74.182489,1,3,False,2,35.0,-1,0.0,0.0,0.0,49.0,104980.235,-1,-1,85143,51019,99.0,59.92,38.0,29,1,87.0,23.0,0
E.1.0.0,575757,PB,Z374012,No Disponible,No Disponible,2024-07-23 06:28:00.042,2024-07-23 06:28:00.682,T,4.592633,-74.182314,1,3,False,2,35.0,-1,0.0,0.0,1.0,29.0,104980.11,-1,-1,85144,51019,100.0,59.92,30.0,44,28,87.0,27.0,0
E.1.0.0,576309,PB,Z374012,No Disponible,No Disponible,2024-07-23 17:16:00.036,2024-07-23 17:16:01.646,T,4.592886,-74.182542,1,3,False,2,35.0,-1,0.0,0.0,0.0,49.0,104980.11,-1,-1,85145,51019,99.0,59.92,44.0,29,2,87.0,24.0,0
E.1.0.0,576186,PB,Z374012,No Disponible,No Disponible,2024-07-23 16:51:00.036,2024-07-23 16:51:00.626,T,4.592886,-74.182542,1,3,False,2,35.0,-1,0.0,0.0,0.0,49.0,104980.11,-1,-1,85144,51019,99.0,59.92,42.0,28,1,87.0,24.0,0
E.1.0.0,576882,PB,Z374012,No Disponible,No Disponible,2024-07-23 20:26:00.567,2024-07-23 20:26:01.602,T,4.592697,-74.182239,1,3,False,2,35.0,-1,0.0,0.0,0.0,29.0,104980.835,-1,-1,85143,51019,98.0,59.92,44.0,28,1,87.0,23.0,0
E.1.0.0,577022,PB,Z374012,No Disponible,No Disponible,2024-07-23 21:01:00.352,2024-07-23 21:01:01.888,T,4.592697,-74.182239,1,3,False,2,35.0,-1,0.0,0.0,0.0,29.0,104980.835,-1,-1,85143,51019,98.0,59.92,45.0,32,1,87.0,23.0,0
E.1.0.0,575816,PB,Z374012,No Disponible,No Disponible,2024-07-23 15:26:00.478,2024-07-23 15:26:01.521,T,4.592886,-74.182542,1,3,False,2,35.0,-1,0.0,0.0,0.0,49.0,104980.11,-1,-1,85142,51019,100.0,59.92,29.0,28,8,87.0,24.0,0
E.1.0.0,576285,PB,Z374012,No Disponible,No Disponible,2024-07-23 17:12:00.054,2024-07-23 17:12:02.004,T,4.592886,-74.182542,1,3,False,2,35.0,-1,0.0,0.0,0.0,49.0,104980.11,-1,-1,85145,51019,99.0,59.92,44.0,28,2,87.0,24.0,0
E.1.0.0,576722,PB,Z374012,No Disponible,No Disponible,2024-07-23 19:54:00.456,2024-07-23 19:54:01.126,T,4.592619,-74.182489,1,3,False,2,35.0,-1,0.0,0.0,0.0,29.0,104980.235,-1,-1,85143,51019,99.0,59.92,42.0,30,1,87.0,23.0,0
E.1.0.0,576954,PB,Z374012,No Disponible,No Disponible,2024-07-23 20:44:00.577,2024-07-23 20:44:01.251,T,4.592697,-74.182239,1,3,False,2,35.0,-1,0.0,0.0,0.0,29.0,104980.835,-1,-1,85143,51019,98.0,59.92,44.0,29,1,87.0,23.0,0
E.1.0.0,576694,PB,Z374012,No Disponible,No Disponible,2024-07-23 19:47:00.369,2024-07-23 19:47:01.646,T,4.592619,-74.182489,1,3,False,2,35.0,-1,0.0,0.0,0.0,29.0,104980.235,-1,-1,85143,51019,99.0,59.92,42.0,30,1,87.0,23.0,0
E.1.0.0,576059,PB,Z374012,No Disponible,No Disponible,2024-07-23 16:20:00.196,2024-07-23 16:20:01.847,T,4.592886,-74.182542,1,3,False,2,35.0,-1,0.0,0.0,0.0,49.0,104980.11,-1,-1,85143,51019,100.0,59.92,40.0,30,1,87.0,24.0,0
E.1.0.0,576087,PB,Z374012,No Disponible,No Disponible,2024-07-23 16:27:00.035,2024-07-23 16:27:00.923,T,4.592886,-74.182542,1,3,False,2,35.0,-1,0.0,0.0,0.0,49.0,104980.11,-1,-1,85144,51019,100.0,59.92,41.0,29,1,87.0,24.0,0
E.1.0.0,576898,PB,Z374012,No Disponible,No Disponible,2024-07-23 20:30:00.784,2024-07-23 20:30:02.171,T,4.592697,-74.182239,1,3,False,2,35.0,-1,0.0,0.0,0.0,29.0,104980.835,-1,-1,85143,51019,98.0,59.92,44.0,28,1,87.0,23.0,0
E.1.0.0,575665,PB,Z374012,No Disponible,No Disponible,2024-07-23 06:07:00.590,2024-07-23 06:07:02.594,T,4.592633,-74.182314,1,3,False,2,35.0,-1,0.0,0.0,0.0,29.0,104980.11,-1,-1,85144,51019,100.0,59.92,27.0,28,31,87.0,28.0,0
E.1.0.0,575859,PB,Z374012,No Disponible,No Disponible,2024-07-23 15:36:00.602,2024-07-23 15:36:01.274,T,4.592886,-74.182542,1,3,False,2,35.0,-1,0.0,0.0,0.0,49.0,104980.11,-1,-1,85143,51019,100.0,59.92,33.0,28,3,87.0,24.0,0
E.1.0.0,577002,PB,Z374012,No Disponible,No Disponible,2024-07-23 20:56:00.075,2024-07-23 20:56:01.083,T,4.592697,-74.182239,1,3,False,2,35.0,-1,0.0,0.0,0.0,29.0,104980.835,-1,-1,85143,51019,98.0,59.92,45.0,28,1,87.0,23.0,0
E.1.0.0,576360,PB,Z374012,No Disponible,No Disponible,2024-07-23 17:26:00.030,2024-07-23 17:26:01.271,T,4.592886,-74.182542,1,3,False,2,35.0,-1,0.0,0.0,1.0,49.0,104980.11,-1,-1,85145,51019,99.0,59.92,45.0,31,2,87.0,24.0,0
E.1.0.0,576978,PB,Z374012,No Disponible,No Disponible,2024-07-23 20:50:02.095,2024-07-23 20:50:04.375,T,4.592697,-74.182239,1,3,False,2,35.0,-1,0.0,0.0,0.0,29.0,104980.835,-1,-1,85143,51019,98.0,59.92,45.0,32,1,87.0,23.0,0
E.1.0.0,576652,PB,Z374012,No Disponible,No Disponible,2024-07-23 19:38:00.438,2024-07-23 19:38:01.122,T,4.592619,-74.182489,1,3,False,2,35.0,-1,0.0,0.0,0.0,49.0,104980.235,-1,-1,85143,51019,99.0,59.92,41.0,30,1,87.0,23.0,0
E.1.0.0,576027,PB,Z374012,No Disponible,No Disponible,2024-07-23 16:12:00.356,2024-07-23 16:12:00.876,T,4.592886,-74.182542,1,3,False,2,35.0,-1,0.0,0.0,0.0,49.0,104980.11,-1,-1,85143,51019,100.0,59.92,39.0,27,3,87.0,24.0,0
E.1.0.0,575677,PB,Z374012,No Disponible,No Disponible,2024-07-23 06:10:00.443,2024-07-23 06:10:01.124,T,4.592633,-74.182314,1,3,False,2,35.0,-1,0.0,0.0,0.0,29.0,104980.11,-1,-1,85144,51019,100.0,59.92,28.0,32,30,87.0,28.0,0
E.1.0.0,576147,PB,Z374012,No Disponible,No Disponible,2024-07-23 16:42:00.663,2024-07-23 16:42:01.680,T,4.592886,-74.182542,1,3,False,2,35.0,-1,0.0,0.0,0.0,49.0,104980.11,-1,-1,85144,51019,100.0,59.92,42.0,28,1,87.0,24.0,0
E.1.0.0,576233,PB,Z374012,No Disponible,No Disponible,2024-07-23 17:02:00.026,2024-07-23 17:02:01.492,T,4.592886,-74.182542,1,3,False,2,35.0,-1,0.0,0.0,0.0,46.0,104980.11,-1,-1,85144,51019,99.0,59.92,43.0,29,1,87.0,24.0,0
E.1.0.0,576684,PB,Z374012,No Disponible,No Disponible,2024-07-23 19:45:01.181,2024-07-23 19:45:02.189,T,4.592619,-74.182489,1,3,False,2,35.0,-1,0.0,0.0,0.0,29.0,104980.235,-1,-1,85143,51019,99.0,59.92,42.0,27,1,87.0,23.0,0
E.1.0.0,577130,PB,Z374012,No Disponible,No Disponible,2024-07-23 23:20:00.046,2024-07-23 23:20:01.556,T,4.592669,-74.181692,1,3,False,2,35.0,-1,0.0,0.0,0.0,30.0,104981.55,-1,-1,85143,51019,97.0,59.92,32.0,28,4,87.0,22.0,0
E.1.0.0,576369,PB,Z374012,No Disponible,No Disponible,2024-07-23 17:28:00.031,2024-07-23 17:28:01.114,T,4.592886,-74.182542,1,3,False,2,35.0,-1,0.0,0.0,0.0,49.0,104980.11,-1,-1,85145,51019,99.0,59.92,45.0,27,1,87.0,24.0,0
E.1.0.0,576071,PB,Z374012,No Disponible,No Disponible,2024-07-23 16:23:00.036,2024-07-23 16:23:01.158,T,4.592886,-74.182542,1,3,False,2,35.0,-1,0.0,0.0,0.0,49.0,104980.11,-1,-1,85144,51019,100.0,59.92,40.0,29,1,87.0,24.0,0
E.1.0.0,576003,PB,Z374012,No Disponible,No Disponible,2024-07-23 16:06:00.951,2024-07-23 16:06:01.977,T,4.592886,-74.182542,1,3,False,2,35.0,-1,0.0,0.0,1.0,49.0,104980.11,-1,-1,85143,51019,100.0,59.92,38.0,28,3,87.0,24.0,0
E.1.0.0,576225,PB,Z374012,No Disponible,No Disponible,2024-07-23 17:00:00.026,2024-07-23 17:00:00.717,T,4.592886,-74.182542,1,3,False,2,35.0,-1,0.0,0.0,0.0,45.0,104980.11,-1,-1,85144,51019,99.0,59.92,43.0,28,1,87.0,24.0,0
E.1.0.0,577087,PB,Z374012,No Disponible,No Disponible,2024-07-23 21:14:00.056,2024-07-23 21:14:00.976,T,4.592869,-74.181403,1,3,False,2,35.0,-1,0.0,0.0,0.0,29.0,104981.275,-1,-1,85143,51019,98.0,59.92,45.0,27,1,87.0,23.0,0
E.1.0.0,576906,PB,Z374012,No Disponible,No Disponible,2024-07-23 20:32:00.635,2024-07-23 20:32:01.641,T,4.592697,-74.182239,1,3,False,2,35.0,-1,0.0,0.0,0.0,29.0,104980.835,-1,-1,85143,51019,98.0,59.92,44.0,47,1,87.0,23.0,0
E.1.0.0,576091,PB,Z374012,No Disponible,No Disponible,2024-07-23 16:28:00.045,2024-07-23 16:28:01.115,T,4.592886,-74.182542,1,3,False,2,35.0,-1,0.0,0.0,1.0,49.0,104980.11,-1,-1,85144,51019,100.0,59.92,41.0,28,1,87.0,24.0,0
E.1.0.0,576217,PB,Z374012,No Disponible,No Disponible,2024-07-23 16:58:00.027,2024-07-23 16:58:00.696,T,4.592886,-74.182542,1,3,False,2,35.0,-1,0.0,0.0,0.0,50.0,104980.11,-1,-1,85144,51019,99.0,59.92,43.0,30,1,87.0,24.0,0
E.1.0.0,575765,PB,Z374012,No Disponible,No Disponible,2024-07-23 06:30:00.046,2024-07-23 06:30:00.956,T,4.592633,-74.182314,1,3,False,2,35.0,-1,0.0,0.0,1.0,29.0,104980.11,-1,-1,85144,51019,100.0,59.92,31.0,37,29,87.0,27.0,0
E.1.0.0,575789,PB,Z374012,No Disponible,No Disponible,2024-07-23 14:01:00.026,2024-07-23 14:01:01.096,T,4.592961,-74.182564,1,3,False,2,0.0,-1,0.0,0.0,0.0,100.0,104980.11,-1,-1,85144,51019,0.0,59.92,28.0,27,9,87.0,0.0,0
E.1.0.0,576930,PB,Z374012,No Disponible,No Disponible,2024-07-23 20:38:00.611,2024-07-23 20:38:01.631,T,4.592697,-74.182239,1,3,False,2,35.0,-1,0.0,0.0,0.0,29.0,104980.835,-1,-1,85143,51019,98.0,59.92,44.0,27,1,87.0,23.0,0
E.1.0.0,576982,PB,Z374012,No Disponible,No Disponible,2024-07-23 20:51:00.275,2024-07-23 20:51:01.286,T,4.592697,-74.182239,1,3,False,2,35.0,-1,0.0,0.0,0.0,29.0,104980.835,-1,-1,85143,51019,98.0,59.92,45.0,30,1,87.0,23.0,0
E.1.0.0,576051,PB,Z374012,No Disponible,No Disponible,2024-07-23 16:18:00.046,2024-07-23 16:18:01.067,T,4.592886,-74.182542,1,3,False,2,35.0,-1,0.0,0.0,1.0,49.0,104980.11,-1,-1,85143,51019,100.0,59.92,40.0,26,1,87.0,24.0,0
E.1.0.0,575987,PB,Z374012,No Disponible,No Disponible,2024-07-23 16:02:00.789,2024-07-23 16:02:02.465,T,4.592886,-74.182542,1,3,False,2,35.0,-1,0.0,0.0,0.0,49.0,104980.11,-1,-1,85143,51019,100.0,59.92,38.0,27,4,87.0,24.0,0
E.1.0.0,575773,PB,Z374012,No Disponible,No Disponible,2024-07-23 06:32:00.036,2024-07-23 06:32:00.926,T,4.592633,-74.182314,1,3,False,2,35.0,-1,0.0,0.0,1.0,29.0,104980.11,-1,-1,85144,51019,100.0,59.92,31.0,39,29,87.0,27.0,0
E.1.0.0,576365,PB,Z374012,No Disponible,No Disponible,2024-07-23 17:27:00.040,2024-07-23 17:27:00.901,T,4.592886,-74.182542,1,3,False,2,35.0,-1,0.0,0.0,0.0,49.0,104980.11,-1,-1,85145,51019,99.0,59.92,45.0,27,1,87.0,24.0,0
E.1.0.0,576249,PB,Z374012,No Disponible,No Disponible,2024-07-23 17:06:00.024,2024-07-23 17:06:01.794,T,4.592886,-74.182542,1,3,False,2,35.0,-1,0.0,0.0,0.0,49.0,104980.11,-1,-1,85144,51019,99.0,59.92,43.0,29,2,87.0,24.0,0
E.1.0.0,577006,PB,Z374012,No Disponible,No Disponible,2024-07-23 20:57:00.855,2024-07-23 20:57:02.246,T,4.592697,-74.182239,1,3,False,2,35.0,-1,0.0,0.0,0.0,29.0,104980.835,-1,-1,85143,51019,98.0,59.92,45.0,28,1,87.0,23.0,0
E.1.0.0,575801,PB,Z374012,No Disponible,No Disponible,2024-07-23 14:04:00.036,2024-07-23 14:04:00.606,T,4.592961,-74.182564,1,3,False,2,0.0,-1,0.0,0.0,0.0,100.0,104980.11,-1,-1,85144,51019,0.0,59.92,29.0,28,6,87.0,0.0,0
E.1.0.0,576103,PB,Z374012,No Disponible,No Disponible,2024-07-23 16:31:00.603,2024-07-23 16:31:01.886,T,4.592886,-74.182542,1,3,False,2,35.0,-1,0.0,0.0,0.0,49.0,104980.11,-1,-1,85144,51019,100.0,59.92,41.0,28,1,87.0,24.0,0
E.1.0.0,576209,PB,Z374012,No Disponible,No Disponible,2024-07-23 16:56:00.126,2024-07-23 16:56:01.336,T,4.592886,-74.182542,1,3,False,2,35.0,-1,0.0,0.0,0.0,50.0,104980.11,-1,-1,85144,51019,99.0,59.92,43.0,28,1,87.0,24.0,0
E.1.0.0,576742,PB,Z374012,No Disponible,No Disponible,2024-07-23 19:59:00.533,2024-07-23 19:59:01.551,T,4.592619,-74.182489,1,3,False,2,35.0,-1,0.0,0.0,0.0,29.0,104980.235,-1,-1,85143,51019,99.0,59.92,42.0,28,1,87.0,23.0,0
E.1.0.0,576568,PB,Z374012,No Disponible,No Disponible,2024-07-23 19:17:00.343,2024-07-23 19:17:01.694,T,4.592619,-74.182489,1,3,False,2,35.0,-1,0.0,0.0,0.0,49.0,104980.235,-1,-1,85143,51019,99.0,59.92,38.0,28,1,87.0,23.0,0
E.1.0.0,576229,PB,Z374012,No Disponible,No Disponible,2024-07-23 17:01:00.046,2024-07-23 17:01:01.132,T,4.592886,-74.182542,1,3,False,2,35.0,-1,0.0,0.0,0.0,46.0,104980.11,-1,-1,85144,51019,99.0,59.92,43.0,36,1,87.0,24.0,0
E.1.0.0,575965,PB,Z374012,No Disponible,No Disponible,2024-07-23 15:57:00.035,2024-07-23 15:57:00.695,T,4.592886,-74.182542,1,3,False,2,35.0,-1,0.0,0.0,1.0,49.0,104980.11,-1,-1,85143,51019,100.0,59.92,37.0,28,1,87.0,24.0,0
E.1.0.0,575983,PB,Z374012,No Disponible,No Disponible,2024-07-23 16:01:00.155,2024-07-23 16:01:02.105,T,4.592886,-74.182542,1,3,False,2,35.0,-1,0.0,0.0,1.0,49.0,104980.11,-1,-1,85143,51019,100.0,59.92,38.0,27,4,87.0,24.0,0
E.1.0.0,577026,PB,Z374012,No Disponible,No Disponible,2024-07-23 21:02:00.338,2024-07-23 21:02:01.972,T,4.592697,-74.182239,1,3,False,2,35.0,-1,0.0,0.0,0.0,29.0,104980.835,-1,-1,85143,51019,98.0,59.92,45.0,30,1,87.0,23.0,0
E.1.0.0,576023,PB,Z374012,No Disponible,No Disponible,2024-07-23 16:11:00.036,2024-07-23 16:11:00.747,T,4.592886,-74.182542,1,3,False,2,35.0,-1,0.0,0.0,0.0,49.0,104980.11,-1,-1,85143,51019,100.0,59.92,39.0,28,3,87.0,24.0,0
E.1.0.0,575697,PB,Z374012,No Disponible,No Disponible,2024-07-23 06:15:01.383,2024-07-23 06:15:03.409,T,4.592633,-74.182314,1,3,False,2,35.0,-1,0.0,0.0,0.0,29.0,104980.11,-1,-1,85144,51019,100.0,59.92,29.0,27,30,87.0,28.0,0
E.1.0.0,576498,PB,Z374012,No Disponible,No Disponible,2024-07-23 17:56:00.029,2024-07-23 17:56:00.599,T,4.592886,-74.182542,1,3,False,2,35.0,-1,0.0,0.0,0.0,49.0,104980.165,-1,-1,85145,51019,99.0,59.92,46.0,29,3,87.0,24.0,0
E.1.0.0,575769,PB,Z374012,No Disponible,No Disponible,2024-07-23 06:31:00.036,2024-07-23 06:31:00.924,T,4.592633,-74.182314,1,3,False,2,35.0,-1,0.0,0.0,1.0,29.0,104980.11,-1,-1,85144,51019,100.0,59.92,31.0,31,29,87.0,27.0,0
E.1.0.0,576047,PB,Z374012,No Disponible,No Disponible,2024-07-23 16:17:00.046,2024-07-23 16:17:01.536,T,4.592886,-74.182542,1,3,False,2,35.0,-1,0.0,0.0,0.0,49.0,104980.11,-1,-1,85143,51019,100.0,59.92,40.0,29,1,87.0,24.0,0
E.1.0.0,576662,PB,Z374012,No Disponible,No Disponible,2024-07-23 19:40:00.062,2024-07-23 19:40:01.072,T,4.592619,-74.182489,1,3,False,2,35.0,-1,0.0,0.0,0.0,49.0,104980.235,-1,-1,85143,51019,99.0,59.92,41.0,30,1,87.0,23.0,0
E.1.0.0,576520,PB,Z374012,No Disponible,No Disponible,2024-07-23 19:06:00.047,2024-07-23 19:06:12.476,T,4.592619,-74.182489,1,3,True,2,35.0,-1,0.0,0.0,0.0,49.0,104980.175,-1,-1,85143,51019,99.0,59.92,36.0,29,1,87.0,23.0,0
E.1.0.0,575685,PB,Z374012,No Disponible,No Disponible,2024-07-23 06:12:00.624,2024-07-23 06:12:02.038,T,4.592633,-74.182314,1,3,False,2,35.0,-1,0.0,0.0,0.0,29.0,104980.11,-1,-1,85144,51019,100.0,59.92,28.0,35,30,87.0,28.0,0
E.1.0.0,576596,PB,Z374012,No Disponible,No Disponible,2024-07-23 19:24:00.123,2024-07-23 19:24:01.413,T,4.592619,-74.182489,1,3,False,2,35.0,-1,0.0,0.0,0.0,49.0,104980.235,-1,-1,85143,51019,99.0,59.92,40.0,31,1,87.0,23.0,0
E.1.0.0,576926,PB,Z374012,No Disponible,No Disponible,2024-07-23 20:37:00.820,2024-07-23 20:37:02.827,T,4.592697,-74.182239,1,3,False,2,35.0,-1,0.0,0.0,0.0,29.0,104980.835,-1,-1,85143,51019,98.0,59.92,44.0,28,1,87.0,23.0,0
E.1.0.0,577099,PB,Z374012,No Disponible,No Disponible,2024-07-23 23:14:01.487,2024-07-23 23:14:01.824,T,4.593075,-74.181883,1,3,False,2,35.0,-1,0.0,0.0,0.0,30.0,104981.3,-1,-1,85142,51019,98.0,59.92,30.0,30,5,87.0,22.0,0
E.1.0.0,575950,PB,Z374012,No Disponible,No Disponible,2024-07-23 15:54:00.055,2024-07-23 15:54:00.936,T,4.592886,-74.182542,1,3,False,2,35.0,-1,0.0,0.0,0.0,49.0,104980.11,-1,-1,85143,51019,100.0,59.92,37.0,39,2,87.0,24.0,0
E.1.0.0,576400,PB,Z374012,No Disponible,No Disponible,2024-07-23 17:35:00.476,2024-07-23 17:35:01.152,T,4.592886,-74.182542,1,3,False,2,35.0,-1,0.0,0.0,0.0,49.0,104980.11,-1,-1,85145,51019,99.0,59.92,45.0,26,1,87.0,24.0,0
E.1.0.0,575882,PB,Z374012,No Disponible,No Disponible,2024-07-23 15:41:00.484,2024-07-23 15:41:01.945,T,4.592886,-74.182542,1,3,False,2,35.0,-1,0.0,0.0,0.0,49.0,104980.11,-1,-1,85143,51019,100.0,59.92,34.0,29,2,87.0,24.0,0
E.1.0.0,576264,PB,Z374012,No Disponible,No Disponible,2024-07-23 17:08:00.303,2024-07-23 17:08:01.913,T,4.592886,-74.182542,1,3,False,2,35.0,-1,0.0,0.0,0.0,49.0,104980.11,-1,-1,85144,51019,99.0,59.92,44.0,29,1,87.0,24.0,0
E.1.0.0,575960,PB,Z374012,No Disponible,No Disponible,2024-07-23 15:56:00.035,2024-07-23 15:56:01.097,T,4.592886,-74.182542,1,3,False,2,35.0,-1,0.0,0.0,0.0,49.0,104980.11,-1,-1,85143,51019,100.0,59.92,37.0,27,1,87.0,24.0,0
E.1.0.0,576297,PB,Z374012,No Disponible,No Disponible,2024-07-23 17:14:00.664,2024-07-23 17:14:01.745,T,4.592886,-74.182542,1,3,False,2,35.0,-1,0.0,0.0,0.0,49.0,104980.11,-1,-1,85145,51019,99.0,59.92,44.0,30,2,87.0,24.0,0
E.1.0.0,575835,PB,Z374012,No Disponible,No Disponible,2024-07-23 15:30:01.355,2024-07-23 15:30:03.963,T,4.592886,-74.182542,1,3,False,2,35.0,-1,0.0,0.0,0.0,49.0,104980.11,-1,-1,85143,51019,100.0,59.92,31.0,28,4,87.0,24.0,0
E.1.0.0,577126,PB,Z374012,No Disponible,No Disponible,2024-07-23 23:19:00.036,2024-07-23 23:19:01.406,T,4.592669,-74.181692,1,3,False,2,35.0,-1,0.0,0.0,0.0,30.0,104981.55,-1,-1,85143,51019,97.0,59.92,32.0,28,2,87.0,22.0,0
E.1.0.0,576890,PB,Z374012,No Disponible,No Disponible,2024-07-23 20:28:00.130,2024-07-23 20:28:01.191,T,4.592697,-74.182239,1,3,False,2,35.0,-1,0.0,0.0,0.0,29.0,104980.835,-1,-1,85143,51019,98.0,59.92,44.0,28,1,87.0,23.0,0
E.1.0.0,577030,PB,Z374012,No Disponible,No Disponible,2024-07-23 21:03:00.148,2024-07-23 21:03:01.758,T,4.592697,-74.182239,1,3,False,2,35.0,-1,0.0,0.0,0.0,29.0,104980.835,-1,-1,85143,51019,98.0,59.92,45.0,30,1,87.0,23.0,0
E.1.0.0,575652,PB,Z374012,No Disponible,No Disponible,2024-07-23 06:04:00.501,2024-07-23 06:04:01.524,T,4.592553,-74.182486,1,3,False,2,35.0,-1,2.234,-0.21,76.0,29.0,104980.075,-1,-1,85144,51019,100.0,59.92,27.0,28,31,87.0,28.0,1
E.1.0.0,576690,PB,Z374012,No Disponible,No Disponible,2024-07-23 19:46:00.685,2024-07-23 19:46:01.374,T,4.592619,-74.182489,1,3,False,2,35.0,-1,0.0,0.0,0.0,29.0,104980.235,-1,-1,85143,51019,99.0,59.92,42.0,54,1,87.0,23.0,0
E.1.0.0,575991,PB,Z374012,No Disponible,No Disponible,2024-07-23 16:03:00.825,2024-07-23 16:03:01.498,T,4.592886,-74.182542,1,3,False,2,35.0,-1,0.0,0.0,0.0,49.0,104980.11,-1,-1,85143,51019,100.0,59.92,38.0,30,3,87.0,24.0,0
E.1.0.0,577108,PB,Z374012,No Disponible,No Disponible,2024-07-23 23:16:00.036,2024-07-23 23:16:01.058,T,4.592669,-74.181692,1,3,False,2,35.0,-1,0.0,0.0,0.0,30.0,104981.55,-1,-1,85143,51019,97.0,59.92,31.0,28,3,87.0,22.0,0
E.1.0.0,576011,PB,Z374012,No Disponible,No Disponible,2024-07-23 16:08:00.759,2024-07-23 16:08:01.660,T,4.592886,-74.182542,1,3,False,2,35.0,-1,0.0,0.0,0.0,49.0,104980.11,-1,-1,85143,51019,100.0,59.92,39.0,30,3,87.0,24.0,0
E.1.0.0,576854,PB,Z374012,No Disponible,No Disponible,2024-07-23 20:19:00.488,2024-07-23 20:19:02.551,T,4.592697,-74.182239,1,3,False,2,35.0,-1,0.0,0.0,0.0,29.0,104980.835,-1,-1,85143,51019,98.0,59.92,44.0,28,1,87.0,23.0,0
E.1.0.0,576268,PB,Z374012,No Disponible,No Disponible,2024-07-23 17:09:00.623,2024-07-23 17:09:01.305,T,4.592886,-74.182542,1,3,False,2,35.0,-1,0.0,0.0,1.0,49.0,104980.11,-1,-1,85144,51019,99.0,59.92,44.0,29,1,87.0,24.0,0
E.1.0.0,575713,PB,Z374012,No Disponible,No Disponible,2024-07-23 06:19:00.993,2024-07-23 06:19:01.669,T,4.592633,-74.182314,1,3,False,2,35.0,-1,0.0,0.0,1.0,29.0,104980.11,-1,-1,85144,51019,100.0,59.92,30.0,30,29,87.0,28.0,0
E.1.0.0,576813,PB,Z374012,EM,No Disponible,2024-07-23 20:12:00.031,2024-07-23 20:12:00.901,T,4.592697,-74.182239,1,3,False,2,35.0,-1,0.0,0.0,1.0,29.0,104980.81,-1,-1,85144,51019,98.0,59.92,43.0,30,1,87.0,23.0,0
E.1.0.0,576201,PB,Z374012,No Disponible,No Disponible,2024-07-23 16:54:00.046,2024-07-23 16:54:00.968,T,4.592886,-74.182542,1,3,False,2,35.0,-1,0.0,0.0,0.0,45.0,104980.11,-1,-1,85144,51019,99.0,59.92,43.0,28,1,87.0,24.0,0
E.1.0.0,575873,PB,Z374012,No Disponible,No Disponible,2024-07-23 15:39:00.025,2024-07-23 15:39:01.054,T,4.592886,-74.182542,1,3,False,2,35.0,-1,0.0,0.0,1.0,49.0,104980.11,-1,-1,85143,51019,100.0,59.92,33.0,28,2,87.0,24.0,0
E.1.0.0,576914,PB,Z374012,No Disponible,No Disponible,2024-07-23 20:34:00.489,2024-07-23 20:34:02.464,T,4.592697,-74.182239,1,3,False,2,35.0,-1,0.0,0.0,0.0,29.0,104980.835,-1,-1,85143,51019,98.0,59.92,44.0,30,2,87.0,23.0,0
E.1.0.0,576730,PB,Z374012,No Disponible,No Disponible,2024-07-23 19:56:00.417,2024-07-23 19:56:01.354,T,4.592619,-74.182489,1,3,False,2,35.0,-1,0.0,0.0,0.0,29.0,104980.235,-1,-1,85143,51019,99.0,59.92,42.0,33,1,87.0,23.0,0
E.1.0.0,576592,PB,Z374012,No Disponible,No Disponible,2024-07-23 19:23:00.565,2024-07-23 19:23:01.240,T,4.592619,-74.182489,1,3,False,2,35.0,-1,0.0,0.0,0.0,49.0,104980.235,-1,-1,85143,51019,99.0,59.92,40.0,29,1,87.0,23.0,0
E.1.0.0,575826,PB,Z374012,No Disponible,No Disponible,2024-07-23 15:28:00.143,2024-07-23 15:28:02.453,T,4.592886,-74.182542,1,3,False,2,35.0,-1,0.0,0.0,1.0,49.0,104980.11,-1,-1,85143,51019,100.0,59.92,30.0,32,6,87.0,24.0,0
E.1.0.0,576272,PB,Z374012,No Disponible,No Disponible,2024-07-23 17:10:00.563,2024-07-23 17:10:01.235,T,4.592886,-74.182542,1,3,False,2,35.0,-1,0.0,0.0,0.0,49.0,104980.11,-1,-1,85144,51019,99.0,59.92,44.0,31,1,87.0,24.0,0
E.1.0.0,575894,PB,Z374012,No Disponible,No Disponible,2024-07-23 15:44:00.226,2024-07-23 15:44:01.233,T,4.592886,-74.182542,1,3,False,2,35.0,-1,0.0,0.0,0.0,49.0,104980.11,-1,-1,85143,51019,100.0,59.92,35.0,43,3,87.0,24.0,0
E.1.0.0,576159,PB,Z374012,No Disponible,No Disponible,2024-07-23 16:45:00.613,2024-07-23 16:45:01.284,T,4.592886,-74.182542,1,3,False,2,35.0,-1,0.0,0.0,0.0,49.0,104980.11,-1,-1,85144,51019,100.0,59.92,42.0,29,1,87.0,24.0,0
E.1.0.0,576151,PB,Z374012,No Disponible,No Disponible,2024-07-23 16:43:00.586,2024-07-23 16:43:01.257,T,4.592886,-74.182542,1,3,False,2,35.0,-1,0.0,0.0,0.0,49.0,104980.11,-1,-1,85144,51019,100.0,59.92,42.0,27,1,87.0,24.0,0
E.1.0.0,576107,PB,Z374012,No Disponible,No Disponible,2024-07-23 16:32:00.648,2024-07-23 16:32:01.328,T,4.592886,-74.182542,1,3,False,2,35.0,-1,0.0,0.0,0.0,49.0,104980.11,-1,-1,85144,51019,100.0,59.92,41.0,28,1,87.0,24.0,0
E.1.0.0,576083,PB,Z374012,No Disponible,No Disponible,2024-07-23 16:26:00.026,2024-07-23 16:26:00.585,T,4.592886,-74.182542,1,3,False,2,35.0,-1,0.0,0.0,0.0,49.0,104980.11,-1,-1,85144,51019,100.0,59.92,41.0,28,1,87.0,24.0,0
E.1.0.0,577018,PB,Z374012,No Disponible,No Disponible,2024-07-23 21:00:00.730,2024-07-23 21:00:02.002,T,4.592697,-74.182239,1,3,False,2,35.0,-1,0.0,0.0,0.0,29.0,104980.835,-1,-1,85143,51019,98.0,59.92,45.0,27,1,87.0,23.0,0
E.1.0.0,575589,PB,Z374012,No Disponible,No Disponible,2024-07-23 05:52:00.056,2024-07-23 05:52:00.967,T,4.592839,-74.181158,1,3,False,2,35.0,-1,0.0,0.0,0.0,29.0,104979.79,-1,-1,85143,51019,100.0,59.92,22.0,30,9,86.0,28.0,0
E.1.0.0,576910,PB,Z374012,No Disponible,No Disponible,2024-07-23 20:33:00.587,2024-07-23 20:33:01.258,T,4.592697,-74.182239,1,3,False,2,35.0,-1,0.0,0.0,0.0,29.0,104980.835,-1,-1,85143,51019,98.0,59.92,44.0,28,1,87.0,23.0,0
E.1.0.0,575955,PB,Z374012,No Disponible,No Disponible,2024-07-23 15:55:00.145,2024-07-23 15:55:01.016,T,4.592886,-74.182542,1,3,False,2,35.0,-1,0.0,0.0,0.0,49.0,104980.11,-1,-1,85143,51019,100.0,59.92,37.0,27,1,87.0,24.0,0
E.1.0.0,576408,PB,Z374012,No Disponible,No Disponible,2024-07-23 17:37:00.276,2024-07-23 17:37:01.281,T,4.592886,-74.182542,1,3,False,2,35.0,-1,0.0,0.0,0.0,49.0,104980.11,-1,-1,85145,51019,99.0,59.92,45.0,29,2,87.0,24.0,0
E.1.0.0,577049,PB,Z374012,No Disponible,No Disponible,2024-07-23 21:07:00.068,2024-07-23 21:07:01.009,T,4.592436,-74.181192,1,3,False,2,35.0,-1,0.0,0.0,3.0,29.0,104981.16,-1,-1,85143,51019,98.0,59.92,45.0,30,1,87.0,23.0,0
E.1.0.0,575705,PB,Z374012,No Disponible,No Disponible,2024-07-23 06:17:00.426,2024-07-23 06:17:01.694,T,4.592633,-74.182314,1,3,False,2,35.0,-1,0.0,0.0,0.0,29.0,104980.11,-1,-1,85144,51019,100.0,59.92,30.0,27,30,87.0,28.0,0
E.1.0.0,577122,PB,Z374012,No Disponible,No Disponible,2024-07-23 23:18:00.036,2024-07-23 23:18:00.956,T,4.592669,-74.181692,1,3,False,2,35.0,-1,0.0,0.0,0.0,30.0,104981.55,-1,-1,85143,51019,97.0,59.92,32.0,28,3,87.0,22.0,0
E.1.0.0,576584,PB,Z374012,No Disponible,No Disponible,2024-07-23 19:21:00.043,2024-07-23 19:21:01.434,T,4.592619,-74.182489,1,3,False,2,35.0,-1,0.0,0.0,0.0,49.0,104980.235,-1,-1,85143,51019,99.0,59.92,39.0,34,1,87.0,23.0,0
E.1.0.0,576942,PB,Z374012,No Disponible,No Disponible,2024-07-23 20:41:00.356,2024-07-23 20:41:01.975,T,4.592697,-74.182239,1,3,False,2,35.0,-1,0.0,0.0,0.0,29.0,104980.835,-1,-1,85143,51019,98.0,59.92,44.0,27,1,87.0,23.0,0
E.1.0.0,576043,PB,Z374012,No Disponible,No Disponible,2024-07-23 16:16:00.046,2024-07-23 16:16:01.226,T,4.592886,-74.182542,1,3,False,2,35.0,-1,0.0,0.0,0.0,49.0,104980.11,-1,-1,85143,51019,100.0,59.92,40.0,39,1,87.0,24.0,0
E.1.0.0,576680,PB,Z374012,No Disponible,No Disponible,2024-07-23 19:44:00.079,2024-07-23 19:44:01.359,T,4.592619,-74.182489,1,3,False,2,35.0,-1,0.0,0.0,0.0,29.0,104980.235,-1,-1,85143,51019,99.0,59.92,42.0,28,1,87.0,23.0,0
E.1.0.0,577083,PB,Z374012,No Disponible,No Disponible,2024-07-23 21:13:00.024,2024-07-23 21:13:00.984,T,4.592869,-74.181403,1,3,False,2,35.0,-1,0.0,0.0,0.0,29.0,104981.275,-1,-1,85143,51019,98.0,59.92,45.0,28,2,87.0,23.0,0
E.1.0.0,576175,PB,Z374012,No Disponible,No Disponible,2024-07-23 16:49:00.046,2024-07-23 16:49:01.148,T,4.592886,-74.182542,1,3,False,2,35.0,-1,0.0,0.0,0.0,49.0,104980.11,-1,-1,85144,51019,99.0,59.92,42.0,29,1,87.0,24.0,0
E.1.0.0,576387,PB,Z374012,No Disponible,No Disponible,2024-07-23 17:32:00.170,2024-07-23 17:32:01.185,T,4.592886,-74.182542,1,3,False,2,35.0,-1,0.0,0.0,0.0,49.0,104980.11,-1,-1,85145,51019,99.0,59.92,45.0,27,2,87.0,24.0,0
E.1.0.0,576990,PB,Z374012,No Disponible,No Disponible,2024-07-23 20:53:00.075,2024-07-23 20:53:01.886,T,4.592697,-74.182239,1,3,False,2,35.0,-1,0.0,0.0,0.0,29.0,104980.835,-1,-1,85143,51019,98.0,59.92,45.0,28,1,87.0,23.0,0
E.1.0.0,576858,PB,Z374012,No Disponible,No Disponible,2024-07-23 20:20:01.921,2024-07-23 20:20:03.881,T,4.592697,-74.182239,1,3,False,2,35.0,-1,0.0,0.0,1.0,29.0,104980.835,-1,-1,85143,51019,98.0,59.92,43.0,28,1,87.0,23.0,0
E.1.0.0,576866,PB,Z374012,No Disponible,No Disponible,2024-07-23 20:22:00.280,2024-07-23 20:22:02.758,T,4.592697,-74.182239,1,3,False,2,35.0,-1,0.0,0.0,0.0,29.0,104980.835,-1,-1,85143,51019,98.0,59.92,44.0,27,1,87.0,23.0,0
E.1.0.0,576780,PB,Z374012,No Disponible,No Disponible,2024-07-23 20:06:00.059,2024-07-23 20:06:05.980,T,4.592425,-74.182044,1,3,False,2,35.0,-1,7.434,-0.096,289.0,29.0,104980.325,-1,-1,85144,51019,98.0,59.92,43.0,30,1,87.0,23.0,0
E.1.0.0,576196,PB,Z374012,No Disponible,No Disponible,2024-07-23 16:53:00.036,2024-07-23 16:53:00.946,T,4.592886,-74.182542,1,3,False,2,35.0,-1,0.0,0.0,1.0,49.0,104980.11,-1,-1,85144,51019,99.0,59.92,43.0,29,1,87.0,24.0,0
E.1.0.0,576835,PB,Z374012,No Disponible,No Disponible,2024-07-23 20:15:00.366,2024-07-23 20:15:01.986,T,4.592697,-74.182239,1,3,False,2,35.0,-1,0.0,0.0,0.0,29.0,104980.835,-1,-1,85142,51019,98.0,59.92,44.0,28,1,87.0,23.0,0
E.1.0.0,575624,PB,Z374012,No Disponible,No Disponible,2024-07-23 05:58:01.779,2024-07-23 05:58:03.122,T,4.592553,-74.182486,1,3,False,2,35.0,-1,0.0,0.0,0.0,29.0,104980.065,-1,-1,85143,51019,100.0,59.92,25.0,28,33,87.0,28.0,0
E.1.0.0,576143,PB,Z374012,No Disponible,No Disponible,2024-07-23 16:41:00.017,2024-07-23 16:41:00.896,T,4.592886,-74.182542,1,3,False,2,35.0,-1,0.0,0.0,0.0,49.0,104980.11,-1,-1,85144,51019,100.0,59.92,42.0,28,1,87.0,24.0,0
E.1.0.0,577045,PB,Z374012,No Disponible,No Disponible,2024-07-23 21:06:00.038,2024-07-23 21:06:01.048,T,4.592436,-74.181192,1,3,False,2,35.0,-1,0.0,0.0,54.0,29.0,104981.15,-1,-1,85143,51019,98.0,59.92,45.0,28,1,87.0,23.0,0
E.1.0.0,576063,PB,Z374012,No Disponible,No Disponible,2024-07-23 16:21:00.026,2024-07-23 16:21:00.936,T,4.592886,-74.182542,1,3,False,2,35.0,-1,0.0,0.0,1.0,49.0,104980.11,-1,-1,85143,51019,100.0,59.92,40.0,27,1,87.0,24.0,0
E.1.0.0,576624,PB,Z374012,No Disponible,No Disponible,2024-07-23 19:31:00.663,2024-07-23 19:31:01.349,T,4.592619,-74.182489,1,3,False,2,35.0,-1,0.0,0.0,0.0,49.0,104980.235,-1,-1,85143,51019,99.0,59.92,40.0,27,1,87.0,23.0,0
E.1.0.0,576424,PB,Z374012,No Disponible,No Disponible,2024-07-23 17:41:00.082,2024-07-23 17:41:01.471,T,4.592886,-74.182542,1,3,False,2,35.0,-1,0.0,0.0,1.0,49.0,104980.11,-1,-1,85145,51019,99.0,59.92,45.0,28,3,87.0,24.0,0
E.1.0.0,576326,PB,Z374012,No Disponible,No Disponible,2024-07-23 17:19:00.236,2024-07-23 17:19:01.332,T,4.592886,-74.182542,1,3,False,2,35.0,-1,0.0,0.0,0.0,49.0,104980.11,-1,-1,85145,51019,99.0,59.92,44.0,30,1,87.0,24.0,0
E.1.0.0,577079,PB,Z374012,No Disponible,No Disponible,2024-07-23 21:12:00.035,2024-07-23 21:12:00.915,T,4.592869,-74.181403,1,3,False,2,35.0,-1,0.0,0.0,0.0,29.0,104981.275,-1,-1,85143,51019,98.0,59.92,45.0,45,2,87.0,23.0,0
E.1.0.0,576962,PB,Z374012,No Disponible,No Disponible,2024-07-23 20:46:00.612,2024-07-23 20:46:00.953,T,4.592697,-74.182239,1,3,False,2,35.0,-1,0.0,0.0,0.0,29.0,104980.835,-1,-1,85143,51019,98.0,59.92,44.0,28,1,87.0,23.0,0
E.1.0.0,576205,PB,Z374012,No Disponible,No Disponible,2024-07-23 16:55:00.026,2024-07-23 16:55:01.277,T,4.592886,-74.182542,1,3,False,2,35.0,-1,0.0,0.0,0.0,50.0,104980.11,-1,-1,85144,51019,99.0,59.92,43.0,28,1,87.0,24.0,0
E.1.0.0,575793,PB,Z374012,No Disponible,No Disponible,2024-07-23 14:02:00.036,2024-07-23 14:02:00.916,T,4.592961,-74.182564,1,3,False,2,0.0,-1,0.0,0.0,0.0,100.0,104980.11,-1,-1,85144,51019,0.0,59.92,29.0,28,7,87.0,0.0,0
E.1.0.0,576155,PB,Z374012,No Disponible,No Disponible,2024-07-23 16:44:00.086,2024-07-23 16:44:01.435,T,4.592886,-74.182542,1,3,False,2,35.0,-1,0.0,0.0,0.0,49.0,104980.11,-1,-1,85144,51019,100.0,59.92,42.0,28,1,87.0,24.0,0
E.1.0.0,576127,PB,Z374012,No Disponible,No Disponible,2024-07-23 16:37:00.359,2024-07-23 16:37:01.743,T,4.592886,-74.182542,1,3,False,2,35.0,-1,0.0,0.0,0.0,49.0,104980.11,-1,-1,85144,51019,100.0,59.92,42.0,30,1,87.0,24.0,0
E.1.0.0,575904,PB,Z374012,No Disponible,No Disponible,2024-07-23 15:46:00.296,2024-07-23 15:46:01.506,T,4.592886,-74.182542,1,3,False,2,35.0,-1,0.0,0.0,1.0,49.0,104980.11,-1,-1,85143,51019,100.0,59.92,35.0,28,3,87.0,24.0,0
E.1.0.0,577040,PB,Z374012,No Disponible,No Disponible,2024-07-23 21:05:01.694,2024-07-23 21:05:04.638,T,4.592697,-74.182239,1,3,False,2,35.0,-1,26.727,0.401,1020.0,29.0,104980.885,-1,-1,85143,51019,98.0,59.92,45.0,31,1,87.0,23.0,0
E.1.0.0,576750,PB,Z374012,No Disponible,No Disponible,2024-07-23 20:01:00.552,2024-07-23 20:01:01.243,T,4.592619,-74.182489,1,3,False,2,35.0,-1,0.0,-0.622,0.0,29.0,104980.235,-1,-1,85143,51019,99.0,59.92,42.0,28,1,87.0,23.0,0
E.1.0.0,576381,PB,Z374012,No Disponible,No Disponible,2024-07-23 17:31:00.050,2024-07-23 17:31:01.059,T,4.592886,-74.182542,1,3,False,2,35.0,-1,0.0,0.0,0.0,49.0,104980.11,-1,-1,85145,51019,99.0,59.92,45.0,29,2,87.0,24.0,0
E.1.0.0,577010,PB,Z374012,No Disponible,No Disponible,2024-07-23 20:58:00.022,2024-07-23 20:58:01.292,T,4.592697,-74.182239,1,3,False,2,35.0,-1,0.0,0.0,0.0,29.0,104980.835,-1,-1,85143,51019,98.0,59.92,45.0,28,1,87.0,23.0,0
E.1.0.0,576221,PB,Z374012,No Disponible,No Disponible,2024-07-23 16:59:00.047,2024-07-23 16:59:00.917,T,4.592886,-74.182542,1,3,False,2,35.0,-1,0.0,0.0,0.0,45.0,104980.11,-1,-1,85144,51019,99.0,59.92,43.0,28,1,87.0,24.0,0
E.1.0.0,576039,PB,Z374012,No Disponible,No Disponible,2024-07-23 16:15:00.046,2024-07-23 16:15:01.256,T,4.592886,-74.182542,1,3,False,2,35.0,-1,0.0,0.0,1.0,49.0,104980.11,-1,-1,85143,51019,100.0,59.92,39.0,29,1,87.0,24.0,0
E.1.0.0,575646,PB,Z374012,No Disponible,No Disponible,2024-07-23 06:03:00.550,2024-07-23 06:03:01.559,T,4.592553,-74.182486,1,3,False,2,35.0,-1,0.0,0.0,0.0,29.0,104980.065,-1,-1,85143,51019,100.0,59.92,26.0,29,31,87.0,28.0,0
E.1.0.0,575847,PB,Z374012,No Disponible,No Disponible,2024-07-23 15:33:00.204,2024-07-23 15:33:01.258,T,4.592886,-74.182542,1,3,False,2,35.0,-1,0.0,0.0,0.0,49.0,104980.11,-1,-1,85143,51019,100.0,59.92,32.0,39,3,87.0,24.0,0
E.1.0.0,575944,PB,Z374012,No Disponible,No Disponible,2024-07-23 15:53:00.045,2024-07-23 15:53:00.888,T,4.592886,-74.182542,1,3,False,2,35.0,-1,0.0,0.0,0.0,49.0,104980.11,-1,-1,85143,51019,100.0,59.92,36.0,40,2,87.0,24.0,0
E.1.0.0,575851,PB,Z374012,No Disponible,No Disponible,2024-07-23 15:34:00.659,2024-07-23 15:34:01.664,T,4.592886,-74.182542,1,3,False,2,35.0,-1,0.0,0.0,0.0,49.0,104980.11,-1,-1,85143,51019,100.0,59.92,32.0,29,3,87.0,24.0,0
E.1.0.0,576516,PB,Z374012,No Disponible,No Disponible,2024-07-23 19:05:00.037,2024-07-23 19:05:01.817,T,4.592619,-74.182489,1,3,False,2,35.0,-1,0.0,0.0,0.0,49.0,104980.175,-1,-1,85142,51019,99.0,59.92,35.0,29,3,87.0,23.0,0
E.1.0.0,576526,PB,Z374012,No Disponible,No Disponible,2024-07-23 19:07:00.049,2024-07-23 19:07:01.119,T,4.592619,-74.182489,1,3,False,2,35.0,-1,4.961,0.504,186.0,49.0,104980.23,-1,-1,85143,51019,99.0,59.92,36.0,29,1,87.0,23.0,0
E.1.0.0,576994,PB,Z374012,No Disponible,No Disponible,2024-07-23 20:54:00.175,2024-07-23 20:54:03.026,T,4.592697,-74.182239,1,3,False,2,35.0,-1,0.0,0.0,1.0,29.0,104980.835,-1,-1,85143,51019,98.0,59.92,45.0,28,1,87.0,23.0,0
E.1.0.0,576428,PB,Z374012,No Disponible,No Disponible,2024-07-23 17:42:00.092,2024-07-23 17:42:00.953,T,4.592886,-74.182542,1,3,False,2,35.0,-1,0.0,0.0,0.0,49.0,104980.11,-1,-1,85145,51019,99.0,59.92,45.0,28,3,87.0,24.0,0
E.1.0.0,576015,PB,Z374012,No Disponible,No Disponible,2024-07-23 16:09:00.046,2024-07-23 16:09:01.036,T,4.592886,-74.182542,1,3,False,2,35.0,-1,0.0,0.0,0.0,49.0,104980.11,-1,-1,85143,51019,100.0,59.92,39.0,28,3,87.0,24.0,0
E.1.0.0,576628,PB,Z374012,No Disponible,No Disponible,2024-07-23 19:32:01.056,2024-07-23 19:32:02.670,T,4.592619,-74.182489,1,3,False,2,35.0,-1,0.0,0.0,0.0,49.0,104980.235,-1,-1,85143,51019,99.0,59.92,40.0,29,1,87.0,23.0,0
E.1.0.0,576894,PB,Z374012,No Disponible,No Disponible,2024-07-23 20:29:00.373,2024-07-23 20:29:02.011,T,4.592697,-74.182239,1,3,False,2,35.0,-1,0.0,0.0,0.0,29.0,104980.835,-1,-1,85143,51019,98.0,59.92,44.0,29,1,87.0,23.0,0
E.1.0.0,575995,PB,Z374012,No Disponible,No Disponible,2024-07-23 16:04:00.040,2024-07-23 16:04:00.900,T,4.592886,-74.182542,1,3,False,2,35.0,-1,0.0,0.0,0.0,49.0,104980.11,-1,-1,85143,51019,100.0,59.92,38.0,28,3,87.0,24.0,0
E.1.0.0,575898,PB,Z374012,No Disponible,No Disponible,2024-07-23 15:45:00.036,2024-07-23 15:45:00.696,T,4.592886,-74.182542,1,3,False,2,35.0,-1,0.0,0.0,0.0,49.0,104980.11,-1,-1,85143,51019,100.0,59.92,35.0,28,3,87.0,24.0,0
E.1.0.0,576135,PB,Z374012,No Disponible,No Disponible,2024-07-23 16:39:00.036,2024-07-23 16:39:01.357,T,4.592886,-74.182542,1,3,False,2,35.0,-1,0.0,0.0,0.0,49.0,104980.11,-1,-1,85144,51019,100.0,59.92,42.0,49,1,87.0,24.0,0
E.1.0.0,575843,PB,Z374012,No Disponible,No Disponible,2024-07-23 15:32:00.162,2024-07-23 15:32:01.433,T,4.592886,-74.182542,1,3,False,2,35.0,-1,0.0,0.0,1.0,49.0,104980.11,-1,-1,85143,51019,100.0,59.92,32.0,29,4,87.0,24.0,0
E.1.0.0,576636,PB,Z374012,No Disponible,No Disponible,2024-07-23 19:34:00.250,2024-07-23 19:34:01.256,T,4.592619,-74.182489,1,3,False,2,35.0,-1,0.0,0.0,0.0,49.0,104980.235,-1,-1,85143,51019,99.0,59.92,41.0,30,1,87.0,23.0,0
E.1.0.0,576377,PB,Z374012,No Disponible,No Disponible,2024-07-23 17:30:00.040,2024-07-23 17:30:00.750,T,4.592886,-74.182542,1,3,False,2,35.0,-1,0.0,0.0,0.0,49.0,104980.11,-1,-1,85145,51019,99.0,59.92,45.0,27,2,87.0,24.0,0
E.1.0.0,576850,PB,Z374012,No Disponible,No Disponible,2024-07-23 20:18:00.633,2024-07-23 20:18:01.306,T,4.592697,-74.182239,1,3,False,2,35.0,-1,0.0,0.0,0.0,29.0,104980.835,-1,-1,85142,51019,98.0,59.92,44.0,45,1,87.0,23.0,0
E.1.0.0,575632,PB,Z374012,No Disponible,No Disponible,2024-07-23 06:00:00.950,2024-07-23 06:00:01.966,T,4.592553,-74.182486,1,3,False,2,35.0,-1,0.0,0.0,0.0,29.0,104980.065,-1,-1,85143,51019,100.0,59.92,26.0,29,32,87.0,28.0,0
E.1.0.0,576580,PB,Z374012,No Disponible,No Disponible,2024-07-23 19:20:00.768,2024-07-23 19:20:02.781,T,4.592619,-74.182489,1,3,False,2,35.0,-1,0.0,0.0,0.0,49.0,104980.235,-1,-1,85143,51019,99.0,59.92,39.0,29,1,87.0,23.0,0
E.1.0.0,575636,PB,Z374012,No Disponible,No Disponible,2024-07-23 06:01:00.392,2024-07-23 06:01:01.066,T,4.592553,-74.182486,1,3,False,2,35.0,-1,0.0,0.0,0.0,29.0,104980.065,-1,-1,85143,51019,100.0,59.92,26.0,30,32,87.0,28.0,0
E.1.0.0,575673,PB,Z374012,No Disponible,No Disponible,2024-07-23 06:09:02.324,2024-07-23 06:09:03.330,T,4.592633,-74.182314,1,3,False,2,35.0,-1,0.0,0.0,1.0,29.0,104980.11,-1,-1,85144,51019,100.0,59.92,27.0,30,31,87.0,28.0,0
E.1.0.0,575733,PB,Z374012,No Disponible,No Disponible,2024-07-23 06:24:00.427,2024-07-23 06:24:01.374,T,4.592633,-74.182314,1,3,False,2,35.0,-1,0.0,0.0,0.0,29.0,104980.11,-1,-1,85144,51019,100.0,59.92,30.0,27,29,87.0,28.0,0
E.1.0.0,576698,PB,Z374012,No Disponible,No Disponible,2024-07-23 19:48:00.316,2024-07-23 19:48:01.334,T,4.592619,-74.182489,1,3,False,2,35.0,-1,0.0,0.0,0.0,29.0,104980.235,-1,-1,85143,51019,99.0,59.92,42.0,28,1,87.0,23.0,0
E.1.0.0,576448,PB,Z374012,No Disponible,No Disponible,2024-07-23 17:47:00.262,2024-07-23 17:47:01.613,T,4.592886,-74.182542,1,3,False,2,35.0,-1,0.0,0.0,0.0,49.0,104980.11,-1,-1,85145,51019,99.0,59.92,46.0,28,2,87.0,24.0,0
E.1.0.0,576902,PB,Z374012,No Disponible,No Disponible,2024-07-23 20:31:00.337,2024-07-23 20:31:01.023,T,4.592697,-74.182239,1,3,False,2,35.0,-1,0.0,0.0,0.0,29.0,104980.835,-1,-1,85143,51019,98.0,59.92,44.0,29,1,87.0,23.0,0
E.1.0.0,576279,PB,Z374012,No Disponible,No Disponible,2024-07-23 17:11:00.741,2024-07-23 17:11:02.014,T,4.592886,-74.182542,1,3,False,2,35.0,-1,0.0,0.0,0.0,49.0,104980.11,-1,-1,85145,51019,99.0,59.92,44.0,27,2,87.0,24.0,0
E.1.0.0,576213,PB,Z374012,No Disponible,No Disponible,2024-07-23 16:57:00.056,2024-07-23 16:57:01.062,T,4.592886,-74.182542,1,3,False,2,35.0,-1,0.0,0.0,0.0,50.0,104980.11,-1,-1,85144,51019,99.0,59.92,43.0,30,1,87.0,24.0,0
E.1.0.0,575761,PB,Z374012,No Disponible,No Disponible,2024-07-23 06:29:00.042,2024-07-23 06:29:00.812,T,4.592633,-74.182314,1,3,False,2,35.0,-1,0.0,0.0,1.0,29.0,104980.11,-1,-1,85144,51019,100.0,59.92,31.0,28,29,87.0,27.0,0
E.1.0.0,576290,PB,Z374012,No Disponible,No Disponible,2024-07-23 17:13:00.034,2024-07-23 17:13:00.914,T,4.592886,-74.182542,1,3,False,2,35.0,-1,0.0,0.0,0.0,49.0,104980.11,-1,-1,85145,51019,99.0,59.92,44.0,28,1,87.0,24.0,0
E.1.0.0,576560,PB,Z374012,No Disponible,No Disponible,2024-07-23 19:15:00.817,2024-07-23 19:15:02.492,T,4.592619,-74.182489,1,3,False,2,35.0,-1,0.0,0.0,0.0,49.0,104980.235,-1,-1,85143,51019,99.0,59.92,38.0,28,1,87.0,23.0,0
E.1.0.0,576245,PB,Z374012,No Disponible,No Disponible,2024-07-23 17:05:00.053,2024-07-23 17:05:01.393,T,4.592886,-74.182542,1,3,False,2,35.0,-1,0.0,0.0,0.0,46.0,104980.11,-1,-1,85144,51019,99.0,59.92,44.0,30,2,87.0,24.0,0
E.1.0.0,576604,PB,Z374012,No Disponible,No Disponible,2024-07-23 19:26:00.243,2024-07-23 19:26:01.294,T,4.592619,-74.182489,1,3,False,2,35.0,-1,0.0,0.0,0.0,49.0,104980.235,-1,-1,85143,51019,99.0,59.92,40.0,28,1,87.0,23.0,0
E.1.0.0,575619,PB,Z374012,No Disponible,No Disponible,2024-07-23 05:57:00.056,2024-07-23 05:57:01.737,T,4.592839,-74.181158,1,3,False,2,35.0,-1,0.0,0.0,0.0,29.0,104980.065,-1,-1,85143,51019,100.0,59.92,24.0,29,36,86.0,28.0,0
E.1.0.0,576494,PB,Z374012,No Disponible,No Disponible,2024-07-23 17:55:00.049,2024-07-23 17:55:00.929,T,4.592886,-74.182542,1,3,False,2,35.0,-1,0.0,0.0,0.0,49.0,104980.165,-1,-1,85145,51019,99.0,59.92,46.0,31,2,87.0,24.0,0
E.1.0.0,576355,PB,Z374012,No Disponible,No Disponible,2024-07-23 17:25:00.030,2024-07-23 17:25:01.036,T,4.592886,-74.182542,1,3,False,2,35.0,-1,0.0,0.0,0.0,49.0,104980.11,-1,-1,85145,51019,99.0,59.92,45.0,29,1,87.0,24.0,0
E.1.0.0,576031,PB,Z374012,No Disponible,No Disponible,2024-07-23 16:13:00.046,2024-07-23 16:13:00.956,T,4.592886,-74.182542,1,3,False,2,35.0,-1,0.0,0.0,0.0,49.0,104980.11,-1,-1,85143,51019,100.0,59.92,39.0,32,2,87.0,24.0,0
E.1.0.0,576795,PB,Z374012,EM,No Disponible,2024-07-23 20:09:00.041,2024-07-23 20:09:00.961,T,4.592569,-74.182475,1,3,False,2,35.0,-1,4.043,0.139,168.0,29.0,104980.775,-1,-1,85144,51019,98.0,59.92,43.0,28,2,87.0,23.0,0
E.1.0.0,575605,PB,Z374012,No Disponible,No Disponible,2024-07-23 05:55:00.028,2024-07-23 05:55:00.967,T,4.592839,-74.181158,1,3,False,2,35.0,-1,0.0,0.0,0.0,29.0,104979.79,-1,-1,85143,51019,100.0,59.92,24.0,29,36,86.0,28.0,0
E.1.0.0,577056,PB,Z374012,No Disponible,No Disponible,2024-07-23 21:08:00.024,2024-07-23 21:08:00.905,T,4.592436,-74.181192,1,3,False,2,35.0,-1,0.0,0.0,1.0,29.0,104981.175,-1,-1,85143,51019,98.0,59.92,45.0,30,1,87.0,23.0,0
E.1.0.0,575940,PB,Z374012,No Disponible,No Disponible,2024-07-23 15:52:00.527,2024-07-23 15:52:01.068,T,4.592886,-74.182542,1,3,False,2,35.0,-1,0.0,0.0,0.0,49.0,104980.11,-1,-1,85143,51019,100.0,59.92,36.0,29,2,87.0,24.0,0
E.1.0.0,575863,PB,Z374012,No Disponible,No Disponible,2024-07-23 15:37:00.384,2024-07-23 15:37:01.493,T,4.592886,-74.182542,1,3,False,2,35.0,-1,0.0,0.0,0.0,49.0,104980.11,-1,-1,85143,51019,100.0,59.92,33.0,28,3,87.0,24.0,0
E.1.0.0,576067,PB,Z374012,No Disponible,No Disponible,2024-07-23 16:22:00.036,2024-07-23 16:22:00.880,T,4.592886,-74.182542,1,3,False,2,35.0,-1,0.0,0.0,0.0,49.0,104980.11,-1,-1,85143,51019,100.0,59.92,40.0,28,1,87.0,24.0,0
E.1.0.0,575890,PB,Z374012,No Disponible,No Disponible,2024-07-23 15:43:00.036,2024-07-23 15:43:00.916,T,4.592886,-74.182542,1,3,False,2,35.0,-1,0.0,0.0,1.0,49.0,104980.11,-1,-1,85143,51019,100.0,59.92,34.0,30,3,87.0,24.0,0
E.1.0.0,576480,PB,Z374012,No Disponible,No Disponible,2024-07-23 17:53:00.859,2024-07-23 17:53:02.531,T,4.592886,-74.182542,1,3,False,2,35.0,-1,0.0,-0.996,61.0,49.0,104980.165,-1,-1,85145,51019,99.0,59.92,46.0,30,1,87.0,24.0,1
E.1.0.0,576420,PB,Z374012,No Disponible,No Disponible,2024-07-23 17:40:00.353,2024-07-23 17:40:01.359,T,4.592886,-74.182542,1,3,False,2,35.0,-1,0.0,0.0,1.0,49.0,104980.11,-1,-1,85145,51019,99.0,59.92,45.0,28,2,87.0,24.0,0
E.1.0.0,576412,PB,Z374012,No Disponible,No Disponible,2024-07-23 17:38:00.036,2024-07-23 17:38:01.404,T,4.592886,-74.182542,1,3,False,2,35.0,-1,0.0,0.0,0.0,49.0,104980.11,-1,-1,85145,51019,99.0,59.92,45.0,31,2,87.0,24.0,0
E.1.0.0,575867,PB,Z374012,No Disponible,No Disponible,2024-07-23 15:38:00.145,2024-07-23 15:38:02.125,T,4.592886,-74.182542,1,3,False,2,35.0,-1,0.0,0.0,0.0,49.0,104980.11,-1,-1,85143,51019,100.0,59.92,33.0,28,3,87.0,24.0,0
E.1.0.0,576918,PB,Z374012,No Disponible,No Disponible,2024-07-23 20:35:01.192,2024-07-23 20:35:03.203,T,4.592697,-74.182239,1,3,False,2,35.0,-1,0.0,0.0,0.0,29.0,104980.835,-1,-1,85143,51019,98.0,59.92,44.0,27,1,87.0,23.0,0
E.1.0.0,576536,PB,Z374012,No Disponible,No Disponible,2024-07-23 19:09:00.049,2024-07-23 19:09:02.739,T,4.592619,-74.182489,1,3,False,2,35.0,-1,0.0,0.0,0.0,49.0,104980.235,-1,-1,85143,51019,99.0,59.92,37.0,31,1,87.0,23.0,0
E.1.0.0,576432,PB,Z374012,No Disponible,No Disponible,2024-07-23 17:43:00.592,2024-07-23 17:43:01.852,T,4.592886,-74.182542,1,3,False,2,35.0,-1,0.0,0.0,1.0,49.0,104980.11,-1,-1,85145,51019,99.0,59.92,45.0,28,3,87.0,24.0,0
E.1.0.0,576075,PB,Z374012,No Disponible,No Disponible,2024-07-23 16:24:00.365,2024-07-23 16:24:01.713,T,4.592886,-74.182542,1,3,False,2,35.0,-1,0.0,0.0,1.0,49.0,104980.11,-1,-1,85144,51019,100.0,59.92,41.0,30,1,87.0,24.0,0
E.1.0.0,576648,PB,Z374012,No Disponible,No Disponible,2024-07-23 19:37:00.352,2024-07-23 19:37:01.952,T,4.592619,-74.182489,1,3,False,2,35.0,-1,0.0,0.0,0.0,49.0,104980.235,-1,-1,85143,51019,99.0,59.92,41.0,28,1,87.0,23.0,0
E.1.0.0,576331,PB,Z374012,No Disponible,No Disponible,2024-07-23 17:20:00.748,2024-07-23 17:20:02.356,T,4.592886,-74.182542,1,3,False,2,35.0,-1,0.0,0.0,0.0,49.0,104980.11,-1,-1,85145,51019,99.0,59.92,44.0,29,1,87.0,24.0,0
E.1.0.0,575979,PB,Z374012,No Disponible,No Disponible,2024-07-23 16:00:00.745,2024-07-23 16:00:01.685,T,4.592886,-74.182542,1,3,False,2,35.0,-1,0.0,0.0,0.0,49.0,104980.11,-1,-1,85143,51019,100.0,59.92,37.0,28,4,87.0,24.0,0
E.1.0.0,576316,PB,Z374012,No Disponible,No Disponible,2024-07-23 17:17:00.957,2024-07-23 17:17:02.476,T,4.592886,-74.182542,1,3,False,2,35.0,-1,0.0,0.0,0.0,49.0,104980.11,-1,-1,85145,51019,99.0,59.92,44.0,28,1,87.0,24.0,0
E.1.0.0,576612,PB,Z374012,No Disponible,No Disponible,2024-07-23 19:28:00.508,2024-07-23 19:28:01.182,T,4.592619,-74.182489,1,3,False,2,35.0,-1,0.0,0.0,0.0,49.0,104980.235,-1,-1,85143,51019,99.0,59.92,40.0,28,1,87.0,23.0,0
E.1.0.0,576746,PB,Z374012,No Disponible,No Disponible,2024-07-23 20:00:01.979,2024-07-23 20:00:03.985,T,4.592619,-74.182489,1,3,False,2,35.0,-1,0.0,0.0,0.0,29.0,104980.235,-1,-1,85143,51019,99.0,59.92,43.0,31,1,87.0,23.0,0
E.1.0.0,576934,PB,Z374012,No Disponible,No Disponible,2024-07-23 20:39:00.383,2024-07-23 20:39:01.428,T,4.592697,-74.182239,1,3,False,2,35.0,-1,0.0,0.0,0.0,29.0,104980.835,-1,-1,85143,51019,98.0,59.92,44.0,29,1,87.0,23.0,0
E.1.0.0,576458,PB,Z374012,No Disponible,No Disponible,2024-07-23 17:49:00.433,2024-07-23 17:49:03.383,T,4.592886,-74.182542,1,3,False,2,35.0,-1,0.0,0.0,0.0,49.0,104980.11,-1,-1,85145,51019,99.0,59.92,46.0,27,1,87.0,24.0,0
E.1.0.0,576180,PB,Z374012,No Disponible,No Disponible,2024-07-23 16:50:00.036,2024-07-23 16:50:00.916,T,4.592886,-74.182542,1,3,False,2,35.0,-1,0.0,0.0,0.0,49.0,104980.11,-1,-1,85144,51019,99.0,59.92,42.0,29,1,87.0,24.0,0
E.1.0.0,576007,PB,Z374012,No Disponible,No Disponible,2024-07-23 16:07:00.613,2024-07-23 16:07:02.230,T,4.592886,-74.182542,1,3,False,2,35.0,-1,0.0,0.0,0.0,49.0,104980.11,-1,-1,85143,51019,100.0,59.92,39.0,27,3,87.0,24.0,0
E.1.0.0,575928,PB,Z374012,No Disponible,No Disponible,2024-07-23 15:50:00.056,2024-07-23 15:50:00.936,T,4.592886,-74.182542,1,3,False,2,35.0,-1,0.0,0.0,0.0,49.0,104980.11,-1,-1,85143,51019,100.0,59.92,36.0,28,2,87.0,24.0,0
E.1.0.0,576644,PB,Z374012,No Disponible,No Disponible,2024-07-23 19:36:00.440,2024-07-23 19:36:01.483,T,4.592619,-74.182489,1,3,False,2,35.0,-1,0.0,0.0,0.0,49.0,104980.235,-1,-1,85143,51019,99.0,59.92,41.0,28,1,87.0,23.0,0
E.1.0.0,576139,PB,Z374012,No Disponible,No Disponible,2024-07-23 16:40:02.936,2024-07-23 16:40:04.566,T,4.592886,-74.182542,1,3,False,2,35.0,-1,0.0,0.0,0.0,49.0,104980.11,-1,-1,85144,51019,100.0,59.92,42.0,26,1,87.0,24.0,0
E.1.0.0,576870,PB,Z374012,No Disponible,No Disponible,2024-07-23 20:23:00.232,2024-07-23 20:23:01.337,T,4.592697,-74.182239,1,3,False,2,35.0,-1,0.0,0.0,0.0,29.0,104980.835,-1,-1,85143,51019,98.0,59.92,44.0,43,1,87.0,23.0,0
E.1.0.0,576726,PB,Z374012,No Disponible,No Disponible,2024-07-23 19:55:00.788,2024-07-23 19:55:03.064,T,4.592619,-74.182489,1,3,False,2,35.0,-1,0.0,0.0,0.0,29.0,104980.235,-1,-1,85143,51019,99.0,59.92,42.0,29,1,87.0,23.0,0
E.1.0.0,576241,PB,Z374012,No Disponible,No Disponible,2024-07-23 17:04:00.869,2024-07-23 17:04:03.000,T,4.592886,-74.182542,1,3,False,2,35.0,-1,0.0,0.0,0.0,46.0,104980.11,-1,-1,85144,51019,99.0,59.92,44.0,27,2,87.0,24.0,0
E.1.0.0,576079,PB,Z374012,No Disponible,No Disponible,2024-07-23 16:25:00.055,2024-07-23 16:25:01.091,T,4.592886,-74.182542,1,3,False,2,35.0,-1,0.0,0.0,1.0,49.0,104980.11,-1,-1,85144,51019,100.0,59.92,41.0,29,1,87.0,24.0,0
E.1.0.0,575822,PB,Z374012,No Disponible,No Disponible,2024-07-23 15:27:00.076,2024-07-23 15:27:01.080,T,4.592886,-74.182542,1,3,False,2,35.0,-1,0.0,0.0,0.0,49.0,104980.11,-1,-1,85143,51019,100.0,59.92,30.0,28,7,87.0,24.0,0
E.1.0.0,576676,PB,Z374012,No Disponible,No Disponible,2024-07-23 19:43:00.664,2024-07-23 19:43:01.279,T,4.592619,-74.182489,1,3,False,2,35.0,-1,0.0,0.0,0.0,29.0,104980.235,-1,-1,85143,51019,99.0,59.92,41.0,28,1,87.0,23.0,0
E.1.0.0,576714,PB,Z374012,No Disponible,No Disponible,2024-07-23 19:52:00.284,2024-07-23 19:52:01.301,T,4.592619,-74.182489,1,3,False,2,35.0,-1,0.0,0.0,0.0,29.0,104980.235,-1,-1,85143,51019,99.0,59.92,42.0,32,1,87.0,23.0,0
E.1.0.0,576809,PB,Z374012,EM,No Disponible,2024-07-23 20:11:00.021,2024-07-23 20:11:00.821,T,4.592697,-74.182239,1,3,False,2,35.0,-1,0.0,0.0,1.0,29.0,104980.81,-1,-1,85144,51019,98.0,59.92,43.0,29,1,87.0,23.0,0
E.1.0.0,575693,PB,Z374012,No Disponible,No Disponible,2024-07-23 06:14:00.294,2024-07-23 06:14:01.304,T,4.592633,-74.182314,1,3,False,2,35.0,-1,0.0,0.0,0.0,29.0,104980.11,-1,-1,85144,51019,100.0,59.92,29.0,29,30,87.0,28.0,0
E.1.0.0,575701,PB,Z374012,No Disponible,No Disponible,2024-07-23 06:16:00.448,2024-07-23 06:16:01.120,T,4.592633,-74.182314,1,3,False,2,35.0,-1,0.0,0.0,0.0,29.0,104980.11,-1,-1,85144,51019,100.0,59.92,29.0,30,30,87.0,28.0,0
E.1.0.0,576373,PB,Z374012,No Disponible,No Disponible,2024-07-23 17:29:00.041,2024-07-23 17:29:00.571,T,4.592886,-74.182542,1,3,False,2,35.0,-1,0.0,0.0,0.0,49.0,104980.11,-1,-1,85145,51019,99.0,59.92,45.0,29,2,87.0,24.0,0
E.1.0.0,575855,PB,Z374012,No Disponible,No Disponible,2024-07-23 15:35:00.899,2024-07-23 15:35:03.514,T,4.592886,-74.182542,1,3,False,2,35.0,-1,0.0,0.0,0.0,49.0,104980.11,-1,-1,85143,51019,100.0,59.92,32.0,28,3,87.0,24.0,0
E.1.0.0,575681,PB,Z374012,No Disponible,No Disponible,2024-07-23 06:11:00.214,2024-07-23 06:11:02.194,T,4.592633,-74.182314,1,3,False,2,35.0,-1,0.0,0.0,0.0,29.0,104980.11,-1,-1,85144,51019,100.0,59.92,29.0,27,30,87.0,28.0,0
E.1.0.0,576095,PB,Z374012,No Disponible,No Disponible,2024-07-23 16:29:00.046,2024-07-23 16:29:00.970,T,4.592886,-74.182542,1,3,False,2,35.0,-1,0.0,0.0,1.0,49.0,104980.11,-1,-1,85144,51019,100.0,59.92,41.0,30,1,87.0,24.0,0
E.1.0.0,576667,PB,Z374012,No Disponible,No Disponible,2024-07-23 19:41:00.848,2024-07-23 19:41:02.132,T,4.592619,-74.182489,1,3,False,2,35.0,-1,0.0,0.0,0.0,30.0,104980.235,-1,-1,85143,51019,99.0,59.92,41.0,29,1,87.0,23.0,0
E.1.0.0,576191,PB,Z374012,No Disponible,No Disponible,2024-07-23 16:52:00.046,2024-07-23 16:52:01.366,T,4.592886,-74.182542,1,3,False,2,35.0,-1,0.0,0.0,0.0,49.0,104980.11,-1,-1,85144,51019,99.0,59.92,43.0,28,1,87.0,24.0,0
E.1.0.0,576532,PB,Z374012,No Disponible,No Disponible,2024-07-23 19:08:00.069,2024-07-23 19:08:00.806,T,4.592619,-74.182489,1,3,False,2,35.0,-1,0.0,0.0,0.0,49.0,104980.235,-1,-1,85143,51019,99.0,59.92,36.0,30,1,87.0,23.0,0
E.1.0.0,575601,PB,Z374012,No Disponible,No Disponible,2024-07-23 05:54:00.635,2024-07-23 05:54:01.653,T,4.592839,-74.181158,1,3,False,2,35.0,-1,0.0,0.0,0.0,29.0,104979.79,-1,-1,85143,51019,100.0,59.92,24.0,29,36,86.0,28.0,0
E.1.0.0,576846,PB,Z374012,No Disponible,No Disponible,2024-07-23 20:17:00.512,2024-07-23 20:17:01.183,T,4.592697,-74.182239,1,3,False,2,35.0,-1,0.0,0.0,1.0,29.0,104980.835,-1,-1,85142,51019,98.0,59.92,44.0,30,1,87.0,23.0,0
E.1.0.0,575669,PB,Z374012,No Disponible,No Disponible,2024-07-23 06:08:00.474,2024-07-23 06:08:02.424,T,4.592633,-74.182314,1,3,False,2,35.0,-1,0.0,0.0,0.0,29.0,104980.11,-1,-1,85144,51019,100.0,59.92,28.0,31,31,87.0,28.0,0
E.1.0.0,576754,PB,Z374012,No Disponible,No Disponible,2024-07-23 20:02:00.655,2024-07-23 20:02:01.930,T,4.592619,-74.182489,1,3,False,2,35.0,-1,0.0,0.0,0.0,29.0,104980.235,-1,-1,85143,51019,99.0,59.92,43.0,27,1,87.0,23.0,0
E.1.0.0,577118,PB,Z374012,No Disponible,No Disponible,2024-07-23 23:17:00.046,2024-07-23 23:17:03.296,T,4.592669,-74.181692,1,3,False,2,35.0,-1,0.0,0.0,0.0,30.0,104981.55,-1,-1,85143,51019,97.0,59.92,31.0,28,3,87.0,22.0,0
E.1.0.0,575661,PB,Z374012,No Disponible,No Disponible,2024-07-23 06:06:00.034,2024-07-23 06:06:01.396,T,4.592633,-74.182314,1,3,False,2,35.0,-1,0.0,0.0,0.0,29.0,104980.11,-1,-1,85144,51019,100.0,59.92,27.0,26,31,87.0,28.0,0
E.1.0.0,576784,PB,Z374012,EM,No Disponible,2024-07-23 20:07:00.259,2024-07-23 20:07:01.711,T,4.592811,-74.181183,1,3,False,2,35.0,-1,10.383,-0.083,400.0,29.0,104980.51,-1,-1,85144,51019,98.0,59.92,43.0,28,2,87.0,23.0,0
E.1.0.0,577014,PB,Z374012,No Disponible,No Disponible,2024-07-23 20:59:00.102,2024-07-23 20:59:01.118,T,4.592697,-74.182239,1,3,False,2,35.0,-1,0.0,0.0,0.0,29.0,104980.835,-1,-1,85143,51019,98.0,59.92,45.0,31,1,87.0,23.0,0
E.1.0.0,576502,PB,Z374012,No Disponible,No Disponible,2024-07-23 17:57:00.039,2024-07-23 17:57:01.079,T,4.592886,-74.182542,1,3,False,2,35.0,-1,0.0,0.0,0.0,49.0,104980.165,-1,-1,85145,51019,99.0,59.92,46.0,30,3,87.0,24.0,0
E.1.0.0,577134,PB,Z374012,No Disponible,No Disponible,2024-07-23 23:21:00.036,2024-07-23 23:21:01.576,T,4.592669,-74.181692,1,3,False,2,35.0,-1,0.0,0.0,0.0,30.0,104981.55,-1,-1,85143,51019,97.0,59.92,33.0,28,3,87.0,22.0,0
E.1.0.0,575975,PB,Z374012,No Disponible,No Disponible,2024-07-23 15:59:00.055,2024-07-23 15:59:00.925,T,4.592886,-74.182542,1,3,False,2,35.0,-1,0.0,0.0,0.0,49.0,104980.11,-1,-1,85143,51019,100.0,59.92,37.0,27,4,87.0,24.0,0
E.1.0.0,576600,PB,Z374012,No Disponible,No Disponible,2024-07-23 19:25:00.700,2024-07-23 19:25:02.984,T,4.592619,-74.182489,1,3,False,2,35.0,-1,0.0,0.0,0.0,49.0,104980.235,-1,-1,85143,51019,99.0,59.92,40.0,28,1,87.0,23.0,0
E.1.0.0,576974,PB,Z374012,No Disponible,No Disponible,2024-07-23 20:49:00.295,2024-07-23 20:49:01.377,T,4.592697,-74.182239,1,3,False,2,35.0,-1,0.0,0.0,0.0,29.0,104980.835,-1,-1,85143,51019,98.0,59.92,45.0,46,1,87.0,23.0,0
E.1.0.0,576392,PB,Z374012,No Disponible,No Disponible,2024-07-23 17:33:01.399,2024-07-23 17:33:02.743,T,4.592886,-74.182542,1,3,False,2,35.0,-1,0.0,0.0,0.0,49.0,104980.11,-1,-1,85145,51019,99.0,59.92,45.0,28,1,87.0,24.0,0
E.1.0.0,576237,PB,Z374012,No Disponible,No Disponible,2024-07-23 17:03:00.046,2024-07-23 17:03:01.857,T,4.592886,-74.182542,1,3,False,2,35.0,-1,0.0,0.0,0.0,49.0,104980.11,-1,-1,85144,51019,99.0,59.92,44.0,28,2,87.0,24.0,0
E.1.0.0,576396,PB,Z374012,No Disponible,No Disponible,2024-07-23 17:34:02.544,2024-07-23 17:34:03.223,T,4.592886,-74.182542,1,3,False,2,35.0,-1,0.0,0.0,0.0,49.0,104980.11,-1,-1,85145,51019,99.0,59.92,45.0,66,1,87.0,24.0,0
E.1.0.0,576335,PB,Z374012,No Disponible,No Disponible,2024-07-23 17:21:00.046,2024-07-23 17:21:01.776,T,4.592886,-74.182542,1,3,False,2,35.0,-1,0.0,0.0,0.0,49.0,104980.11,-1,-1,85145,51019,99.0,59.92,44.0,39,1,87.0,24.0,0
E.1.0.0,576454,PB,Z374012,No Disponible,No Disponible,2024-07-23 17:48:00.183,2024-07-23 17:48:01.190,T,4.592886,-74.182542,1,3,False,2,35.0,-1,0.0,0.0,0.0,49.0,104980.11,-1,-1,85145,51019,99.0,59.92,46.0,27,2,87.0,24.0,0
E.1.0.0,576766,PB,Z374012,No Disponible,No Disponible,2024-07-23 20:04:00.419,2024-07-23 20:04:01.096,T,4.592619,-74.182489,1,3,False,2,35.0,-1,0.0,0.0,0.0,29.0,104980.235,-1,-1,85143,51019,99.0,59.92,43.0,27,1,87.0,23.0,0
E.1.0.0,575689,PB,Z374012,No Disponible,No Disponible,2024-07-23 06:13:00.833,2024-07-23 06:13:02.474,T,4.592633,-74.182314,1,3,False,2,35.0,-1,0.0,0.0,0.0,29.0,104980.11,-1,-1,85144,51019,100.0,59.92,29.0,33,30,87.0,28.0,0
E.1.0.0,575721,PB,Z374012,No Disponible,No Disponible,2024-07-23 06:21:00.344,2024-07-23 06:21:01.358,T,4.592633,-74.182314,1,3,False,2,35.0,-1,0.0,0.0,0.0,29.0,104980.11,-1,-1,85144,51019,100.0,59.92,30.0,38,29,87.0,28.0,0
E.1.0.0,575613,PB,Z374012,No Disponible,No Disponible,2024-07-23 05:56:00.027,2024-07-23 05:56:00.967,T,4.592839,-74.181158,1,3,False,2,35.0,-1,26.141,0.036,1019.0,29.0,104979.865,-1,-1,85143,51019,100.0,59.92,24.0,29,36,86.0,28.0,0
E.1.0.0,576970,PB,Z374012,No Disponible,No Disponible,2024-07-23 20:48:00.427,2024-07-23 20:48:00.765,T,4.592697,-74.182239,1,3,False,2,35.0,-1,0.0,0.0,0.0,29.0,104980.835,-1,-1,85143,51019,98.0,59.92,44.0,30,1,87.0,23.0,0
E.1.0.0,576656,PB,Z374012,No Disponible,No Disponible,2024-07-23 19:39:00.202,2024-07-23 19:39:01.072,T,4.592619,-74.182489,1,3,False,2,35.0,-1,0.0,0.0,0.0,49.0,104980.235,-1,-1,85143,51019,99.0,59.92,41.0,30,1,87.0,23.0,0
E.1.0.0,576706,PB,Z374012,No Disponible,No Disponible,2024-07-23 19:50:01.058,2024-07-23 19:50:03.404,T,4.592619,-74.182489,1,3,False,2,35.0,-1,0.0,0.0,0.0,29.0,104980.235,-1,-1,85143,51019,99.0,59.92,42.0,27,1,87.0,23.0,0
E.1.0.0,576608,PB,Z374012,No Disponible,No Disponible,2024-07-23 19:27:00.041,2024-07-23 19:27:01.064,T,4.592619,-74.182489,1,3,False,2,35.0,-1,0.0,0.0,0.0,49.0,104980.235,-1,-1,85143,51019,99.0,59.92,40.0,26,1,87.0,23.0,0
E.1.0.0,576770,PB,Z374012,No Disponible,No Disponible,2024-07-23 20:05:01.353,2024-07-23 20:05:03.050,T,4.592619,-74.182489,1,3,False,2,35.0,-1,9.797,0.328,390.0,29.0,104980.27,-1,-1,85143,51019,99.0,59.92,43.0,28,1,87.0,23.0,0
E.1.0.0,576055,PB,Z374012,No Disponible,No Disponible,2024-07-23 16:19:00.026,2024-07-23 16:19:01.143,T,4.592886,-74.182542,1,3,False,2,35.0,-1,0.0,0.0,0.0,49.0,104980.11,-1,-1,85143,51019,100.0,59.92,40.0,28,1,87.0,24.0,0
E.1.0.0,576167,PB,Z374012,No Disponible,No Disponible,2024-07-23 16:47:00.046,2024-07-23 16:47:01.055,T,4.592886,-74.182542,1,3,False,2,35.0,-1,0.0,0.0,0.0,49.0,104980.11,-1,-1,85144,51019,100.0,59.92,42.0,27,1,87.0,24.0,0
E.1.0.0,576123,PB,Z374012,No Disponible,No Disponible,2024-07-23 16:36:00.942,2024-07-23 16:36:01.873,T,4.592886,-74.182542,1,3,False,2,35.0,-1,0.0,0.0,0.0,49.0,104980.11,-1,-1,85144,51019,100.0,59.92,42.0,29,1,87.0,24.0,0
E.1.0.0,576958,PB,Z374012,No Disponible,No Disponible,2024-07-23 20:45:00.994,2024-07-23 20:45:02.339,T,4.592697,-74.182239,1,3,False,2,35.0,-1,0.0,0.0,0.0,29.0,104980.835,-1,-1,85143,51019,98.0,59.92,45.0,29,1,87.0,23.0,0
E.1.0.0,575749,PB,Z374012,No Disponible,No Disponible,2024-07-23 06:27:00.042,2024-07-23 06:27:01.413,T,4.592633,-74.182314,1,3,False,2,35.0,-1,0.0,0.0,1.0,29.0,104980.11,-1,-1,85144,51019,100.0,59.92,31.0,32,28,87.0,27.0,0
E.1.0.0,576131,PB,Z374012,No Disponible,No Disponible,2024-07-23 16:38:00.033,2024-07-23 16:38:01.430,T,4.592886,-74.182542,1,3,False,2,35.0,-1,0.0,0.0,0.0,49.0,104980.11,-1,-1,85144,51019,100.0,59.92,42.0,31,1,87.0,24.0,0
E.1.0.0,576805,PB,Z374012,EM,No Disponible,2024-07-23 20:10:00.351,2024-07-23 20:10:02.708,T,4.592697,-74.182239,1,3,False,2,35.0,-1,0.0,0.0,1.0,29.0,104980.81,-1,-1,85144,51019,98.0,59.92,43.0,28,1,87.0,23.0,0
E.1.0.0,575878,PB,Z374012,No Disponible,No Disponible,2024-07-23 15:40:00.555,2024-07-23 15:40:01.908,T,4.592886,-74.182542,1,3,False,2,35.0,-1,0.0,0.0,1.0,49.0,104980.11,-1,-1,85143,51019,100.0,59.92,34.0,29,2,87.0,24.0,0
E.1.0.0,576950,PB,Z374012,No Disponible,No Disponible,2024-07-23 20:43:00.326,2024-07-23 20:43:01.606,T,4.592697,-74.182239,1,3,False,2,35.0,-1,0.0,0.0,0.0,29.0,104980.835,-1,-1,85143,51019,98.0,59.92,44.0,34,1,87.0,23.0,0
E.1.0.0,576938,PB,Z374012,No Disponible,No Disponible,2024-07-23 20:40:01.178,2024-07-23 20:40:03.785,T,4.592697,-74.182239,1,3,False,2,35.0,-1,0.0,0.0,0.0,29.0,104980.835,-1,-1,85143,51019,98.0,59.92,44.0,26,1,87.0,23.0,0
E.1.0.0,575971,PB,Z374012,No Disponible,No Disponible,2024-07-23 15:58:00.025,2024-07-23 15:58:00.865,T,4.592886,-74.182542,1,3,False,2,35.0,-1,0.0,0.0,0.0,49.0,104980.11,-1,-1,85143,51019,100.0,59.92,37.0,28,4,87.0,24.0,0
E.1.0.0,576119,PB,Z374012,No Disponible,No Disponible,2024-07-23 16:35:00.033,2024-07-23 16:35:01.433,T,4.592886,-74.182542,1,3,False,2,35.0,-1,0.0,0.0,0.0,49.0,104980.11,-1,-1,85144,51019,100.0,59.92,41.0,29,1,87.0,24.0,0
E.1.0.0,576321,PB,Z374012,No Disponible,No Disponible,2024-07-23 17:18:00.379,2024-07-23 17:18:01.456,T,4.592886,-74.182542,1,3,False,2,35.0,-1,0.0,0.0,0.0,49.0,104980.11,-1,-1,85145,51019,99.0,59.92,44.0,27,1,87.0,24.0,0
E.1.0.0,576544,PB,Z374012,No Disponible,No Disponible,2024-07-23 19:11:00.239,2024-07-23 19:11:02.259,T,4.592619,-74.182489,1,3,False,2,35.0,-1,0.0,0.0,0.0,49.0,104980.235,-1,-1,85143,51019,99.0,59.92,37.0,32,1,87.0,23.0,0
E.1.0.0,575717,PB,Z374012,No Disponible,No Disponible,2024-07-23 06:20:00.831,2024-07-23 06:20:02.508,T,4.592633,-74.182314,1,3,False,2,35.0,-1,0.0,0.0,0.0,29.0,104980.11,-1,-1,85144,51019,100.0,59.92,30.0,27,29,87.0,28.0,0
E.1.0.0,576440,PB,Z374012,No Disponible,No Disponible,2024-07-23 17:45:00.033,2024-07-23 17:45:02.833,T,4.592886,-74.182542,1,3,False,2,35.0,-1,0.0,0.0,1.0,49.0,104980.11,-1,-1,85145,51019,99.0,59.92,45.0,28,2,87.0,24.0,0
E.1.0.0,576506,PB,Z374012,No Disponible,No Disponible,2024-07-23 17:58:00.049,2024-07-23 17:58:00.705,T,4.592886,-74.182542,1,3,False,2,35.0,-1,0.0,0.0,0.0,49.0,104980.165,-1,-1,85145,51019,99.0,59.92,46.0,27,3,87.0,24.0,0
E.1.0.0,576303,PB,Z374012,No Disponible,No Disponible,2024-07-23 17:15:00.046,2024-07-23 17:15:00.970,T,4.592886,-74.182542,1,3,False,2,35.0,-1,0.0,0.0,0.0,49.0,104980.11,-1,-1,85145,51019,99.0,59.92,44.0,31,2,87.0,24.0,0
E.1.0.0,576552,PB,Z374012,No Disponible,No Disponible,2024-07-23 19:13:00.510,2024-07-23 19:13:01.786,T,4.592619,-74.182489,1,3,False,2,35.0,-1,0.0,0.0,0.0,49.0,104980.235,-1,-1,85143,51019,99.0,59.92,38.0,33,1,87.0,23.0,0
E.1.0.0,575640,PB,Z374012,No Disponible,No Disponible,2024-07-23 06:02:00.490,2024-07-23 06:02:01.169,T,4.592553,-74.182486,1,3,False,2,35.0,-1,0.0,0.0,1.0,29.0,104980.065,-1,-1,85143,51019,100.0,59.92,26.0,32,31,87.0,28.0,0
E.1.0.0,576640,PB,Z374012,No Disponible,No Disponible,2024-07-23 19:35:00.762,2024-07-23 19:35:02.380,T,4.592619,-74.182489,1,3,False,2,35.0,-1,0.0,0.0,0.0,49.0,104980.235,-1,-1,85143,51019,99.0,59.92,41.0,29,1,87.0,23.0,0
E.1.0.0,576163,PB,Z374012,No Disponible,No Disponible,2024-07-23 16:46:00.066,2024-07-23 16:46:01.472,T,4.592886,-74.182542,1,3,False,2,35.0,-1,0.0,0.0,1.0,49.0,104980.11,-1,-1,85144,51019,100.0,59.92,42.0,28,1,87.0,24.0,0
E.1.0.0,576738,PB,Z374012,No Disponible,No Disponible,2024-07-23 19:58:00.153,2024-07-23 19:58:01.174,T,4.592619,-74.182489,1,3,False,2,35.0,-1,0.0,0.0,0.0,29.0,104980.235,-1,-1,85143,51019,99.0,59.92,43.0,32,1,87.0,23.0,0
E.1.0.0,576404,PB,Z374012,No Disponible,No Disponible,2024-07-23 17:36:00.206,2024-07-23 17:36:01.216,T,4.592886,-74.182542,1,3,False,2,35.0,-1,0.0,0.0,0.0,49.0,104980.11,-1,-1,85145,51019,99.0,59.92,45.0,28,1,87.0,24.0,0
E.1.0.0,575797,PB,Z374012,No Disponible,No Disponible,2024-07-23 14:03:00.056,2024-07-23 14:03:00.616,T,4.592961,-74.182564,1,3,False,2,0.0,-1,0.0,0.0,0.0,100.0,104980.11,-1,-1,85144,51019,0.0,59.92,29.0,38,6,87.0,0.0,0
E.1.0.0,575740,PB,Z374012,No Disponible,No Disponible,2024-07-23 06:25:01.918,2024-07-23 06:25:05.193,T,4.592633,-74.182314,1,3,False,2,35.0,-1,0.0,0.0,1.0,29.0,104980.11,-1,-1,85144,51019,100.0,59.92,30.0,28,28,87.0,28.0,0
E.1.0.0,575595,PB,Z374012,No Disponible,No Disponible,2024-07-23 05:53:00.648,2024-07-23 05:53:02.436,T,4.592839,-74.181158,1,3,False,2,35.0,-1,0.0,0.0,0.0,29.0,104979.79,-1,-1,85143,51019,100.0,59.92,23.0,28,38,86.0,28.0,0
