versionTrama,idRegistro,idOperador,idVehiculo,idRuta,idConductor,fechaHoraLecturaDato,fechaHoraEnvioDato,tipoBus,latitud,longitud,tipoTrama,tecnologiaMotor,tramaRetransmitida,tipoFreno,codigoEvento,codigoComportamientoAnomalo
E.1.0.0,22802,PB,Z374104,No Disponible,No Disponible,2024-04-24 03:15:27.353,2024-04-24 03:15:27.373,T,4.592592,-74.181578,2,3,False,2,EV19,4
E.1.0.0,22832,PB,Z374104,A601,No Disponible,2024-04-24 03:22:16.799,2024-04-24 03:22:16.906,T,4.592592,-74.181578,2,3,False,2,EV19,4
E.1.0.0,22869,PB,Z374104,A601,No Disponible,2024-04-24 03:30:51.778,2024-04-24 03:30:51.888,T,4.592592,-74.181578,2,3,False,2,EV19,4
E.1.0.0,22876,PB,Z374104,A601,No Disponible,2024-04-24 03:32:07.768,2024-04-24 03:32:07.848,T,4.592592,-74.181578,2,3,False,2,EV19,4
E.1.0.0,22883,PB,Z374104,A601,No Disponible,2024-04-24 03:33:18.156,2024-04-24 03:33:18.748,T,4.592592,-74.181578,2,3,False,2,EV19,4
E.1.0.0,22890,PB,Z374104,A601,No Disponible,2024-04-24 03:34:26.408,2024-04-24 03:34:27.608,T,4.592592,-74.181578,2,3,False,2,EV19,4
E.1.0.0,22896,PB,Z374104,A601,No Disponible,2024-04-24 03:35:35.807,2024-04-24 03:35:36.607,T,4.592608,-74.180964,2,3,False,2,EV19,4
E.1.0.0,22903,PB,Z374104,A601,No Disponible,2024-04-24 03:36:53.507,2024-04-24 03:36:53.687,T,4.592608,-74.180964,2,3,False,2,EV19,4
E.1.0.0,22910,PB,Z374104,A601,No Disponible,2024-04-24 03:37:56.157,2024-04-24 03:37:56.537,T,4.592608,-74.180964,2,3,False,2,EV19,4
E.1.0.0,22919,PB,Z374104,A601,No Disponible,2024-04-24 03:39:15.988,2024-04-24 03:39:16.057,T,4.592608,-74.180964,2,3,False,2,EV19,4
E.1.0.0,22928,PB,Z374104,A601,No Disponible,2024-04-24 03:40:18.746,2024-04-24 03:40:19.096,T,4.592608,-74.180964,2,3,False,2,EV19,4
E.1.0.0,22934,PB,Z374104,A601,No Disponible,2024-04-24 03:41:26.166,2024-04-24 03:41:26.586,T,4.592608,-74.180964,2,3,False,2,EV19,4
E.1.0.0,22939,PB,Z374104,A601,No Disponible,2024-04-24 03:42:31.436,2024-04-24 03:42:31.856,T,4.592608,-74.180964,2,3,False,2,EV19,4
E.1.0.0,22945,PB,Z374104,A601,No Disponible,2024-04-24 03:43:52.516,2024-04-24 03:43:52.826,T,4.592608,-74.180964,2,3,False,2,EV19,4
E.1.0.0,22975,PB,Z374104,A601,No Disponible,2024-04-24 03:50:08.486,2024-04-24 03:50:09.046,T,4.592608,-74.180964,2,3,False,2,EV19,4
E.1.0.0,22988,PB,Z374104,A601,No Disponible,2024-04-24 03:52:44.988,2024-04-24 03:52:45.588,T,4.592608,-74.180964,2,3,False,2,EV19,4
E.1.0.0,23002,PB,Z374104,A601,No Disponible,2024-04-24 03:55:31.276,2024-04-24 03:55:33.236,T,4.592608,-74.180964,2,3,False,2,EV19,4
E.1.0.0,23009,PB,Z374104,A601,No Disponible,2024-04-24 03:56:33.326,2024-04-24 03:56:34.196,T,4.592608,-74.180964,2,3,False,2,EV19,4
E.1.0.0,23014,PB,Z374104,A601,No Disponible,2024-04-24 03:57:34.146,2024-04-24 03:57:34.316,T,4.592608,-74.180964,2,3,False,2,EV19,4
E.1.0.0,23022,PB,Z374104,A601,No Disponible,2024-04-24 03:59:01.486,2024-04-24 03:59:01.756,T,4.592447,-74.180475,2,3,False,2,EV19,4
E.1.0.0,23027,PB,Z374104,A601,No Disponible,2024-04-24 04:00:06.806,2024-04-24 04:00:06.866,T,4.591517,-74.180519,2,3,False,2,EV19,4
E.1.0.0,23032,PB,Z374104,A601,No Disponible,2024-04-24 04:01:08.190,2024-04-24 04:01:08.615,T,4.590053,-74.181419,2,3,False,2,EV19,4
E.1.0.0,23037,PB,Z374104,A601,No Disponible,2024-04-24 04:02:10.085,2024-04-24 04:02:10.346,T,4.590314,-74.179317,2,3,False,2,EV19,4
E.1.0.0,23043,PB,Z374104,A601,No Disponible,2024-04-24 04:03:30.006,2024-04-24 04:03:30.036,T,4.587594,-74.177978,2,3,False,2,EV19,4
E.1.0.0,23056,PB,Z374104,A601,No Disponible,2024-04-24 04:05:40.986,2024-04-24 04:05:41.606,T,4.587761,-74.172761,2,3,False,2,EV19,4
E.1.0.0,23066,PB,Z374104,A601,No Disponible,2024-04-24 04:07:05.206,2024-04-24 04:07:05.386,T,4.587725,-74.169186,2,3,False,2,EV19,4
E.1.0.0,23073,PB,Z374104,A601,No Disponible,2024-04-24 04:08:23.106,2024-04-24 04:08:23.276,T,4.586850,-74.168144,2,3,False,2,EV19,4
E.1.0.0,23081,PB,Z374104,A601,No Disponible,2024-04-24 04:09:51.976,2024-04-24 04:09:52.176,T,4.589281,-74.167250,2,3,False,2,EV19,4
E.1.0.0,23096,PB,Z374104,A601,No Disponible,2024-04-24 04:11:43.576,2024-04-24 04:11:43.835,T,4.594328,-74.167244,2,3,False,2,EV19,4
E.1.0.0,23104,PB,Z374104,A601,No Disponible,2024-04-24 04:12:48.275,2024-04-24 04:12:48.805,T,4.595417,-74.167244,2,3,False,2,EV19,4
E.1.0.0,23116,PB,Z374104,A601,No Disponible,2024-04-24 04:15:34.265,2024-04-24 04:15:34.295,T,4.599478,-74.162047,2,3,False,2,EV19,4
E.1.0.0,23128,PB,Z374104,A601,No Disponible,2024-04-24 04:17:36.696,2024-04-24 04:17:36.986,T,4.599861,-74.154978,2,3,False,2,EV19,4
E.1.0.0,23134,PB,Z374104,A601,No Disponible,2024-04-24 04:18:48.336,2024-04-24 04:18:48.516,T,4.597867,-74.154011,2,3,False,2,EV19,4
E.1.0.0,23143,PB,Z374104,A601,No Disponible,2024-04-24 04:20:49.036,2024-04-24 04:20:49.396,T,4.595325,-74.150242,2,3,False,2,EV19,4
E.1.0.0,23154,PB,Z374104,A601,No Disponible,2024-04-24 04:22:39.346,2024-04-24 04:22:39.626,T,4.595394,-74.142731,2,3,False,2,EV19,4
E.1.0.0,23163,PB,Z374104,A601,No Disponible,2024-04-24 04:23:49.396,2024-04-24 04:23:49.586,T,4.593153,-74.141453,2,3,False,2,EV19,4
E.1.0.0,23171,PB,Z374104,A601,No Disponible,2024-04-24 04:25:32.466,2024-04-24 04:25:32.946,T,4.592183,-74.137131,2,3,False,2,EV19,4
E.1.0.0,23197,PB,Z374104,A601,No Disponible,2024-04-24 04:31:58.805,2024-04-24 04:31:58.845,T,4.588983,-74.109225,2,3,False,2,EV19,4
E.1.0.0,23203,PB,Z374104,A601,No Disponible,2024-04-24 04:32:57.905,2024-04-24 04:32:58.145,T,4.590036,-74.108086,2,3,False,2,EV19,4
E.1.0.0,23222,PB,Z374104,A601,No Disponible,2024-04-24 04:36:58.495,2024-04-24 04:36:58.566,T,4.594444,-74.097692,2,3,False,2,EV19,4
E.1.0.0,23232,PB,Z374104,A601,No Disponible,2024-04-24 04:38:42.316,2024-04-24 04:38:42.576,T,4.593097,-74.092992,2,3,False,2,EV19,4
E.1.0.0,23242,PB,Z374104,A601,No Disponible,2024-04-24 04:40:36.615,2024-04-24 04:40:37.265,T,4.589458,-74.085158,2,3,False,2,EV19,4
E.1.0.0,23258,PB,Z374104,A601,No Disponible,2024-04-24 04:44:13.431,2024-04-24 04:44:13.781,T,4.598344,-74.078983,2,3,False,2,EV19,4
E.1.0.0,23268,PB,Z374104,A601,No Disponible,2024-04-24 04:45:56.371,2024-04-24 04:45:56.631,T,4.601214,-74.077119,2,3,False,2,EV19,4
E.1.0.0,23280,PB,Z374104,A601,No Disponible,2024-04-24 04:47:41.116,2024-04-24 04:47:41.986,T,4.604894,-74.074844,2,3,False,2,EV19,4
E.1.0.0,23290,PB,Z374104,A601,No Disponible,2024-04-24 04:49:07.896,2024-04-24 04:49:07.926,T,4.606575,-74.073825,2,3,False,2,EV19,4
E.1.0.0,23297,PB,Z374104,A601,No Disponible,2024-04-24 04:50:50.266,2024-04-24 04:50:50.706,T,4.611183,-74.071172,2,3,False,2,EV19,4
E.1.0.0,23312,PB,Z374104,A601,No Disponible,2024-04-24 04:53:28.526,2024-04-24 04:53:28.686,T,4.622597,-74.066550,2,3,False,2,EV19,4
E.1.0.0,23325,PB,Z374104,A601,No Disponible,2024-04-24 04:55:47.106,2024-04-24 04:55:47.316,T,4.630544,-74.064428,2,3,False,2,EV19,4
E.1.0.0,23336,PB,Z374104,A601,No Disponible,2024-04-24 04:57:32.086,2024-04-24 04:57:32.136,T,4.635536,-74.063667,2,3,False,2,EV19,4
E.1.0.0,23351,PB,Z374104,A601,No Disponible,2024-04-24 05:00:13.516,2024-04-24 05:00:13.716,T,4.644067,-74.061603,2,3,False,2,EV19,4
E.1.0.0,23361,PB,Z374104,A601,No Disponible,2024-04-24 05:01:46.875,2024-04-24 05:01:50.935,T,4.647594,-74.059803,2,3,False,2,EV19,4
E.1.0.0,23371,PB,Z374104,A601,No Disponible,2024-04-24 05:03:05.306,2024-04-24 05:03:05.565,T,4.649164,-74.059036,2,3,False,2,EV19,4
E.1.0.0,23380,PB,Z374104,A601,No Disponible,2024-04-24 05:05:13.015,2024-04-24 05:05:13.166,T,4.651511,-74.059389,2,3,False,2,EV19,4
E.1.0.0,23390,PB,Z374104,A601,No Disponible,2024-04-24 05:06:30.655,2024-04-24 05:06:31.735,T,4.651511,-74.059389,2,3,False,2,EV19,4
E.1.0.0,23396,PB,Z374104,H601,No Disponible,2024-04-24 05:07:34.036,2024-04-24 05:07:34.406,T,4.651919,-74.060153,2,3,False,2,EV19,4
E.1.0.0,23403,PB,Z374104,H601,No Disponible,2024-04-24 05:08:55.776,2024-04-24 05:08:55.936,T,4.650547,-74.062464,2,3,False,2,EV19,4
E.1.0.0,23416,PB,Z374104,H601,No Disponible,2024-04-24 05:11:51.746,2024-04-24 05:12:01.016,T,4.640433,-74.065047,2,3,True,2,EV19,4
E.1.0.0,23425,PB,Z374104,H601,No Disponible,2024-04-24 05:13:42.696,2024-04-24 05:13:43.636,T,4.634400,-74.066069,2,3,False,2,EV19,4
E.1.0.0,23430,PB,Z374104,H601,No Disponible,2024-04-24 05:14:49.237,2024-04-24 05:14:49.256,T,4.632533,-74.066397,2,3,False,2,EV19,4
E.1.0.0,23441,PB,Z374104,H601,No Disponible,2024-04-24 05:17:01.688,2024-04-24 05:17:01.956,T,4.626406,-74.067389,2,3,False,2,EV19,4
E.1.0.0,23454,PB,Z374104,H601,No Disponible,2024-04-24 05:19:23.986,2024-04-24 05:19:24.406,T,4.616258,-74.069275,2,3,False,2,EV19,4
E.1.0.0,23462,PB,Z374104,H601,No Disponible,2024-04-24 05:21:07.946,2024-04-24 05:21:08.116,T,4.611150,-74.071492,2,3,False,2,EV19,4
E.1.0.0,23467,PB,Z374104,H601,No Disponible,2024-04-24 05:22:10.276,2024-04-24 05:22:12.067,T,4.607669,-74.073500,2,3,False,2,EV19,4
E.1.0.0,23479,PB,Z374104,H601,No Disponible,2024-04-24 05:24:09.326,2024-04-24 05:24:09.426,T,4.602739,-74.076458,2,3,False,2,EV19,4
E.1.0.0,23484,PB,Z374104,H601,No Disponible,2024-04-24 05:25:15.256,2024-04-24 05:25:15.396,T,4.600075,-74.078139,2,3,False,2,EV19,4
E.1.0.0,23491,PB,Z374104,H601,No Disponible,2024-04-24 05:26:56.946,2024-04-24 05:26:57.206,T,4.595294,-74.081061,2,3,False,2,EV19,4
E.1.0.0,23498,PB,Z374104,H601,No Disponible,2024-04-24 05:28:16.338,2024-04-24 05:28:16.347,T,4.589483,-74.084931,2,3,False,2,EV19,4
E.1.0.0,23504,PB,Z374104,H601,No Disponible,2024-04-24 05:29:35.437,2024-04-24 05:29:35.597,T,4.591761,-74.088719,2,3,False,2,EV19,4
E.1.0.0,23509,PB,Z374104,H601,No Disponible,2024-04-24 05:30:35.307,2024-04-24 05:30:35.997,T,4.592722,-74.091117,2,3,False,2,EV19,4
E.1.0.0,23520,PB,Z374104,H601,No Disponible,2024-04-24 05:32:10.365,2024-04-24 05:32:10.486,T,4.593978,-74.095739,2,3,False,2,EV19,4
E.1.0.0,23526,PB,Z374104,H601,No Disponible,2024-04-24 05:33:20.346,2024-04-24 05:33:20.885,T,4.595008,-74.100161,2,3,False,2,EV19,4
E.1.0.0,23531,PB,Z374104,H601,No Disponible,2024-04-24 05:34:37.363,2024-04-24 05:34:37.775,T,4.594986,-74.102933,2,3,False,2,EV19,4
E.1.0.0,23550,PB,Z374104,H601,No Disponible,2024-04-24 05:38:08.414,2024-04-24 05:38:08.684,T,4.588856,-74.111089,2,3,False,2,EV19,4
E.1.0.0,23560,PB,Z374104,H601,No Disponible,2024-04-24 05:39:51.734,2024-04-24 05:39:51.924,T,4.589328,-74.120156,2,3,False,2,EV19,4
E.1.0.0,23572,PB,Z374104,H601,No Disponible,2024-04-24 05:41:54.764,2024-04-24 05:41:55.384,T,4.593247,-74.126600,2,3,False,2,EV19,4
E.1.0.0,23577,PB,Z374104,H601,No Disponible,2024-04-24 05:42:56.246,2024-04-24 05:42:56.446,T,4.593800,-74.130000,2,3,False,2,EV19,4
E.1.0.0,23587,PB,Z374104,H601,No Disponible,2024-04-24 05:44:00.846,2024-04-24 05:44:01.306,T,4.594456,-74.134261,2,3,False,2,EV19,4
E.1.0.0,23596,PB,Z374104,H601,No Disponible,2024-04-24 05:45:33.786,2024-04-24 05:45:34.266,T,4.595769,-74.141647,2,3,False,2,EV19,4
E.1.0.0,23612,PB,Z374104,H601,No Disponible,2024-04-24 05:47:45.766,2024-04-24 05:47:45.956,T,4.595442,-74.149517,2,3,False,2,EV19,4
E.1.0.0,23625,PB,Z374104,H601,No Disponible,2024-04-24 05:50:41.006,2024-04-24 05:50:41.016,T,4.596219,-74.153075,2,3,False,2,EV19,4
E.1.0.0,23645,PB,Z374104,H601,No Disponible,2024-04-24 05:54:52.236,2024-04-24 05:54:52.406,T,4.599714,-74.161792,2,3,False,2,EV19,4
E.1.0.0,23657,PB,Z374104,H601,No Disponible,2024-04-24 05:57:24.376,2024-04-24 05:57:24.516,T,4.589686,-74.161394,2,3,False,2,EV19,4
E.1.0.0,23662,PB,Z374104,H601,No Disponible,2024-04-24 05:58:27.856,2024-04-24 05:58:27.976,T,4.589686,-74.161394,2,3,False,2,EV19,4
E.1.0.0,23671,PB,Z374104,H601,No Disponible,2024-04-24 06:00:22.026,2024-04-24 06:00:22.126,T,4.587228,-74.168778,2,3,False,2,EV19,4
E.1.0.0,23677,PB,Z374104,H601,No Disponible,2024-04-24 06:01:49.776,2024-04-24 06:01:49.946,T,4.587072,-74.171244,2,3,False,2,EV19,4
E.1.0.0,23685,PB,Z374104,H601,No Disponible,2024-04-24 06:03:29.156,2024-04-24 06:03:29.196,T,4.591664,-74.172156,2,3,False,2,EV19,4
E.1.0.0,23690,PB,Z374104,H601,No Disponible,2024-04-24 06:04:39.206,2024-04-24 06:04:39.236,T,4.591886,-74.175272,2,3,False,2,EV19,4
E.1.0.0,23698,PB,Z374104,H601,No Disponible,2024-04-24 06:06:07.936,2024-04-24 06:06:08.056,T,4.594728,-74.176478,2,3,False,2,EV19,4
E.1.0.0,23707,PB,Z374104,H601,No Disponible,2024-04-24 06:07:39.726,2024-04-24 06:07:39.766,T,4.594594,-74.178428,2,3,False,2,EV19,4
E.1.0.0,23715,PB,Z374104,H601,No Disponible,2024-04-24 06:08:48.086,2024-04-24 06:08:48.536,T,4.592439,-74.180203,2,3,False,2,EV19,4
E.1.0.0,23725,PB,Z374104,H601,No Disponible,2024-04-24 06:10:41.176,2024-04-24 06:10:41.416,T,4.593069,-74.182683,2,3,False,2,EV19,4
E.1.0.0,23730,PB,Z374104,H601,No Disponible,2024-04-24 06:11:47.176,2024-04-24 06:11:47.646,T,4.592531,-74.181344,2,3,False,2,EV19,4
E.1.0.0,23863,PB,Z374104,H601,No Disponible,2024-04-24 06:43:58.618,2024-04-24 06:43:58.619,T,4.592531,-74.181344,2,3,False,2,EV19,4
E.1.0.0,23870,PB,Z374104,H601,No Disponible,2024-04-24 06:45:13.085,2024-04-24 06:45:13.455,T,4.592531,-74.181344,2,3,False,2,EV19,4
E.1.0.0,23875,PB,Z374104,H601,No Disponible,2024-04-24 06:46:14.256,2024-04-24 06:46:14.295,T,4.592531,-74.181344,2,3,False,2,EV19,4
E.1.0.0,23880,PB,Z374104,H601,No Disponible,2024-04-24 06:47:16.728,2024-04-24 06:47:17.115,T,4.592531,-74.181344,2,3,False,2,EV19,4
E.1.0.0,23888,PB,Z374104,H601,No Disponible,2024-04-24 06:48:23.956,2024-04-24 06:48:24.015,T,4.592531,-74.181344,2,3,False,2,EV19,4
E.1.0.0,23893,PB,Z374104,A601,No Disponible,2024-04-24 06:49:37.568,2024-04-24 06:49:41.667,T,4.592453,-74.180483,2,3,False,2,EV19,4
E.1.0.0,23899,PB,Z374104,A601,No Disponible,2024-04-24 06:50:55.677,2024-04-24 06:50:55.737,T,4.591250,-74.181619,2,3,False,2,EV19,4
E.1.0.0,23899,PB,Z374104,A601,No Disponible,2024-04-24 06:50:55.677,2024-04-24 06:50:57.067,T,4.591250,-74.181619,2,3,False,2,EV19,4
E.1.0.0,23899,PB,Z374104,A601,No Disponible,2024-04-24 06:50:55.677,2024-04-24 06:51:11.247,T,4.591250,-74.181619,2,3,True,2,EV19,4
E.1.0.0,23911,PB,Z374104,A601,No Disponible,2024-04-24 06:52:55.328,2024-04-24 06:53:42.936,T,4.590336,-74.179308,2,3,True,2,EV19,4
E.1.0.0,23919,PB,Z374104,A601,No Disponible,2024-04-24 06:54:31.356,2024-04-24 06:54:31.446,T,4.587433,-74.177906,2,3,False,2,EV19,4
E.1.0.0,23926,PB,Z374104,A601,No Disponible,2024-04-24 06:55:40.856,2024-04-24 06:55:41.215,T,4.587419,-74.175417,2,3,False,2,EV19,4
E.1.0.0,23935,PB,Z374104,A601,No Disponible,2024-04-24 06:57:01.168,2024-04-24 06:57:01.446,T,4.587794,-74.172764,2,3,False,2,EV19,4
E.1.0.0,23947,PB,Z374104,A601,No Disponible,2024-04-24 06:59:02.536,2024-04-24 06:59:02.656,T,4.587742,-74.169172,2,3,False,2,EV19,4
E.1.0.0,23952,PB,Z374104,A601,No Disponible,2024-04-24 07:00:03.538,2024-04-24 07:00:04.476,T,4.586894,-74.168133,2,3,False,2,EV19,4
E.1.0.0,23960,PB,Z374104,A601,No Disponible,2024-04-24 07:01:07.796,2024-04-24 07:01:07.816,T,4.587200,-74.167069,2,3,False,2,EV19,4
E.1.0.0,23967,PB,Z374104,A601,No Disponible,2024-04-24 07:02:45.366,2024-04-24 07:02:45.496,T,4.589261,-74.167283,2,3,False,2,EV19,4
E.1.0.0,23979,PB,Z374104,A601,No Disponible,2024-04-24 07:04:31.082,2024-04-24 07:04:31.276,T,4.594328,-74.167292,2,3,False,2,EV19,4
E.1.0.0,23986,PB,Z374104,A601,No Disponible,2024-04-24 07:05:38.236,2024-04-24 07:05:38.486,T,4.595389,-74.167278,2,3,False,2,EV19,4
E.1.0.0,24000,PB,Z374104,A601,No Disponible,2024-04-24 07:08:39.226,2024-04-24 07:08:39.976,T,4.597361,-74.162031,2,3,False,2,EV19,4
E.1.0.0,24008,PB,Z374104,A601,No Disponible,2024-04-24 07:09:48.523,2024-04-24 07:09:48.576,T,4.599475,-74.162075,2,3,False,2,EV19,4
E.1.0.0,24016,PB,Z374104,A601,No Disponible,2024-04-24 07:10:59.696,2024-04-24 07:10:59.886,T,4.599722,-74.159247,2,3,False,2,EV19,4
E.1.0.0,24029,PB,Z374104,A601,No Disponible,2024-04-24 07:12:15.226,2024-04-24 07:12:15.366,T,4.599750,-74.157644,2,3,False,2,EV19,4
E.1.0.0,24034,PB,Z374104,A601,No Disponible,2024-04-24 07:13:18.626,2024-04-24 07:13:19.096,T,4.599281,-74.154325,2,3,False,2,EV19,4
E.1.0.0,24041,PB,Z374104,A601,No Disponible,2024-04-24 07:14:54.706,2024-04-24 07:14:54.946,T,4.597008,-74.153786,2,3,False,2,EV19,4
E.1.0.0,24053,PB,Z374104,A601,No Disponible,2024-04-24 07:17:20.906,2024-04-24 07:17:20.926,T,4.597008,-74.153786,2,3,False,2,EV19,4
E.1.0.0,24062,PB,Z374104,A601,No Disponible,2024-04-24 07:19:23.848,2024-04-24 07:19:24.388,T,4.595469,-74.151444,2,3,False,2,EV19,3
E.1.0.0,24063,PB,Z374104,A601,No Disponible,2024-04-24 07:19:38.598,2024-04-24 07:19:39.108,T,4.595344,-74.150378,2,3,False,2,EV19,4
E.1.0.0,24074,PB,Z374104,A601,No Disponible,2024-04-24 07:21:17.328,2024-04-24 07:21:17.538,T,4.595153,-74.144981,2,3,False,2,EV19,4
E.1.0.0,24083,PB,Z374104,A601,No Disponible,2024-04-24 07:22:27.828,2024-04-24 07:22:27.859,T,4.595381,-74.142936,2,3,False,2,EV19,4
E.1.0.0,24092,PB,Z374104,A601,No Disponible,2024-04-24 07:23:52.388,2024-04-24 07:23:52.898,T,4.595411,-74.141519,2,3,False,2,EV19,4
E.1.0.0,24099,PB,Z374104,A601,No Disponible,2024-04-24 07:25:02.616,2024-04-24 07:25:03.026,T,4.594267,-74.141356,2,3,False,2,EV19,4
E.1.0.0,24104,PB,Z374104,A601,No Disponible,2024-04-24 07:26:19.546,2024-04-24 07:26:19.696,T,4.592694,-74.139450,2,3,False,2,EV19,4
E.1.0.0,24110,PB,Z374104,A601,No Disponible,2024-04-24 07:27:32.857,2024-04-24 07:27:33.086,T,4.592578,-74.138842,2,3,False,2,EV19,4
E.1.0.0,24119,PB,Z374104,A601,No Disponible,2024-04-24 07:29:26.506,2024-04-24 07:29:26.626,T,4.592244,-74.137247,2,3,False,2,EV19,4
E.1.0.0,24132,PB,Z374104,A601,No Disponible,2024-04-24 07:32:33.056,2024-04-24 07:32:33.316,T,4.593881,-74.136742,2,3,False,2,EV19,4
E.1.0.0,24138,PB,Z374104,A601,No Disponible,2024-04-24 07:33:45.955,2024-04-24 07:33:46.176,T,4.593881,-74.136742,2,3,False,2,EV19,4
E.1.0.0,24145,PB,Z374104,A601,No Disponible,2024-04-24 07:35:07.503,2024-04-24 07:35:07.742,T,4.594292,-74.135089,2,3,False,2,EV19,4
E.1.0.0,24157,PB,Z374104,A601,No Disponible,2024-04-24 07:37:02.316,2024-04-24 07:37:02.792,T,4.592692,-74.128467,2,3,False,2,EV19,4
E.1.0.0,24166,PB,Z374104,A601,No Disponible,2024-04-24 07:38:38.222,2024-04-24 07:38:38.552,T,4.591078,-74.126153,2,3,False,2,EV19,4
E.1.0.0,24178,PB,Z374104,A601,No Disponible,2024-04-24 07:40:32.286,2024-04-24 07:40:32.316,T,4.589153,-74.120186,2,3,False,2,EV19,4
E.1.0.0,24186,PB,Z374104,A601,No Disponible,2024-04-24 07:41:36.836,2024-04-24 07:41:37.146,T,4.588553,-74.117353,2,3,False,2,EV19,4
E.1.0.0,24198,PB,Z374104,A601,No Disponible,2024-04-24 07:43:34.236,2024-04-24 07:43:34.476,T,4.588469,-74.114586,2,3,False,2,EV19,4
E.1.0.0,24204,PB,Z374104,A601,No Disponible,2024-04-24 07:44:56.326,2024-04-24 07:44:56.406,T,4.588628,-74.112358,2,3,False,2,EV19,4
E.1.0.0,24214,PB,Z374104,A601,No Disponible,2024-04-24 07:46:00.196,2024-04-24 07:46:00.816,T,4.588697,-74.110864,2,3,False,2,EV19,4
E.1.0.0,24219,PB,Z374104,A601,No Disponible,2024-04-24 07:47:03.627,2024-04-24 07:47:03.896,T,4.588664,-74.110417,2,3,False,2,EV19,4
E.1.0.0,24224,PB,Z374104,A601,No Disponible,2024-04-24 07:48:17.866,2024-04-24 07:48:18.386,T,4.588706,-74.109642,2,3,False,2,EV19,4
E.1.0.0,24231,PB,Z374104,A601,No Disponible,2024-04-24 07:49:50.366,2024-04-24 07:49:50.456,T,4.589867,-74.108303,2,3,False,2,EV19,4
E.1.0.0,24239,PB,Z374104,A601,No Disponible,2024-04-24 07:50:54.466,2024-04-24 07:50:54.636,T,4.591103,-74.107033,2,3,False,2,EV19,4
E.1.0.0,24248,PB,Z374104,A601,No Disponible,2024-04-24 07:52:55.796,2024-04-24 07:52:56.136,T,4.592964,-74.105072,2,3,False,2,EV19,4
E.1.0.0,24264,PB,Z374104,A601,No Disponible,2024-04-24 07:56:04.166,2024-04-24 07:56:04.356,T,4.594608,-74.098169,2,3,False,2,EV19,4
E.1.0.0,24271,PB,Z374104,A601,No Disponible,2024-04-24 07:57:05.237,2024-04-24 07:57:05.496,T,4.594486,-74.097706,2,3,False,2,EV19,4
E.1.0.0,24277,PB,Z374104,A601,No Disponible,2024-04-24 07:58:31.376,2024-04-24 07:58:31.646,T,4.594003,-74.096169,2,3,False,2,EV19,4
E.1.0.0,24283,PB,Z374104,A601,No Disponible,2024-04-24 07:59:51.136,2024-04-24 07:59:51.236,T,4.593650,-74.094967,2,3,False,2,EV19,4
E.1.0.0,24293,PB,Z374104,A601,No Disponible,2024-04-24 08:01:08.416,2024-04-24 08:01:08.586,T,4.592333,-74.090417,2,3,False,2,EV19,4
E.1.0.0,24303,PB,Z374104,A601,No Disponible,2024-04-24 08:02:32.676,2024-04-24 08:02:32.936,T,4.590711,-74.087225,2,3,False,2,EV19,4
E.1.0.0,24313,PB,Z374104,A601,No Disponible,2024-04-24 08:03:34.596,2024-04-24 08:03:34.746,T,4.589519,-74.085253,2,3,False,2,EV19,4
E.1.0.0,24321,PB,Z374104,A601,No Disponible,2024-04-24 08:05:16.376,2024-04-24 08:05:17.256,T,4.590703,-74.083844,2,3,False,2,EV19,4
E.1.0.0,24326,PB,Z374104,A601,No Disponible,2024-04-24 08:06:18.856,2024-04-24 08:06:19.096,T,4.592428,-74.082708,2,3,False,2,EV19,4
E.1.0.0,24332,PB,Z374104,A601,No Disponible,2024-04-24 08:07:39.356,2024-04-24 08:07:39.416,T,4.593022,-74.082344,2,3,False,2,EV19,4
E.1.0.0,24347,PB,Z374104,A601,No Disponible,2024-04-24 08:10:15.436,2024-04-24 08:10:15.656,T,4.595236,-74.080869,2,3,False,2,EV19,4
E.1.0.0,24353,PB,Z374104,A601,No Disponible,2024-04-24 08:11:22.397,2024-04-24 08:11:23.476,T,4.595819,-74.080550,2,3,False,2,EV19,4
E.1.0.0,24360,PB,Z374104,A601,No Disponible,2024-04-24 08:12:53.846,2024-04-24 08:12:54.266,T,4.596311,-74.080228,2,3,False,2,EV19,4
E.1.0.0,24369,PB,Z374104,A601,No Disponible,2024-04-24 08:14:11.766,2024-04-24 08:14:11.866,T,4.597336,-74.079617,2,3,False,2,EV19,4
E.1.0.0,24375,PB,Z374104,A601,No Disponible,2024-04-24 08:15:20.386,2024-04-24 08:15:20.846,T,4.597767,-74.079356,2,3,False,2,EV19,4
E.1.0.0,24381,PB,Z374104,A601,No Disponible,2024-04-24 08:16:20.546,2024-04-24 08:16:21.076,T,4.598600,-74.078828,2,3,False,2,EV19,4
E.1.0.0,24392,PB,Z374104,A601,No Disponible,2024-04-24 08:18:24.936,2024-04-24 08:18:25.156,T,4.601858,-74.076758,2,3,False,2,EV19,4
E.1.0.0,24398,PB,Z374104,A601,No Disponible,2024-04-24 08:19:47.046,2024-04-24 08:19:47.536,T,4.603792,-74.075561,2,3,False,2,EV19,4
E.1.0.0,24412,PB,Z374104,A601,No Disponible,2024-04-24 08:22:06.016,2024-04-24 08:22:06.066,T,4.605125,-74.074814,2,3,False,2,EV19,4
E.1.0.0,24426,PB,Z374104,A601,No Disponible,2024-04-24 08:25:20.366,2024-04-24 08:25:20.636,T,4.606081,-74.074203,2,3,False,2,EV19,4
E.1.0.0,24432,PB,Z374104,A601,No Disponible,2024-04-24 08:26:49.440,2024-04-24 08:26:49.720,T,4.606081,-74.074203,2,3,False,2,EV19,4
E.1.0.0,24440,PB,Z374104,A601,No Disponible,2024-04-24 08:28:20.130,2024-04-24 08:28:20.290,T,4.606519,-74.073956,2,3,False,2,EV19,4
E.1.0.0,24449,PB,Z374104,A601,No Disponible,2024-04-24 08:30:01.270,2024-04-24 08:30:01.530,T,4.608594,-74.072708,2,3,False,2,EV19,4
E.1.0.0,24456,PB,Z374104,A601,No Disponible,2024-04-24 08:31:01.746,2024-04-24 08:31:02.016,T,4.608878,-74.072556,2,3,False,2,EV19,4
E.1.0.0,24462,PB,Z374104,A601,No Disponible,2024-04-24 08:32:25.616,2024-04-24 08:32:25.886,T,4.613850,-74.069633,2,3,False,2,EV19,4
E.1.0.0,24467,PB,Z374104,A601,No Disponible,2024-04-24 08:33:25.746,2024-04-24 08:33:26.616,T,4.615403,-74.068981,2,3,False,2,EV19,4
E.1.0.0,24473,PB,Z374104,A601,No Disponible,2024-04-24 08:34:57.436,2024-04-24 08:34:57.596,T,4.615403,-74.068981,2,3,False,2,EV19,4
E.1.0.0,24480,PB,Z374104,A601,No Disponible,2024-04-24 08:36:03.686,2024-04-24 08:36:03.716,T,4.616453,-74.068686,2,3,False,2,EV19,4
E.1.0.0,24486,PB,Z374104,A601,No Disponible,2024-04-24 08:37:28.619,2024-04-24 08:37:28.766,T,4.618311,-74.068303,2,3,False,2,EV19,3
E.1.0.0,24491,PB,Z374104,A601,No Disponible,2024-04-24 08:38:14.536,2024-04-24 08:38:14.896,T,4.619003,-74.068000,2,3,False,2,EV19,4
E.1.0.0,24499,PB,Z374104,A601,No Disponible,2024-04-24 08:39:26.616,2024-04-24 08:39:26.676,T,4.620892,-74.067117,2,3,False,2,EV19,4
E.1.0.0,24511,PB,Z374104,A601,No Disponible,2024-04-24 08:42:12.836,2024-04-24 08:42:12.966,T,4.627689,-74.065272,2,3,False,2,EV19,4
E.1.0.0,24525,PB,Z374104,A601,No Disponible,2024-04-24 08:44:47.356,2024-04-24 08:44:47.556,T,4.630933,-74.064336,2,3,False,2,EV19,4
E.1.0.0,24530,PB,Z374104,A601,No Disponible,2024-04-24 08:45:54.686,2024-04-24 08:45:54.907,T,4.633461,-74.063778,2,3,False,2,EV19,4
E.1.0.0,24545,PB,Z374104,A601,No Disponible,2024-04-24 08:48:23.716,2024-04-24 08:48:23.747,T,4.639050,-74.062969,2,3,False,2,EV19,4
E.1.0.0,24550,PB,Z374104,A601,No Disponible,2024-04-24 08:49:38.866,2024-04-24 08:49:39.326,T,4.642322,-74.062069,2,3,False,2,EV19,4
E.1.0.0,24562,PB,Z374104,A601,No Disponible,2024-04-24 08:51:36.526,2024-04-24 08:51:37.045,T,4.647494,-74.059869,2,3,False,2,EV19,4
E.1.0.0,24570,PB,Z374104,A601,No Disponible,2024-04-24 08:53:00.896,2024-04-24 08:53:01.206,T,4.649203,-74.059017,2,3,False,2,EV19,4
E.1.0.0,24578,PB,Z374104,A601,No Disponible,2024-04-24 08:54:05.545,2024-04-24 08:54:05.995,T,4.649514,-74.057253,2,3,False,2,EV19,4
E.1.0.0,24586,PB,Z374104,A601,No Disponible,2024-04-24 08:55:11.046,2024-04-24 08:55:11.286,T,4.650128,-74.057033,2,3,False,2,EV19,4
E.1.0.0,24592,PB,Z374104,A601,No Disponible,2024-04-24 08:56:33.116,2024-04-24 08:56:33.206,T,4.650433,-74.057800,2,3,False,2,EV19,4
E.1.0.0,24600,PB,Z374104,A601,No Disponible,2024-04-24 08:58:02.086,2024-04-24 08:58:02.266,T,4.652169,-74.060561,2,3,False,2,EV19,4
E.1.0.0,24607,PB,Z374104,A601,No Disponible,2024-04-24 08:59:08.746,2024-04-24 08:59:08.756,T,4.652550,-74.061164,2,3,False,2,EV19,4
E.1.0.0,24612,PB,Z374104,H601,No Disponible,2024-04-24 09:00:15.286,2024-04-24 09:00:15.366,T,4.650678,-74.062375,2,3,False,2,EV19,4
E.1.0.0,24618,PB,Z374104,H601,No Disponible,2024-04-24 09:01:30.256,2024-04-24 09:01:30.286,T,4.650681,-74.063183,2,3,False,2,EV19,4
E.1.0.0,24624,PB,Z374104,H601,No Disponible,2024-04-24 09:02:57.885,2024-04-24 09:02:58.275,T,4.649853,-74.063450,2,3,False,2,EV19,4
E.1.0.0,24632,PB,Z374104,H601,No Disponible,2024-04-24 09:04:38.576,2024-04-24 09:04:38.786,T,4.644411,-74.064397,2,3,False,2,EV19,4
E.1.0.0,24639,PB,Z374104,H601,No Disponible,2024-04-24 09:05:39.855,2024-04-24 09:05:39.896,T,4.644411,-74.064397,2,3,False,2,EV19,4
E.1.0.0,24647,PB,Z374104,H601,No Disponible,2024-04-24 09:06:48.796,2024-04-24 09:06:48.836,T,4.641939,-74.064817,2,3,False,2,EV19,4
E.1.0.0,24654,PB,Z374104,H601,No Disponible,2024-04-24 09:07:52.726,2024-04-24 09:07:52.796,T,4.640253,-74.065075,2,3,False,2,EV19,4
E.1.0.0,24659,PB,Z374104,RET,No Disponible,2024-04-24 09:08:52.676,2024-04-24 09:08:53.006,T,4.636597,-74.065644,2,3,False,2,EV19,4
E.1.0.0,24671,PB,Z374104,RET,No Disponible,2024-04-24 09:11:25.136,2024-04-24 09:11:25.346,T,4.629367,-74.066861,2,3,False,2,EV19,4
E.1.0.0,24679,PB,Z374104,H601,No Disponible,2024-04-24 09:13:08.536,2024-04-24 09:13:08.736,T,4.626528,-74.067375,2,3,False,2,EV19,4
E.1.0.0,24691,PB,Z374104,H601,No Disponible,2024-04-24 09:15:05.836,2024-04-24 09:15:05.976,T,4.622236,-74.068094,2,3,False,2,EV19,4
E.1.0.0,24704,PB,Z374104,H601,No Disponible,2024-04-24 09:18:00.921,2024-04-24 09:18:01.702,T,4.615617,-74.069900,2,3,False,2,EV19,4
E.1.0.0,24716,PB,Z374104,H601,No Disponible,2024-04-24 09:20:19.592,2024-04-24 09:20:20.151,T,4.610986,-74.071536,2,3,False,2,EV19,4
E.1.0.0,24726,PB,Z374104,H601,No Disponible,2024-04-24 09:22:24.558,2024-04-24 09:22:24.778,T,4.607744,-74.073500,2,3,False,2,EV19,4
E.1.0.0,24734,PB,Z374104,H601,No Disponible,2024-04-24 09:24:02.638,2024-04-24 09:24:03.997,T,4.605761,-74.074583,2,3,False,2,EV19,4
E.1.0.0,24739,PB,Z374104,H601,No Disponible,2024-04-24 09:25:02.598,2024-04-24 09:25:02.938,T,4.604044,-74.075644,2,3,False,2,EV19,4
E.1.0.0,24752,PB,Z374104,H601,No Disponible,2024-04-24 09:27:24.036,2024-04-24 09:27:24.186,T,4.600983,-74.077494,2,3,False,2,EV19,4
E.1.0.0,24757,PB,Z374104,H601,No Disponible,2024-04-24 09:28:32.626,2024-04-24 09:28:32.806,T,4.600278,-74.078019,2,3,False,2,EV19,4
E.1.0.0,24765,PB,Z374104,H601,No Disponible,2024-04-24 09:30:14.276,2024-04-24 09:30:14.796,T,4.599492,-74.078519,2,3,False,2,EV19,4
E.1.0.0,24774,PB,Z374104,H601,No Disponible,2024-04-24 09:32:15.776,2024-04-24 09:32:16.196,T,4.598556,-74.079108,2,3,False,2,EV19,4
E.1.0.0,24785,PB,Z374104,H601,No Disponible,2024-04-24 09:34:50.153,2024-04-24 09:34:50.236,T,4.590086,-74.084544,2,3,False,2,EV19,4
E.1.0.0,24790,PB,Z374104,H601,No Disponible,2024-04-24 09:35:55.526,2024-04-24 09:35:55.906,T,4.589494,-74.084953,2,3,False,2,EV19,4
E.1.0.0,24795,PB,Z374104,H601,No Disponible,2024-04-24 09:36:56.266,2024-04-24 09:36:56.446,T,4.591533,-74.088325,2,3,False,2,EV19,4
E.1.0.0,24805,PB,Z374104,H601,No Disponible,2024-04-24 09:38:44.106,2024-04-24 09:38:44.376,T,4.593367,-74.093453,2,3,False,2,EV19,4
E.1.0.0,24815,PB,Z374104,H601,No Disponible,2024-04-24 09:40:27.066,2024-04-24 09:40:27.146,T,4.594342,-74.096844,2,3,False,2,EV19,4
E.1.0.0,24823,PB,Z374104,H601,No Disponible,2024-04-24 09:42:16.166,2024-04-24 09:42:16.386,T,4.595028,-74.100175,2,3,False,2,EV19,4
E.1.0.0,24838,PB,Z374104,H601,No Disponible,2024-04-24 09:45:57.216,2024-04-24 09:45:57.256,T,4.589819,-74.108514,2,3,False,2,EV19,4
E.1.0.0,24850,PB,Z374104,H601,No Disponible,2024-04-24 09:47:36.776,2024-04-24 09:47:37.436,T,4.588675,-74.114097,2,3,False,2,EV19,4
E.1.0.0,24861,PB,Z374104,H601,No Disponible,2024-04-24 09:49:21.036,2024-04-24 09:49:21.296,T,4.588650,-74.117064,2,3,False,2,EV19,4
E.1.0.0,24873,PB,Z374104,H601,No Disponible,2024-04-24 09:51:25.926,2024-04-24 09:51:25.996,T,4.590033,-74.124275,2,3,False,2,EV19,4
E.1.0.0,24896,PB,Z374104,H601,No Disponible,2024-04-24 09:55:13.019,2024-04-24 09:55:13.216,T,4.594481,-74.134297,2,3,False,2,EV19,4
E.1.0.0,24907,PB,Z374104,H601,No Disponible,2024-04-24 09:57:06.786,2024-04-24 09:57:07.016,T,4.595542,-74.144100,2,3,False,2,EV19,4
E.1.0.0,24917,PB,Z374104,H601,No Disponible,2024-04-24 09:58:30.716,2024-04-24 09:58:30.766,T,4.595353,-74.148153,2,3,False,2,EV19,4
E.1.0.0,24933,PB,Z374104,H601,No Disponible,2024-04-24 10:01:33.766,2024-04-24 10:01:33.786,T,4.596269,-74.153128,2,3,False,2,EV19,4
E.1.0.0,24941,PB,Z374104,H601,No Disponible,2024-04-24 10:02:43.756,2024-04-24 10:02:43.866,T,4.599703,-74.154364,2,3,False,2,EV19,4
E.1.0.0,24952,PB,Z374104,H601,No Disponible,2024-04-24 10:04:04.216,2024-04-24 10:04:04.486,T,4.599919,-74.157442,2,3,False,2,EV19,4
E.1.0.0,24960,PB,Z374104,H601,No Disponible,2024-04-24 10:05:22.836,2024-04-24 10:05:23.596,T,4.599797,-74.160922,2,3,False,2,EV19,4
E.1.0.0,24969,PB,Z374104,H601,No Disponible,2024-04-24 10:06:52.565,2024-04-24 10:06:52.826,T,4.599742,-74.161528,2,3,False,2,EV19,4
E.1.0.0,24981,PB,Z374104,H601,No Disponible,2024-04-24 10:09:24.356,2024-04-24 10:09:24.476,T,4.590842,-74.161511,2,3,False,2,EV19,4
E.1.0.0,24986,PB,Z374104,H601,No Disponible,2024-04-24 10:10:30.676,2024-04-24 10:10:30.846,T,4.590842,-74.161511,2,3,False,2,EV19,4
E.1.0.0,24992,PB,Z374104,H601,No Disponible,2024-04-24 10:11:56.186,2024-04-24 10:11:57.006,T,4.590656,-74.161486,2,3,False,2,EV19,4
E.1.0.0,24999,PB,Z374104,H601,No Disponible,2024-04-24 10:13:09.296,2024-04-24 10:13:09.516,T,4.590236,-74.161450,2,3,False,2,EV19,4
E.1.0.0,25004,PB,Z374104,H601,No Disponible,2024-04-24 10:14:14.516,2024-04-24 10:14:14.656,T,4.590236,-74.161450,2,3,False,2,EV19,4
E.1.0.0,25009,PB,Z374104,H601,No Disponible,2024-04-24 10:15:14.746,2024-04-24 10:15:14.866,T,4.589925,-74.161408,2,3,False,2,EV19,4
E.1.0.0,25017,PB,Z374104,H601,No Disponible,2024-04-24 10:16:20.376,2024-04-24 10:16:20.506,T,4.589925,-74.161408,2,3,False,2,EV19,4
E.1.0.0,25022,PB,Z374104,H601,No Disponible,2024-04-24 10:17:24.116,2024-04-24 10:17:24.336,T,4.589492,-74.161458,2,3,False,2,EV19,4
E.1.0.0,25027,PB,Z374104,H601,No Disponible,2024-04-24 10:18:32.186,2024-04-24 10:18:32.376,T,4.589300,-74.162083,2,3,False,2,EV19,4
E.1.0.0,25033,PB,Z374104,H601,No Disponible,2024-04-24 10:19:33.516,2024-04-24 10:19:34.046,T,4.589178,-74.162578,2,3,False,2,EV19,4
E.1.0.0,25048,PB,Z374104,H601,No Disponible,2024-04-24 10:22:14.166,2024-04-24 10:22:14.656,T,4.588214,-74.165692,2,3,False,2,EV19,4
E.1.0.0,25061,PB,Z374104,H601,No Disponible,2024-04-24 10:24:45.066,2024-04-24 10:24:45.606,T,4.587292,-74.168667,2,3,False,2,EV19,4
E.1.0.0,25072,PB,Z374104,H601,No Disponible,2024-04-24 10:26:12.316,2024-04-24 10:26:12.336,T,4.588286,-74.172733,2,3,False,2,EV19,4
E.1.0.0,25079,PB,Z374104,H601,No Disponible,2024-04-24 10:27:12.396,2024-04-24 10:27:12.646,T,4.589650,-74.173378,2,3,False,2,EV19,4
E.1.0.0,25085,PB,Z374104,DES,No Disponible,2024-04-24 10:28:26.066,2024-04-24 10:28:26.756,T,4.591664,-74.172128,2,3,False,2,EV19,4
E.1.0.0,25092,PB,Z374104,DES,No Disponible,2024-04-24 10:29:41.156,2024-04-24 10:29:41.886,T,4.594464,-74.174111,2,3,False,2,EV19,4
E.1.0.0,25105,PB,Z374104,DES,No Disponible,2024-04-24 10:32:14.726,2024-04-24 10:32:14.886,T,4.594608,-74.178419,2,3,False,2,EV19,4
E.1.0.0,25111,PB,Z374104,DES,No Disponible,2024-04-24 10:33:28.406,2024-04-24 10:33:28.496,T,4.592406,-74.180306,2,3,False,2,EV19,4
E.1.0.0,25117,PB,Z374104,DES,No Disponible,2024-04-24 10:34:47.997,2024-04-24 10:34:48.876,T,4.593156,-74.182061,2,3,False,2,EV19,4
E.1.0.0,25124,PB,Z374104,DES,No Disponible,2024-04-24 10:36:18.542,2024-04-24 10:36:18.946,T,4.592308,-74.181403,2,3,False,2,EV19,4
E.1.0.0,25133,PB,Z374104,DES,No Disponible,2024-04-24 10:37:54.806,2024-04-24 10:37:54.866,T,4.592658,-74.181067,2,3,False,2,EV19,4
E.1.0.0,25143,PB,Z374104,A601,No Disponible,2024-04-24 10:39:03.296,2024-04-24 10:39:03.836,T,4.592658,-74.181067,2,3,False,2,EV19,4
E.1.0.0,25144,PB,Z374104,A601,No Disponible,2024-04-24 10:39:17.302,2024-04-24 10:39:17.786,T,4.592594,-74.180733,2,3,False,2,EV19,3
E.1.0.0,25150,PB,Z374104,A601,No Disponible,2024-04-24 10:40:28.276,2024-04-24 10:40:28.776,T,4.591619,-74.180567,2,3,False,2,EV19,4
E.1.0.0,25156,PB,Z374104,A601,No Disponible,2024-04-24 10:41:51.746,2024-04-24 10:41:51.986,T,4.591206,-74.181656,2,3,False,2,EV19,4
E.1.0.0,25165,PB,Z374104,A601,No Disponible,2024-04-24 10:43:50.973,2024-04-24 10:43:51.063,T,4.590322,-74.179261,2,3,False,2,EV19,4
E.1.0.0,25172,PB,Z374104,A601,No Disponible,2024-04-24 10:45:19.863,2024-04-24 10:45:20.283,T,4.587444,-74.177886,2,3,False,2,EV19,4
E.1.0.0,25185,PB,Z374104,A601,No Disponible,2024-04-24 10:47:08.143,2024-04-24 10:47:08.203,T,4.587439,-74.175403,2,3,False,2,EV19,4
E.1.0.0,25193,PB,Z374104,A601,No Disponible,2024-04-24 10:48:14.688,2024-04-24 10:48:14.764,T,4.587808,-74.172678,2,3,False,2,EV19,4
E.1.0.0,25201,PB,Z374104,A601,No Disponible,2024-04-24 10:49:24.514,2024-04-24 10:49:34.584,T,4.587764,-74.169142,2,3,True,2,EV19,4
E.1.0.0,25207,PB,Z374104,A601,No Disponible,2024-04-24 10:50:28.834,2024-04-24 10:50:29.244,T,4.586894,-74.168050,2,3,False,2,EV19,4
E.1.0.0,25215,PB,Z374104,A601,No Disponible,2024-04-24 10:51:40.534,2024-04-24 10:51:40.794,T,4.587644,-74.167036,2,3,False,2,EV19,4
E.1.0.0,25221,PB,Z374104,A601,No Disponible,2024-04-24 10:52:50.394,2024-04-24 10:52:50.604,T,4.589244,-74.167286,2,3,False,2,EV19,4
E.1.0.0,25228,PB,Z374104,A601,No Disponible,2024-04-24 10:53:55.056,2024-04-24 10:53:55.486,T,4.591711,-74.167253,2,3,False,2,EV19,4
E.1.0.0,25240,PB,Z374104,A601,No Disponible,2024-04-24 10:55:52.666,2024-04-24 10:55:52.696,T,4.595450,-74.167267,2,3,False,2,EV19,4
E.1.0.0,25250,PB,Z374104,A601,No Disponible,2024-04-24 10:57:17.656,2024-04-24 10:57:17.826,T,4.595544,-74.162669,2,3,False,2,EV19,4
E.1.0.0,25256,PB,Z374104,A601,No Disponible,2024-04-24 10:58:26.866,2024-04-24 10:58:27.016,T,4.597386,-74.162025,2,3,False,2,EV19,4
E.1.0.0,25265,PB,Z374104,A601,No Disponible,2024-04-24 10:59:51.266,2024-04-24 10:59:51.616,T,4.599200,-74.162083,2,3,False,2,EV19,4
E.1.0.0,25272,PB,Z374104,A601,No Disponible,2024-04-24 11:00:57.386,2024-04-24 11:00:57.566,T,4.599633,-74.161069,2,3,False,2,EV19,4
E.1.0.0,25285,PB,Z374104,A601,No Disponible,2024-04-24 11:02:54.956,2024-04-24 11:02:55.006,T,4.599436,-74.154336,2,3,False,2,EV19,4
E.1.0.0,25293,PB,Z374104,A601,No Disponible,2024-04-24 11:04:04.226,2024-04-24 11:04:04.286,T,4.598658,-74.154178,2,3,False,2,EV19,4
E.1.0.0,25300,PB,Z374104,A601,No Disponible,2024-04-24 11:05:02.616,2024-04-24 11:05:03.146,T,4.596964,-74.153800,2,3,False,2,EV19,3
E.1.0.0,25307,PB,Z374104,A601,No Disponible,2024-04-24 11:06:44.796,2024-04-24 11:06:45.226,T,4.595394,-74.150647,2,3,False,2,EV19,4
E.1.0.0,25318,PB,Z374104,A601,No Disponible,2024-04-24 11:08:38.186,2024-04-24 11:08:38.266,T,4.595189,-74.145047,2,3,False,2,EV19,4
E.1.0.0,25329,PB,Z374104,A601,No Disponible,2024-04-24 11:10:07.926,2024-04-24 11:10:07.996,T,4.595411,-74.142822,2,3,False,2,EV19,4
E.1.0.0,25339,PB,Z374104,A601,No Disponible,2024-04-24 11:11:44.676,2024-04-24 11:11:44.826,T,4.593233,-74.141492,2,3,False,2,EV19,4
E.1.0.0,25346,PB,Z374104,A601,No Disponible,2024-04-24 11:13:00.406,2024-04-24 11:13:00.846,T,4.592753,-74.139717,2,3,False,2,EV19,4
E.1.0.0,25359,PB,Z374104,A601,No Disponible,2024-04-24 11:16:04.236,2024-04-24 11:16:04.626,T,4.592219,-74.137050,2,3,False,2,EV19,4
E.1.0.0,25365,PB,Z374104,A601,No Disponible,2024-04-24 11:17:23.166,2024-04-24 11:17:24.196,T,4.594564,-74.136503,2,3,False,2,EV19,4
E.1.0.0,25372,PB,Z374104,A601,No Disponible,2024-04-24 11:18:31.616,2024-04-24 11:18:31.836,T,4.594211,-74.134842,2,3,False,2,EV19,4
E.1.0.0,25379,PB,Z374104,A601,No Disponible,2024-04-24 11:19:44.184,2024-04-24 11:19:44.573,T,4.592675,-74.128356,2,3,False,2,EV19,4
E.1.0.0,25387,PB,Z374104,A601,No Disponible,2024-04-24 11:20:54.853,2024-04-24 11:20:55.643,T,4.591150,-74.126231,2,3,False,2,EV19,4
E.1.0.0,25399,PB,Z374104,A601,No Disponible,2024-04-24 11:22:01.883,2024-04-24 11:22:01.984,T,4.590031,-74.124828,2,3,False,2,EV19,4
E.1.0.0,25409,PB,Z374104,A601,No Disponible,2024-04-24 11:24:13.096,2024-04-24 11:24:13.896,T,4.588361,-74.116308,2,3,False,2,EV19,4
E.1.0.0,25418,PB,Z374104,A601,No Disponible,2024-04-24 11:25:21.566,2024-04-24 11:25:22.176,T,4.588467,-74.114675,2,3,False,2,EV19,4
E.1.0.0,25425,PB,Z374104,A601,No Disponible,2024-04-24 11:26:47.987,2024-04-24 11:26:48.256,T,4.588644,-74.112367,2,3,False,2,EV19,4
E.1.0.0,25434,PB,Z374104,A601,No Disponible,2024-04-24 11:28:14.836,2024-04-24 11:28:15.056,T,4.588703,-74.110894,2,3,False,2,EV19,4
E.1.0.0,25439,PB,Z374104,A601,No Disponible,2024-04-24 11:29:19.406,2024-04-24 11:29:19.616,T,4.589561,-74.108694,2,3,False,2,EV19,4
E.1.0.0,25448,PB,Z374104,A601,No Disponible,2024-04-24 11:30:30.126,2024-04-24 11:30:30.396,T,4.591300,-74.106814,2,3,False,2,EV19,4
E.1.0.0,25457,PB,Z374104,A601,No Disponible,2024-04-24 11:32:17.576,2024-04-24 11:32:18.266,T,4.592353,-74.105667,2,3,False,2,EV19,4
E.1.0.0,25467,PB,Z374104,A601,No Disponible,2024-04-24 11:33:41.826,2024-04-24 11:33:44.206,T,4.593675,-74.104289,2,3,False,2,EV19,4
E.1.0.0,25475,PB,Z374104,A601,No Disponible,2024-04-24 11:34:42.196,2024-04-24 11:34:43.186,T,4.594894,-74.100592,2,3,False,2,EV19,4
E.1.0.0,25489,PB,Z374104,A601,No Disponible,2024-04-24 11:36:11.456,2024-04-24 11:36:11.976,T,4.594447,-74.097492,2,3,False,2,EV19,4
E.1.0.0,25498,PB,Z374104,A601,No Disponible,2024-04-24 11:38:13.146,2024-04-24 11:38:13.276,T,4.593708,-74.094939,2,3,False,2,EV19,4
E.1.0.0,25506,PB,Z374104,A601,No Disponible,2024-04-24 11:39:22.966,2024-04-24 11:39:22.976,T,4.593172,-74.093092,2,3,False,2,EV19,4
E.1.0.0,25514,PB,Z374104,A601,No Disponible,2024-04-24 11:40:35.016,2024-04-24 11:40:35.746,T,4.592344,-74.090364,2,3,False,2,EV19,4
E.1.0.0,25524,PB,Z374104,A601,No Disponible,2024-04-24 11:41:56.206,2024-04-24 11:41:56.226,T,4.589728,-74.085608,2,3,False,2,EV19,4
E.1.0.0,25535,PB,Z374104,A601,No Disponible,2024-04-24 11:43:32.896,2024-04-24 11:43:33.136,T,4.590828,-74.083803,2,3,False,2,EV19,4
E.1.0.0,25544,PB,Z374104,A601,No Disponible,2024-04-24 11:44:43.985,2024-04-24 11:44:44.115,T,4.594433,-74.081358,2,3,False,2,EV19,4
E.1.0.0,25553,PB,Z374104,A601,No Disponible,2024-04-24 11:46:41.935,2024-04-24 11:46:42.104,T,4.595611,-74.080650,2,3,False,2,EV19,4
E.1.0.0,25561,PB,Z374104,A601,No Disponible,2024-04-24 11:48:21.965,2024-04-24 11:48:22.215,T,4.596144,-74.080319,2,3,False,2,EV19,4
E.1.0.0,25569,PB,Z374104,A601,No Disponible,2024-04-24 11:49:29.746,2024-04-24 11:49:29.936,T,4.596144,-74.080319,2,3,False,2,EV19,4
E.1.0.0,25585,PB,Z374104,A601,No Disponible,2024-04-24 11:52:30.196,2024-04-24 11:52:30.466,T,4.597608,-74.079469,2,3,False,2,EV19,4
E.1.0.0,25591,PB,Z374104,A601,No Disponible,2024-04-24 11:53:44.706,2024-04-24 11:53:44.836,T,4.597942,-74.079253,2,3,False,2,EV19,4
E.1.0.0,25602,PB,Z374104,A601,No Disponible,2024-04-24 11:55:24.356,2024-04-24 11:55:24.456,T,4.601275,-74.077075,2,3,False,2,EV19,4
E.1.0.0,25611,PB,Z374104,A601,No Disponible,2024-04-24 11:56:58.146,2024-04-24 11:56:58.346,T,4.603714,-74.075569,2,3,False,2,EV19,4
E.1.0.0,25621,PB,Z374104,A601,No Disponible,2024-04-24 11:58:06.657,2024-04-24 11:58:06.816,T,4.605778,-74.074325,2,3,False,2,EV19,4
E.1.0.0,25635,PB,Z374104,A601,No Disponible,2024-04-24 12:00:51.826,2024-04-24 12:00:52.046,T,4.608142,-74.073006,2,3,False,2,EV19,4
E.1.0.0,25644,PB,Z374104,A601,No Disponible,2024-04-24 12:01:51.926,2024-04-24 12:01:52.196,T,4.608142,-74.073006,2,3,False,2,EV19,4
E.1.0.0,25651,PB,Z374104,A601,No Disponible,2024-04-24 12:02:54.786,2024-04-24 12:02:55.666,T,4.608142,-74.073006,2,3,False,2,EV19,4
E.1.0.0,25658,PB,Z374104,A601,No Disponible,2024-04-24 12:04:13.836,2024-04-24 12:04:13.906,T,4.610628,-74.071528,2,3,False,2,EV19,4
E.1.0.0,25667,PB,Z374104,A601,No Disponible,2024-04-24 12:05:19.836,2024-04-24 12:05:20.226,T,4.612972,-74.070100,2,3,False,2,EV19,4
E.1.0.0,25674,PB,Z374104,A601,No Disponible,2024-04-24 12:06:04.396,2024-04-24 12:06:04.596,T,4.613828,-74.069594,2,3,False,2,EV19,3
E.1.0.0,25685,PB,Z374104,A601,No Disponible,2024-04-24 12:08:51.786,2024-04-24 12:08:51.966,T,4.622500,-74.066583,2,3,False,2,EV19,4
E.1.0.0,25696,PB,Z374104,A601,No Disponible,2024-04-24 12:09:52.286,2024-04-24 12:09:52.816,T,4.624106,-74.066142,2,3,False,2,EV19,4
E.1.0.0,25705,PB,Z374104,A601,No Disponible,2024-04-24 12:11:03.776,2024-04-24 12:11:04.026,T,4.627686,-74.065253,2,3,False,2,EV19,4
E.1.0.0,25713,PB,Z374104,A601,No Disponible,2024-04-24 12:12:12.536,2024-04-24 12:12:12.726,T,4.630469,-74.064453,2,3,False,2,EV19,4
E.1.0.0,25725,PB,Z374104,A601,No Disponible,2024-04-24 12:14:09.976,2024-04-24 12:14:10.476,T,4.635547,-74.063675,2,3,False,2,EV19,4
E.1.0.0,25738,PB,Z374104,A601,No Disponible,2024-04-24 12:16:27.334,2024-04-24 12:16:27.814,T,4.639206,-74.062919,2,3,False,2,EV19,4
E.1.0.0,25743,PB,Z374104,A601,No Disponible,2024-04-24 12:17:39.874,2024-04-24 12:17:40.394,T,4.642319,-74.062069,2,3,False,2,EV19,4
E.1.0.0,25763,PB,Z374104,A601,No Disponible,2024-04-24 12:20:44.366,2024-04-24 12:20:45.336,T,4.649092,-74.059092,2,3,False,2,EV19,4
E.1.0.0,25770,PB,Z374104,A601,No Disponible,2024-04-24 12:22:04.586,2024-04-24 12:22:04.776,T,4.650011,-74.056894,2,3,False,2,EV19,4
E.1.0.0,25776,PB,Z374104,A601,No Disponible,2024-04-24 12:23:25.016,2024-04-24 12:23:25.266,T,4.651228,-74.059011,2,3,False,2,EV19,4
E.1.0.0,25787,PB,Z374104,H601,No Disponible,2024-04-24 12:25:03.526,2024-04-24 12:25:03.956,T,4.652567,-74.061211,2,3,False,2,EV19,4
E.1.0.0,25800,PB,Z374104,H601,No Disponible,2024-04-24 12:27:35.337,2024-04-24 12:27:35.606,T,4.650678,-74.063142,2,3,False,2,EV19,4
E.1.0.0,25813,PB,Z374104,H601,No Disponible,2024-04-24 12:29:20.086,2024-04-24 12:29:20.386,T,4.648217,-74.063742,2,3,False,2,EV19,4
E.1.0.0,25820,PB,Z374104,H601,No Disponible,2024-04-24 12:30:25.966,2024-04-24 12:30:26.386,T,4.647000,-74.063925,2,3,False,2,EV19,4
E.1.0.0,25836,PB,Z374104,H601,No Disponible,2024-04-24 12:33:26.556,2024-04-24 12:33:26.616,T,4.642008,-74.064750,2,3,False,2,EV19,4
E.1.0.0,25853,PB,Z374104,H601,No Disponible,2024-04-24 12:36:42.186,2024-04-24 12:36:42.556,T,4.638717,-74.065328,2,3,False,2,EV19,4
E.1.0.0,25861,PB,Z374104,H601,No Disponible,2024-04-24 12:37:42.506,2024-04-24 12:37:42.686,T,4.637825,-74.065494,2,3,False,2,EV19,4
E.1.0.0,25873,PB,Z374104,H601,No Disponible,2024-04-24 12:40:13.656,2024-04-24 12:40:14.266,T,4.633569,-74.066203,2,3,False,2,EV19,4
E.1.0.0,25885,PB,Z374104,H601,No Disponible,2024-04-24 12:41:59.596,2024-04-24 12:41:59.816,T,4.628794,-74.066933,2,3,False,2,EV19,4
E.1.0.0,25895,PB,Z374104,H601,No Disponible,2024-04-24 12:43:15.766,2024-04-24 12:43:16.105,T,4.627811,-74.067158,2,3,False,2,EV19,4
E.1.0.0,25905,PB,Z374104,H601,No Disponible,2024-04-24 12:44:54.656,2024-04-24 12:44:54.976,T,4.622833,-74.067936,2,3,False,2,EV19,4
E.1.0.0,25911,PB,Z374104,H601,No Disponible,2024-04-24 12:45:57.710,2024-04-24 12:45:57.980,T,4.622328,-74.068056,2,3,False,2,EV19,4
E.1.0.0,25919,PB,Z374104,H601,No Disponible,2024-04-24 12:47:00.014,2024-04-24 12:47:00.670,T,4.618850,-74.068672,2,3,False,2,EV19,4
E.1.0.0,25930,PB,Z374104,H601,No Disponible,2024-04-24 12:48:24.310,2024-04-24 12:48:24.570,T,4.616336,-74.069261,2,3,False,2,EV19,4
E.1.0.0,25941,PB,Z374104,H601,No Disponible,2024-04-24 12:50:02.530,2024-04-24 12:50:02.690,T,4.614850,-74.070594,2,3,False,2,EV19,4
E.1.0.0,25949,PB,Z374104,H601,No Disponible,2024-04-24 12:51:21.185,2024-04-24 12:51:21.525,T,4.612072,-74.071153,2,3,False,2,EV19,4
E.1.0.0,25953,PB,Z374104,H601,No Disponible,2024-04-24 12:52:04.595,2024-04-24 12:52:04.735,T,4.611008,-74.071592,2,3,False,2,EV19,3
E.1.0.0,25955,PB,Z374104,H601,No Disponible,2024-04-24 12:52:29.047,2024-04-24 12:52:29.545,T,4.610558,-74.071817,2,3,False,2,EV19,4
E.1.0.0,25970,PB,Z374104,H601,No Disponible,2024-04-24 12:54:28.301,2024-04-24 12:54:28.575,T,4.607650,-74.073539,2,3,False,2,EV19,4
E.1.0.0,25979,PB,Z374104,H601,No Disponible,2024-04-24 12:55:53.845,2024-04-24 12:55:53.975,T,4.605919,-74.074553,2,3,False,2,EV19,4
E.1.0.0,25995,PB,Z374104,H601,No Disponible,2024-04-24 12:58:41.916,2024-04-24 12:58:42.146,T,4.604717,-74.075269,2,3,False,2,EV19,4
E.1.0.0,26002,PB,Z374104,H601,No Disponible,2024-04-24 13:00:01.046,2024-04-24 13:00:01.656,T,4.604044,-74.075644,2,3,False,2,EV19,4
E.1.0.0,26011,PB,Z374104,H601,No Disponible,2024-04-24 13:01:39.356,2024-04-24 13:01:39.596,T,4.603494,-74.075983,2,3,False,2,EV19,4
E.1.0.0,26017,PB,Z374104,H601,No Disponible,2024-04-24 13:02:52.106,2024-04-24 13:02:52.246,T,4.602622,-74.076525,2,3,False,2,EV19,4
E.1.0.0,26024,PB,Z374104,H601,No Disponible,2024-04-24 13:04:07.256,2024-04-24 13:04:07.346,T,4.601928,-74.076950,2,3,False,2,EV19,4
E.1.0.0,26029,PB,Z374104,H601,No Disponible,2024-04-24 13:05:01.746,2024-04-24 13:05:02.006,T,4.601500,-74.077236,2,3,False,2,EV19,3
E.1.0.0,26032,PB,Z374104,H601,No Disponible,2024-04-24 13:05:58.696,2024-04-24 13:05:58.976,T,4.601089,-74.077525,2,3,False,2,EV19,4
E.1.0.0,26043,PB,Z374104,H601,No Disponible,2024-04-24 13:07:25.086,2024-04-24 13:07:26.366,T,4.600783,-74.077750,2,3,False,2,EV19,4
E.1.0.0,26048,PB,Z374104,H601,No Disponible,2024-04-24 13:08:32.106,2024-04-24 13:08:32.116,T,4.600783,-74.077750,2,3,False,2,EV19,4
E.1.0.0,26061,PB,Z374104,H601,No Disponible,2024-04-24 13:11:01.176,2024-04-24 13:11:02.316,T,4.598550,-74.079108,2,3,False,2,EV19,4
E.1.0.0,26069,PB,Z374104,H601,No Disponible,2024-04-24 13:12:28.175,2024-04-24 13:12:28.575,T,4.595336,-74.081108,2,3,False,2,EV19,4
E.1.0.0,26074,PB,Z374104,H601,No Disponible,2024-04-24 13:13:31.865,2024-04-24 13:13:32.075,T,4.592361,-74.083158,2,3,False,2,EV19,4
E.1.0.0,26086,PB,Z374104,H601,No Disponible,2024-04-24 13:16:07.105,2024-04-24 13:16:07.425,T,4.589544,-74.084900,2,3,False,2,EV19,4
E.1.0.0,26099,PB,Z374104,H601,No Disponible,2024-04-24 13:18:30.016,2024-04-24 13:18:30.226,T,4.592394,-74.090144,2,3,False,2,EV19,4
E.1.0.0,26109,PB,Z374104,H601,No Disponible,2024-04-24 13:19:40.876,2024-04-24 13:19:41.486,T,4.593386,-74.093378,2,3,False,2,EV19,4
E.1.0.0,26119,PB,Z374104,H601,No Disponible,2024-04-24 13:21:30.456,2024-04-24 13:21:30.626,T,4.593919,-74.095544,2,3,False,2,EV19,3
E.1.0.0,26132,PB,Z374104,H601,No Disponible,2024-04-24 13:24:18.566,2024-04-24 13:24:18.776,T,4.595008,-74.101689,2,3,False,2,EV19,4
E.1.0.0,26144,PB,Z374104,H601,No Disponible,2024-04-24 13:26:04.946,2024-04-24 13:26:06.546,T,4.593364,-74.104881,2,3,False,2,EV19,4
E.1.0.0,26156,PB,Z374104,H601,No Disponible,2024-04-24 13:28:11.915,2024-04-24 13:28:12.796,T,4.591236,-74.107100,2,3,False,2,EV19,4
E.1.0.0,26165,PB,Z374104,H601,No Disponible,2024-04-24 13:29:39.366,2024-04-24 13:29:39.415,T,4.589672,-74.108722,2,3,False,2,EV19,4
E.1.0.0,26186,PB,Z374104,H601,No Disponible,2024-04-24 13:33:40.646,2024-04-24 13:33:40.746,T,4.588656,-74.117058,2,3,False,2,EV19,4
E.1.0.0,26196,PB,Z374104,H601,No Disponible,2024-04-24 13:35:07.616,2024-04-24 13:35:07.896,T,4.590078,-74.124214,2,3,False,2,EV19,4
E.1.0.0,26207,PB,Z374104,H601,No Disponible,2024-04-24 13:37:03.886,2024-04-24 13:37:04.136,T,4.593236,-74.126600,2,3,False,2,EV19,4
E.1.0.0,26217,PB,Z374104,H601,No Disponible,2024-04-24 13:39:11.126,2024-04-24 13:39:11.736,T,4.594492,-74.134311,2,3,False,2,EV19,4
E.1.0.0,26228,PB,Z374104,H601,No Disponible,2024-04-24 13:41:00.736,2024-04-24 13:41:01.196,T,4.595797,-74.141728,2,3,False,2,EV19,4
E.1.0.0,26248,PB,Z374104,H601,No Disponible,2024-04-24 13:44:30.656,2024-04-24 13:44:30.915,T,4.596289,-74.153133,2,3,False,2,EV19,4
E.1.0.0,26261,PB,Z374104,H601,No Disponible,2024-04-24 13:46:26.656,2024-04-24 13:46:26.716,T,4.599722,-74.154367,2,3,False,2,EV19,4
E.1.0.0,26271,PB,Z374104,H601,No Disponible,2024-04-24 13:48:11.004,2024-04-24 13:48:11.194,T,4.599928,-74.157497,2,3,False,2,EV19,4
E.1.0.0,26281,PB,Z374104,H601,No Disponible,2024-04-24 13:49:16.904,2024-04-24 13:49:17.124,T,4.599867,-74.159294,2,3,False,2,EV19,4
E.1.0.0,26289,PB,Z374104,H601,No Disponible,2024-04-24 13:50:49.618,2024-04-24 13:50:49.734,T,4.599750,-74.161650,2,3,False,2,EV19,4
E.1.0.0,26297,PB,Z374104,H601,No Disponible,2024-04-24 13:52:06.324,2024-04-24 13:52:06.614,T,4.597533,-74.162239,2,3,False,2,EV19,4
E.1.0.0,26306,PB,Z374104,H601,No Disponible,2024-04-24 13:53:46.236,2024-04-24 13:53:46.306,T,4.590683,-74.161486,2,3,False,2,EV19,4
E.1.0.0,26316,PB,Z374104,H601,No Disponible,2024-04-24 13:55:03.836,2024-04-24 13:55:04.026,T,4.589564,-74.161364,2,3,False,2,EV19,4
E.1.0.0,26322,PB,Z374104,H601,No Disponible,2024-04-24 13:56:04.026,2024-04-24 13:56:04.346,T,4.589167,-74.162617,2,3,False,2,EV19,4
E.1.0.0,26331,PB,Z374104,H601,No Disponible,2024-04-24 13:57:48.506,2024-04-24 13:57:48.906,T,4.588422,-74.165044,2,3,False,2,EV19,4
E.1.0.0,26339,PB,Z374104,H601,No Disponible,2024-04-24 13:58:50.976,2024-04-24 13:58:51.216,T,4.588083,-74.166144,2,3,False,2,EV19,4
E.1.0.0,26346,PB,Z374104,H601,No Disponible,2024-04-24 14:00:04.426,2024-04-24 14:00:04.696,T,4.587653,-74.167581,2,3,False,2,EV19,4
E.1.0.0,26354,PB,Z374104,H601,No Disponible,2024-04-24 14:01:14.236,2024-04-24 14:01:14.626,T,4.587733,-74.169050,2,3,False,2,EV19,4
E.1.0.0,26360,PB,Z374104,H601,No Disponible,2024-04-24 14:02:26.386,2024-04-24 14:02:26.646,T,4.588183,-74.172653,2,3,False,2,EV19,4
E.1.0.0,26370,PB,Z374104,H601,No Disponible,2024-04-24 14:03:34.026,2024-04-24 14:03:34.226,T,4.589014,-74.173300,2,3,False,2,EV19,4
E.1.0.0,26375,PB,Z374104,H601,No Disponible,2024-04-24 14:04:39.456,2024-04-24 14:04:39.716,T,4.591694,-74.172122,2,3,False,2,EV19,4
E.1.0.0,26383,PB,Z374104,H601,No Disponible,2024-04-24 14:06:08.226,2024-04-24 14:06:08.616,T,4.591906,-74.175236,2,3,False,2,EV19,4
E.1.0.0,26391,PB,Z374104,H601,No Disponible,2024-04-24 14:07:14.396,2024-04-24 14:07:14.576,T,4.594619,-74.175347,2,3,False,2,EV19,4
E.1.0.0,26397,PB,Z374104,H601,No Disponible,2024-04-24 14:08:34.526,2024-04-24 14:08:38.776,T,4.594619,-74.177925,2,3,False,2,EV19,4
E.1.0.0,26408,PB,Z374104,H601,No Disponible,2024-04-24 14:10:01.036,2024-04-24 14:10:01.206,T,4.592958,-74.179075,2,3,False,2,EV19,4
E.1.0.0,26416,PB,Z374104,H601,No Disponible,2024-04-24 14:11:06.676,2024-04-24 14:11:07.076,T,4.592453,-74.180442,2,3,False,2,EV19,4
E.1.0.0,26423,PB,Z374104,H601,No Disponible,2024-04-24 14:12:16.349,2024-04-24 14:12:16.586,T,4.592894,-74.181294,2,3,False,2,EV19,4
E.1.0.0,26429,PB,Z374104,RET,No Disponible,2024-04-24 14:13:24.447,2024-04-24 14:13:24.578,T,4.592622,-74.180947,2,3,False,2,EV19,4
E.1.0.0,26438,PB,Z374104,RET,No Disponible,2024-04-24 14:14:48.214,2024-04-24 14:14:48.748,T,4.592622,-74.180947,2,3,False,2,EV19,4
E.1.0.0,26447,PB,Z374104,A601,No Disponible,2024-04-24 14:15:52.831,2024-04-24 14:15:53.778,T,4.592622,-74.180947,2,3,False,2,EV19,4
E.1.0.0,26455,PB,Z374104,A601,No Disponible,2024-04-24 14:17:06.777,2024-04-24 14:17:06.967,T,4.592528,-74.180600,2,3,False,2,EV19,4
E.1.0.0,26463,PB,Z374104,A601,No Disponible,2024-04-24 14:18:07.206,2024-04-24 14:18:08.927,T,4.591275,-74.181497,2,3,False,2,EV19,4
E.1.0.0,26472,PB,Z374104,A601,No Disponible,2024-04-24 14:19:54.926,2024-04-24 14:19:55.196,T,4.590358,-74.179269,2,3,False,2,EV19,4
E.1.0.0,26477,PB,Z374104,A601,No Disponible,2024-04-24 14:20:58.836,2024-04-24 14:20:59.036,T,4.588039,-74.178550,2,3,False,2,EV19,4
E.1.0.0,26481,PB,Z374104,A601,No Disponible,2024-04-24 14:21:28.686,2024-04-24 14:21:28.916,T,4.588039,-74.178550,2,3,False,2,EV19,1
E.1.0.0,26481,PB,Z374104,A601,No Disponible,2024-04-24 14:21:28.686,2024-04-24 14:21:55.402,T,4.588039,-74.178550,2,3,True,2,EV19,1
E.1.0.0,26485,PB,Z374104,A601,No Disponible,2024-04-24 14:22:02.566,2024-04-24 14:22:02.626,T,4.587636,-74.177997,2,3,False,2,EV19,4
E.1.0.0,26491,PB,Z374104,A601,No Disponible,2024-04-24 14:23:18.185,2024-04-24 14:23:18.522,T,4.587450,-74.175422,2,3,False,2,EV19,4
E.1.0.0,26499,PB,Z374104,A601,No Disponible,2024-04-24 14:24:18.276,2024-04-24 14:24:18.346,T,4.587822,-74.172694,2,3,False,2,EV19,4
E.1.0.0,26508,PB,Z374104,A601,No Disponible,2024-04-24 14:25:49.626,2024-04-24 14:25:49.896,T,4.587753,-74.169200,2,3,False,2,EV19,4
E.1.0.0,26519,PB,Z374104,A601,No Disponible,2024-04-24 14:27:33.786,2024-04-24 14:27:33.996,T,4.587194,-74.167106,2,3,False,2,EV19,4
E.1.0.0,26528,PB,Z374104,A601,No Disponible,2024-04-24 14:29:00.726,2024-04-24 14:29:01.186,T,4.589381,-74.167306,2,3,False,2,EV19,4
E.1.0.0,26537,PB,Z374104,A601,No Disponible,2024-04-24 14:30:23.756,2024-04-24 14:30:24.166,T,4.594492,-74.167264,2,3,False,2,EV19,4
E.1.0.0,26545,PB,Z374104,A601,No Disponible,2024-04-24 14:31:54.616,2024-04-24 14:31:54.706,T,4.595453,-74.162492,2,3,False,2,EV19,4
E.1.0.0,26555,PB,Z374104,A601,No Disponible,2024-04-24 14:33:13.076,2024-04-24 14:33:13.266,T,4.599258,-74.162092,2,3,False,2,EV19,4
E.1.0.0,26557,PB,Z374104,A601,No Disponible,2024-04-24 14:33:27.337,2024-04-24 14:33:27.606,T,4.599258,-74.162092,2,3,False,2,EV19,3
E.1.0.0,26562,PB,Z374104,A601,No Disponible,2024-04-24 14:34:34.536,2024-04-24 14:34:35.056,T,4.599258,-74.162092,2,3,False,2,EV19,4
E.1.0.0,26578,PB,Z374104,A601,No Disponible,2024-04-24 14:37:35.896,2024-04-24 14:37:36.376,T,4.599825,-74.156183,2,3,False,2,EV19,4
E.1.0.0,26587,PB,Z374104,A601,No Disponible,2024-04-24 14:39:26.786,2024-04-24 14:39:27.316,T,4.599483,-74.154364,2,3,False,2,EV19,3
E.1.0.0,26592,PB,Z374104,A601,No Disponible,2024-04-24 14:40:11.256,2024-04-24 14:40:11.476,T,4.598453,-74.154150,2,3,False,2,EV19,4
E.1.0.0,26597,PB,Z374104,A601,No Disponible,2024-04-24 14:40:42.336,2024-04-24 14:40:42.606,T,4.597633,-74.154017,2,3,False,2,EV19,3
E.1.0.0,26601,PB,Z374104,A601,No Disponible,2024-04-24 14:41:21.246,2024-04-24 14:41:21.366,T,4.597633,-74.154017,2,3,False,2,EV19,4
E.1.0.0,26605,PB,Z374104,A601,No Disponible,2024-04-24 14:42:14.946,2024-04-24 14:42:15.606,T,4.596728,-74.153756,2,3,False,2,EV19,3
E.1.0.0,26607,PB,Z374104,A601,No Disponible,2024-04-24 14:42:22.396,2024-04-24 14:42:22.556,T,4.596728,-74.153756,2,3,False,2,EV19,4
E.1.0.0,26613,PB,Z374104,A601,No Disponible,2024-04-24 14:43:41.856,2024-04-24 14:43:42.306,T,4.595436,-74.151222,2,3,False,2,EV19,4
E.1.0.0,26626,PB,Z374104,A601,No Disponible,2024-04-24 14:45:58.526,2024-04-24 14:45:58.776,T,4.595425,-74.142750,2,3,False,2,EV19,4
E.1.0.0,26635,PB,Z374104,A601,No Disponible,2024-04-24 14:47:03.100,2024-04-24 14:47:03.156,T,4.593242,-74.141492,2,3,False,2,EV19,4
E.1.0.0,26641,PB,Z374104,A601,No Disponible,2024-04-24 14:48:27.486,2024-04-24 14:48:27.586,T,4.592542,-74.138481,2,3,False,2,EV19,4
E.1.0.0,26646,PB,Z374104,A601,No Disponible,2024-04-24 14:49:38.456,2024-04-24 14:49:38.616,T,4.593044,-74.136883,2,3,False,2,EV19,4
E.1.0.0,26672,PB,Z374104,A601,No Disponible,2024-04-24 14:55:21.006,2024-04-24 14:55:21.236,T,4.588372,-74.116328,2,3,False,2,EV19,4
E.1.0.0,26678,PB,Z374104,A601,No Disponible,2024-04-24 14:56:03.146,2024-04-24 14:56:03.156,T,4.588486,-74.114644,2,3,False,2,EV19,3
E.1.0.0,26684,PB,Z374104,A601,No Disponible,2024-04-24 14:57:13.576,2024-04-24 14:57:13.586,T,4.588658,-74.112394,2,3,False,2,EV19,4
E.1.0.0,26692,PB,Z374104,A601,No Disponible,2024-04-24 14:58:21.646,2024-04-24 14:58:22.270,T,4.588675,-74.110275,2,3,False,2,EV19,4
E.1.0.0,26696,PB,Z374104,A601,No Disponible,2024-04-24 14:59:01.791,2024-04-24 14:59:02.070,T,4.588867,-74.109439,2,3,False,2,EV19,3
E.1.0.0,26706,PB,Z374104,A601,No Disponible,2024-04-24 15:01:04.870,2024-04-24 15:01:05.210,T,4.592381,-74.105661,2,3,False,2,EV19,4
E.1.0.0,26720,PB,Z374104,A601,No Disponible,2024-04-24 15:03:46.126,2024-04-24 15:03:46.196,T,4.594636,-74.098150,2,3,False,2,EV19,4
E.1.0.0,26727,PB,Z374104,A601,No Disponible,2024-04-24 15:04:57.516,2024-04-24 15:04:57.726,T,4.594003,-74.096147,2,3,False,2,EV19,4
E.1.0.0,26730,PB,Z374104,A601,No Disponible,2024-04-24 15:05:09.036,2024-04-24 15:05:09.236,T,4.594003,-74.096147,2,3,False,2,EV19,3
E.1.0.0,26736,PB,Z374104,A601,No Disponible,2024-04-24 15:06:12.116,2024-04-24 15:06:12.136,T,4.593728,-74.095075,2,3,False,2,EV19,4
E.1.0.0,26748,PB,Z374104,A601,No Disponible,2024-04-24 15:07:29.586,2024-04-24 15:07:29.866,T,4.592344,-74.090392,2,3,False,2,EV19,4
E.1.0.0,26756,PB,Z374104,A601,No Disponible,2024-04-24 15:08:41.216,2024-04-24 15:08:41.276,T,4.591586,-74.088542,2,3,False,2,EV19,4
E.1.0.0,26771,PB,Z374104,A601,No Disponible,2024-04-24 15:11:24.206,2024-04-24 15:11:24.346,T,4.590436,-74.084078,2,3,False,2,EV19,4
E.1.0.0,26785,PB,Z374104,A601,No Disponible,2024-04-24 15:14:56.526,2024-04-24 15:14:56.566,T,4.597311,-74.079675,2,3,False,2,EV19,4
E.1.0.0,26794,PB,Z374104,A601,No Disponible,2024-04-24 15:16:42.806,2024-04-24 15:16:42.826,T,4.598128,-74.079183,2,3,False,2,EV19,4
E.1.0.0,26804,PB,Z374104,A601,No Disponible,2024-04-24 15:18:07.536,2024-04-24 15:18:07.676,T,4.599817,-74.078094,2,3,False,2,EV19,4
E.1.0.0,26805,PB,Z374104,A601,No Disponible,2024-04-24 15:18:14.246,2024-04-24 15:18:14.456,T,4.599817,-74.078094,2,3,False,2,EV19,3
E.1.0.0,26814,PB,Z374104,A601,No Disponible,2024-04-24 15:19:23.276,2024-04-24 15:19:23.397,T,4.601808,-74.076819,2,3,False,2,EV19,4
E.1.0.0,26815,PB,Z374104,A601,No Disponible,2024-04-24 15:19:39.726,2024-04-24 15:19:39.836,T,4.601808,-74.076819,2,3,False,2,EV19,3
E.1.0.0,26824,PB,Z374104,A601,No Disponible,2024-04-24 15:21:38.386,2024-04-24 15:21:38.556,T,4.604728,-74.075119,2,3,False,2,EV19,4
E.1.0.0,26834,PB,Z374104,A601,No Disponible,2024-04-24 15:23:46.006,2024-04-24 15:23:46.056,T,4.605683,-74.074769,2,3,False,2,EV19,4
E.1.0.0,26839,PB,Z374104,A601,No Disponible,2024-04-24 15:24:55.036,2024-04-24 15:24:55.096,T,4.606058,-74.074411,2,3,False,2,EV19,4
E.1.0.0,26847,PB,Z374104,A601,No Disponible,2024-04-24 15:26:32.606,2024-04-24 15:26:32.676,T,4.607386,-74.073536,2,3,False,2,EV19,4
E.1.0.0,26865,PB,Z374104,A601,No Disponible,2024-04-24 15:30:40.446,2024-04-24 15:30:40.906,T,4.614950,-74.069253,2,3,False,2,EV19,1
E.1.0.0,26900,PB,Z374104,A601,No Disponible,2024-04-24 15:39:04.816,2024-04-24 15:39:05.086,T,4.636772,-74.063483,2,3,False,2,EV19,4
E.1.0.0,26910,PB,Z374104,A601,No Disponible,2024-04-24 15:41:12.056,2024-04-24 15:41:12.086,T,4.642347,-74.062069,2,3,False,2,EV19,4
E.1.0.0,26919,PB,Z374104,A601,No Disponible,2024-04-24 15:42:26.526,2024-04-24 15:42:26.686,T,4.646078,-74.060739,2,3,False,2,EV19,4
E.1.0.0,26925,PB,Z374104,A601,No Disponible,2024-04-24 15:43:09.036,2024-04-24 15:43:09.516,T,4.647653,-74.059833,2,3,False,2,EV19,3
E.1.0.0,26931,PB,Z374104,A601,No Disponible,2024-04-24 15:44:23.466,2024-04-24 15:44:23.486,T,4.648786,-74.059306,2,3,False,2,EV19,4
E.1.0.0,26940,PB,Z374104,A601,No Disponible,2024-04-24 15:46:20.596,2024-04-24 15:46:20.806,T,4.649500,-74.057269,2,3,False,2,EV19,4
E.1.0.0,26948,PB,Z374104,A601,No Disponible,2024-04-24 15:48:02.036,2024-04-24 15:48:02.246,T,4.650622,-74.058033,2,3,False,2,EV19,4
E.1.0.0,26954,PB,Z374104,A601,No Disponible,2024-04-24 15:49:29.341,2024-04-24 15:49:29.451,T,4.651069,-74.058733,2,3,False,2,EV19,4
E.1.0.0,26963,PB,Z374104,A601,No Disponible,2024-04-24 15:50:48.011,2024-04-24 15:50:48.031,T,4.651819,-74.059847,2,3,False,2,EV19,4
E.1.0.0,26967,PB,Z374104,A601,No Disponible,2024-04-24 15:51:38.761,2024-04-24 15:51:39.131,T,4.651933,-74.060028,2,3,False,2,EV19,3
E.1.0.0,26973,PB,Z374104,A601,No Disponible,2024-04-24 15:52:17.771,2024-04-24 15:52:18.241,T,4.651933,-74.060028,2,3,False,2,EV19,4
E.1.0.0,26979,PB,Z374104,A601,No Disponible,2024-04-24 15:53:30.661,2024-04-24 15:53:31.221,T,4.651933,-74.060028,2,3,False,2,EV19,4
E.1.0.0,26985,PB,Z374104,A601,No Disponible,2024-04-24 15:54:43.851,2024-04-24 15:54:44.101,T,4.651933,-74.060028,2,3,False,2,EV19,4
E.1.0.0,26992,PB,Z374104,A601,No Disponible,2024-04-24 15:56:09.961,2024-04-24 15:56:10.111,T,4.651933,-74.060028,2,3,False,2,EV19,4
E.1.0.0,26997,PB,Z374104,A601,No Disponible,2024-04-24 15:57:18.011,2024-04-24 15:57:18.211,T,4.651933,-74.060028,2,3,False,2,EV19,4
E.1.0.0,27003,PB,Z374104,A601,No Disponible,2024-04-24 15:58:31.211,2024-04-24 15:58:31.741,T,4.651933,-74.060028,2,3,False,2,EV19,4
E.1.0.0,27007,PB,Z374104,H601,No Disponible,2024-04-24 15:59:12.347,2024-04-24 15:59:12.611,T,4.651933,-74.060028,2,3,False,2,EV19,3
E.1.0.0,27009,PB,Z374104,H601,No Disponible,2024-04-24 15:59:36.046,2024-04-24 15:59:36.276,T,4.651933,-74.060028,2,3,False,2,EV19,4
E.1.0.0,27014,PB,Z374104,H601,No Disponible,2024-04-24 16:00:38.886,2024-04-24 16:00:38.926,T,4.652442,-74.060958,2,3,False,2,EV19,4
E.1.0.0,27021,PB,Z374104,H601,No Disponible,2024-04-24 16:01:50.927,2024-04-24 16:01:51.136,T,4.651650,-74.061975,2,3,False,2,EV19,4
E.1.0.0,27030,PB,Z374104,H601,No Disponible,2024-04-24 16:03:01.023,2024-04-24 16:03:01.296,T,4.650458,-74.062508,2,3,False,2,EV19,4
E.1.0.0,27036,PB,Z374104,H601,No Disponible,2024-04-24 16:04:23.606,2024-04-24 16:04:24.106,T,4.647794,-74.063814,2,3,False,2,EV19,4
E.1.0.0,27045,PB,Z374104,H601,No Disponible,2024-04-24 16:05:57.643,2024-04-24 16:05:57.693,T,4.645217,-74.064242,2,3,False,2,EV19,4
E.1.0.0,27054,PB,Z374104,H601,No Disponible,2024-04-24 16:07:46.833,2024-04-24 16:07:47.044,T,4.642247,-74.064700,2,3,False,2,EV19,4
E.1.0.0,27059,PB,Z374104,H601,No Disponible,2024-04-24 16:08:48.144,2024-04-24 16:08:48.443,T,4.641792,-74.064761,2,3,False,2,EV19,4
E.1.0.0,27066,PB,Z374104,H601,No Disponible,2024-04-24 16:10:06.686,2024-04-24 16:10:07.086,T,4.641128,-74.064894,2,3,False,2,EV19,4
E.1.0.0,27071,PB,Z374104,H601,No Disponible,2024-04-24 16:11:12.316,2024-04-24 16:11:12.795,T,4.641128,-74.064894,2,3,False,2,EV19,4
E.1.0.0,27077,PB,Z374104,H601,No Disponible,2024-04-24 16:12:20.856,2024-04-24 16:12:21.916,T,4.638433,-74.065369,2,3,False,2,EV19,4
E.1.0.0,27086,PB,Z374104,H601,No Disponible,2024-04-24 16:13:52.156,2024-04-24 16:13:52.186,T,4.636522,-74.065692,2,3,False,2,EV19,3
E.1.0.0,27094,PB,Z374104,H601,No Disponible,2024-04-24 16:15:40.036,2024-04-24 16:15:40.126,T,4.633594,-74.066172,2,3,False,2,EV19,4
E.1.0.0,27115,PB,Z374104,H601,No Disponible,2024-04-24 16:19:10.390,2024-04-24 16:19:10.496,T,4.628378,-74.067083,2,3,False,2,EV19,4
E.1.0.0,27124,PB,Z374104,H601,No Disponible,2024-04-24 16:20:44.416,2024-04-24 16:20:44.546,T,4.627769,-74.067178,2,3,False,2,EV19,4
E.1.0.0,27131,PB,Z374104,H601,No Disponible,2024-04-24 16:21:48.856,2024-04-24 16:21:49.026,T,4.627769,-74.067178,2,3,False,2,EV19,4
E.1.0.0,27139,PB,Z374104,H601,No Disponible,2024-04-24 16:23:24.456,2024-04-24 16:23:24.486,T,4.619503,-74.068556,2,3,False,2,EV19,3
E.1.0.0,27140,PB,Z374104,H601,No Disponible,2024-04-24 16:23:35.106,2024-04-24 16:23:35.156,T,4.618633,-74.068750,2,3,False,2,EV19,4
E.1.0.0,27151,PB,Z374104,H601,No Disponible,2024-04-24 16:25:11.816,2024-04-24 16:25:11.946,T,4.616375,-74.069183,2,3,False,2,EV19,4
E.1.0.0,27160,PB,Z374104,H601,No Disponible,2024-04-24 16:26:39.836,2024-04-24 16:26:40.276,T,4.614478,-74.070911,2,3,False,2,EV19,4
E.1.0.0,27175,PB,Z374104,H601,No Disponible,2024-04-24 16:29:42.346,2024-04-24 16:29:42.776,T,4.607861,-74.073428,2,3,False,2,EV19,4
E.1.0.0,27184,PB,Z374104,H601,No Disponible,2024-04-24 16:31:03.584,2024-04-24 16:31:04.194,T,4.605986,-74.074486,2,3,False,2,EV19,4
E.1.0.0,27192,PB,Z374104,H601,No Disponible,2024-04-24 16:32:10.855,2024-04-24 16:32:10.984,T,4.604433,-74.075453,2,3,False,2,EV19,4
E.1.0.0,27198,PB,Z374104,H601,No Disponible,2024-04-24 16:33:24.194,2024-04-24 16:33:24.374,T,4.604000,-74.075669,2,3,False,2,EV19,4
E.1.0.0,27203,PB,Z374104,H601,No Disponible,2024-04-24 16:34:31.784,2024-04-24 16:34:31.874,T,4.604000,-74.075669,2,3,False,2,EV19,4
E.1.0.0,27209,PB,Z374104,H601,No Disponible,2024-04-24 16:35:43.850,2024-04-24 16:35:44.250,T,4.603439,-74.076011,2,3,False,2,EV19,4
E.1.0.0,27216,PB,Z374104,H601,No Disponible,2024-04-24 16:37:01.271,2024-04-24 16:37:01.611,T,4.602892,-74.076322,2,3,False,2,EV19,4
E.1.0.0,27223,PB,Z374104,H601,No Disponible,2024-04-24 16:38:41.980,2024-04-24 16:38:42.030,T,4.602411,-74.076625,2,3,False,2,EV19,1
E.1.0.0,27227,PB,Z374104,H601,No Disponible,2024-04-24 16:39:31.960,2024-04-24 16:39:32.260,T,4.601861,-74.076992,2,3,False,2,EV19,4
E.1.0.0,27236,PB,Z374104,H601,No Disponible,2024-04-24 16:40:56.976,2024-04-24 16:40:57.016,T,4.600747,-74.077719,2,3,False,2,EV19,4
E.1.0.0,27244,PB,Z374104,H601,No Disponible,2024-04-24 16:42:14.236,2024-04-24 16:42:14.466,T,4.596619,-74.080328,2,3,False,2,EV19,4
E.1.0.0,27256,PB,Z374104,H601,No Disponible,2024-04-24 16:44:32.446,2024-04-24 16:44:32.546,T,4.589644,-74.084844,2,3,False,2,EV19,4
E.1.0.0,27261,PB,Z374104,H601,No Disponible,2024-04-24 16:45:36.426,2024-04-24 16:45:36.516,T,4.589644,-74.084844,2,3,False,2,EV19,4
E.1.0.0,27277,PB,Z374104,H601,No Disponible,2024-04-24 16:48:06.706,2024-04-24 16:48:06.756,T,4.592758,-74.091192,2,3,False,2,EV19,4
E.1.0.0,27286,PB,Z374104,H601,No Disponible,2024-04-24 16:49:54.766,2024-04-24 16:49:55.286,T,4.594431,-74.097111,2,3,False,2,EV19,4
E.1.0.0,27306,PB,Z374104,H601,No Disponible,2024-04-24 16:54:04.986,2024-04-24 16:54:05.037,T,4.593350,-74.104906,2,3,False,2,EV19,4
E.1.0.0,27315,PB,Z374104,H601,No Disponible,2024-04-24 16:55:20.176,2024-04-24 16:55:20.226,T,4.591272,-74.107075,2,3,False,2,EV19,4
E.1.0.0,27326,PB,Z374104,H601,No Disponible,2024-04-24 16:57:14.956,2024-04-24 16:57:15.096,T,4.589867,-74.108525,2,3,False,2,EV19,4
E.1.0.0,27329,PB,Z374104,H601,No Disponible,2024-04-24 16:57:33.236,2024-04-24 16:57:33.566,T,4.589867,-74.108525,2,3,False,2,EV19,3
E.1.0.0,27340,PB,Z374104,H601,No Disponible,2024-04-24 16:59:43.076,2024-04-24 16:59:43.126,T,4.588800,-74.112308,2,3,False,2,EV19,4
E.1.0.0,27345,PB,Z374104,H601,No Disponible,2024-04-24 17:00:52.536,2024-04-24 17:00:52.796,T,4.588486,-74.116128,2,3,False,2,EV19,4
E.1.0.0,27365,PB,Z374104,H601,No Disponible,2024-04-24 17:04:42.198,2024-04-24 17:04:42.336,T,4.594061,-74.126844,2,3,False,2,EV19,4
E.1.0.0,27374,PB,Z374104,H601,No Disponible,2024-04-24 17:06:22.106,2024-04-24 17:06:22.246,T,4.594469,-74.134242,2,3,False,2,EV19,4
E.1.0.0,27385,PB,Z374104,H601,No Disponible,2024-04-24 17:08:10.086,2024-04-24 17:08:10.356,T,4.595761,-74.141442,2,3,False,2,EV19,4
E.1.0.0,27400,PB,Z374104,H601,No Disponible,2024-04-24 17:10:26.626,2024-04-24 17:10:27.236,T,4.595453,-74.144478,2,3,False,2,EV19,4
E.1.0.0,27406,PB,Z374104,H601,No Disponible,2024-04-24 17:11:55.705,2024-04-24 17:11:55.896,T,4.595261,-74.147636,2,3,False,2,EV19,4
E.1.0.0,27423,PB,Z374104,H601,No Disponible,2024-04-24 17:15:00.315,2024-04-24 17:15:00.425,T,4.598603,-74.154067,2,3,False,2,EV19,3
E.1.0.0,27437,PB,Z374104,H601,No Disponible,2024-04-24 17:18:15.746,2024-04-24 17:18:16.246,T,4.599803,-74.160089,2,3,False,2,EV19,4
E.1.0.0,27448,PB,Z374104,H601,No Disponible,2024-04-24 17:20:49.936,2024-04-24 17:20:50.816,T,4.599747,-74.161386,2,3,False,2,EV19,4
E.1.0.0,27453,PB,Z374104,H601,No Disponible,2024-04-24 17:21:50.209,2024-04-24 17:21:50.409,T,4.599747,-74.161386,2,3,False,2,EV19,4
E.1.0.0,27460,PB,Z374104,H601,No Disponible,2024-04-24 17:23:04.309,2024-04-24 17:23:04.349,T,4.596511,-74.162242,2,3,False,2,EV19,4
E.1.0.0,27466,PB,Z374104,H601,No Disponible,2024-04-24 17:24:08.359,2024-04-24 17:24:08.579,T,4.594417,-74.161892,2,3,False,2,EV19,4
E.1.0.0,27474,PB,Z374104,H601,No Disponible,2024-04-24 17:25:20.760,2024-04-24 17:25:21.139,T,4.590139,-74.161394,2,3,False,2,EV19,4
E.1.0.0,27482,PB,Z374104,H601,No Disponible,2024-04-24 17:27:01.474,2024-04-24 17:27:01.736,T,4.589567,-74.161353,2,3,False,2,EV19,4
E.1.0.0,27496,PB,Z374104,H601,No Disponible,2024-04-24 17:29:56.196,2024-04-24 17:29:57.256,T,4.588428,-74.164914,2,3,False,2,EV19,4
E.1.0.0,27502,PB,Z374104,H601,No Disponible,2024-04-24 17:30:55.756,2024-04-24 17:30:56.086,T,4.588153,-74.165864,2,3,False,2,EV19,4
E.1.0.0,27509,PB,Z374104,H601,No Disponible,2024-04-24 17:31:55.556,2024-04-24 17:31:55.726,T,4.588153,-74.165864,2,3,False,2,EV19,4
E.1.0.0,27517,PB,Z374104,H601,No Disponible,2024-04-24 17:33:24.596,2024-04-24 17:33:24.736,T,4.587811,-74.166900,2,3,False,2,EV19,3
E.1.0.0,27519,PB,Z374104,H601,No Disponible,2024-04-24 17:33:42.536,2024-04-24 17:33:43.006,T,4.587600,-74.167628,2,3,False,2,EV19,4
E.1.0.0,27531,PB,Z374104,H601,No Disponible,2024-04-24 17:35:01.706,2024-04-24 17:35:02.377,T,4.587400,-74.170253,2,3,False,2,EV19,4
E.1.0.0,27532,PB,Z374104,H601,No Disponible,2024-04-24 17:35:11.126,2024-04-24 17:35:11.534,T,4.587267,-74.170625,2,3,False,2,EV19,1
E.1.0.0,27541,PB,Z374104,H601,No Disponible,2024-04-24 17:36:09.846,2024-04-24 17:36:10.046,T,4.589200,-74.173428,2,3,False,2,EV19,4
E.1.0.0,27549,PB,Z374104,H601,No Disponible,2024-04-24 17:37:10.778,2024-04-24 17:37:10.848,T,4.591839,-74.172056,2,3,False,2,EV19,4
E.1.0.0,27556,PB,Z374104,H601,No Disponible,2024-04-24 17:38:56.928,2024-04-24 17:38:57.198,T,4.594603,-74.174975,2,3,False,2,EV19,4
E.1.0.0,27563,PB,Z374104,H601,No Disponible,2024-04-24 17:40:01.838,2024-04-24 17:40:02.268,T,4.594603,-74.174975,2,3,False,2,EV19,4
E.1.0.0,27574,PB,Z374104,H601,No Disponible,2024-04-24 17:42:57.533,2024-04-24 17:42:57.792,T,4.594556,-74.178383,2,3,False,2,EV19,4
E.1.0.0,27582,PB,Z374104,H601,No Disponible,2024-04-24 17:44:21.049,2024-04-24 17:44:22.172,T,4.592392,-74.180308,2,3,False,2,EV19,4
E.1.0.0,27587,PB,Z374104,H601,No Disponible,2024-04-24 17:45:25.942,2024-04-24 17:45:26.372,T,4.592678,-74.181261,2,3,False,2,EV19,4
E.1.0.0,27593,PB,Z374104,H601,No Disponible,2024-04-24 17:45:57.632,2024-04-24 17:45:57.853,T,4.592678,-74.181261,2,3,False,2,EV19,3
E.1.0.0,27742,PB,Z374104,No Disponible,No Disponible,2024-04-24 19:12:56.432,2024-04-24 19:12:56.591,T,4.592633,-74.181339,2,3,False,2,EV19,4
E.1.0.0,27747,PB,Z374104,No Disponible,No Disponible,2024-04-24 19:13:57.081,2024-04-24 19:13:57.201,T,4.592783,-74.182778,2,3,False,2,EV19,4
