versionTrama,idRegistro,idOperador,idVehiculo,idRuta,idConductor,fechaHoraLecturaDato,fechaHoraEnvioDato,tipoBus,latitud,longitud,tipoTrama,tecnologiaMotor,tramaRetransmitida,tipoFreno,codigoEvento,estadoAperturaCierrePuertas
E.1.0.0,49774,PB,Z374020,No Disponible,No Disponible,2024-04-16 02:30:00.227,2024-04-16 02:30:00.837,T,4.592544,-74.181847,2,3,False,2,EV2,True
E.1.0.0,50133,PB,Z374020,A617,No Disponible,2024-04-16 03:58:54.444,2024-04-16 03:58:54.684,T,4.592544,-74.181847,2,3,False,2,EV2,False
E.1.0.0,50163,PB,Z374020,A617,No Disponible,2024-04-16 04:04:14.836,2024-04-16 04:04:14.966,T,4.591883,-74.173447,2,3,False,2,EV2,True
E.1.0.0,50165,PB,Z374020,A617,No Disponible,2024-04-16 04:04:34.536,2024-04-16 04:04:34.616,T,4.591883,-74.173447,2,3,False,2,EV2,False
E.1.0.0,50175,PB,Z374020,A617,No Disponible,2024-04-16 04:06:05.406,2024-04-16 04:06:05.436,T,4.589644,-74.171367,2,3,False,2,EV2,True
E.1.0.0,50177,PB,Z374020,A617,No Disponible,2024-04-16 04:06:13.436,2024-04-16 04:06:13.486,T,4.589644,-74.171367,2,3,False,2,EV2,False
E.1.0.0,50202,PB,Z374020,A617,No Disponible,2024-04-16 04:11:19.440,2024-04-16 04:11:19.969,T,4.589228,-74.162078,2,3,False,2,EV2,True
E.1.0.0,50204,PB,Z374020,A617,No Disponible,2024-04-16 04:11:27.550,2024-04-16 04:11:28.009,T,4.589228,-74.162078,2,3,False,2,EV2,False
E.1.0.0,50238,PB,Z374020,A617,No Disponible,2024-04-16 04:18:53.563,2024-04-16 04:18:53.813,T,4.588386,-74.148894,2,3,False,2,EV2,True
E.1.0.0,50242,PB,Z374020,A617,No Disponible,2024-04-16 04:19:00.744,2024-04-16 04:19:00.894,T,4.588386,-74.148894,2,3,False,2,EV2,False
E.1.0.0,50259,PB,Z374020,A617,No Disponible,2024-04-16 04:22:24.966,2024-04-16 04:22:25.186,T,4.590517,-74.142008,2,3,False,2,EV2,True
E.1.0.0,50262,PB,Z374020,A617,No Disponible,2024-04-16 04:22:41.356,2024-04-16 04:22:41.566,T,4.590517,-74.142008,2,3,False,2,EV2,False
E.1.0.0,50288,PB,Z374020,A617,No Disponible,2024-04-16 04:27:56.266,2024-04-16 04:27:56.326,T,4.592642,-74.128369,2,3,False,2,EV2,True
E.1.0.0,50291,PB,Z374020,A617,No Disponible,2024-04-16 04:28:04.536,2024-04-16 04:28:05.057,T,4.592642,-74.128369,2,3,False,2,EV2,False
E.1.0.0,50355,PB,Z374020,A617,No Disponible,2024-04-16 04:42:36.246,2024-04-16 04:42:36.646,T,4.588883,-74.085078,2,3,False,2,EV2,True
E.1.0.0,50357,PB,Z374020,A617,No Disponible,2024-04-16 04:42:41.536,2024-04-16 04:42:42.046,T,4.588883,-74.085078,2,3,False,2,EV2,False
E.1.0.0,50385,PB,Z374020,A617,No Disponible,2024-04-16 04:48:24.544,2024-04-16 04:48:25.074,T,4.592144,-74.076381,2,3,False,2,EV2,True
E.1.0.0,50386,PB,Z374020,A617,No Disponible,2024-04-16 04:48:33.104,2024-04-16 04:48:33.364,T,4.592144,-74.076381,2,3,False,2,EV2,False
E.1.0.0,50393,PB,Z374020,A617,No Disponible,2024-04-16 04:49:27.114,2024-04-16 04:49:27.344,T,4.593950,-74.074892,2,3,False,2,EV2,True
E.1.0.0,50394,PB,Z374020,A617,No Disponible,2024-04-16 04:49:33.284,2024-04-16 04:49:33.494,T,4.593950,-74.074892,2,3,False,2,EV2,False
E.1.0.0,50429,PB,Z374020,A617,No Disponible,2024-04-16 04:57:30.016,2024-04-16 04:57:30.716,T,4.604811,-74.065786,2,3,False,2,EV2,True
E.1.0.0,50431,PB,Z374020,A617,No Disponible,2024-04-16 04:57:35.436,2024-04-16 04:57:35.516,T,4.604811,-74.065786,2,3,False,2,EV2,False
E.1.0.0,50499,PB,Z374020,H617,No Disponible,2024-04-16 05:11:18.566,2024-04-16 05:11:18.646,T,4.604133,-74.069842,2,3,False,2,EV2,True
E.1.0.0,50501,PB,Z374020,H617,No Disponible,2024-04-16 05:11:24.046,2024-04-16 05:11:24.286,T,4.604133,-74.069842,2,3,False,2,EV2,False
E.1.0.0,50511,PB,Z374020,H617,No Disponible,2024-04-16 05:13:13.106,2024-04-16 05:13:13.426,T,4.603592,-74.066850,2,3,False,2,EV2,True
E.1.0.0,50512,PB,Z374020,H617,No Disponible,2024-04-16 05:13:19.756,2024-04-16 05:13:19.996,T,4.603592,-74.066850,2,3,False,2,EV2,False
E.1.0.0,50522,PB,Z374020,H617,No Disponible,2024-04-16 05:15:07.886,2024-04-16 05:15:08.426,T,4.602969,-74.061858,2,3,False,2,EV2,True
E.1.0.0,50524,PB,Z374020,H617,No Disponible,2024-04-16 05:15:13.516,2024-04-16 05:15:13.793,T,4.602969,-74.061858,2,3,False,2,EV2,False
E.1.0.0,50537,PB,Z374020,H617,No Disponible,2024-04-16 05:17:54.966,2024-04-16 05:17:55.066,T,4.598042,-74.064867,2,3,False,2,EV2,True
E.1.0.0,50540,PB,Z374020,H617,No Disponible,2024-04-16 05:18:00.396,2024-04-16 05:18:00.666,T,4.598042,-74.064867,2,3,False,2,EV2,False
E.1.0.0,50552,PB,Z374020,H617,No Disponible,2024-04-16 05:20:44.106,2024-04-16 05:20:44.366,T,4.592819,-74.069953,2,3,False,2,EV2,True
E.1.0.0,50554,PB,Z374020,H617,No Disponible,2024-04-16 05:20:52.706,2024-04-16 05:20:52.926,T,4.592819,-74.069953,2,3,False,2,EV2,False
E.1.0.0,50559,PB,Z374020,H617,No Disponible,2024-04-16 05:21:35.256,2024-04-16 05:21:35.346,T,4.591867,-74.070967,2,3,False,2,EV2,True
E.1.0.0,50564,PB,Z374020,H617,No Disponible,2024-04-16 05:22:04.146,2024-04-16 05:22:04.166,T,4.591867,-74.070967,2,3,False,2,EV2,False
E.1.0.0,50572,PB,Z374020,H617,No Disponible,2024-04-16 05:23:35.456,2024-04-16 05:23:35.646,T,4.592686,-74.074936,2,3,False,2,EV2,True
E.1.0.0,50574,PB,Z374020,H617,No Disponible,2024-04-16 05:23:46.336,2024-04-16 05:23:46.746,T,4.592686,-74.074936,2,3,False,2,EV2,False
E.1.0.0,50593,PB,Z374020,H617,No Disponible,2024-04-16 05:27:18.716,2024-04-16 05:27:18.796,T,4.590986,-74.079750,2,3,False,2,EV2,True
E.1.0.0,50596,PB,Z374020,H617,No Disponible,2024-04-16 05:27:25.486,2024-04-16 05:27:25.536,T,4.590986,-74.079750,2,3,False,2,EV2,False
E.1.0.0,50637,PB,Z374020,H617,No Disponible,2024-04-16 05:36:46.766,2024-04-16 05:36:47.246,T,4.586611,-74.099350,2,3,False,2,EV2,True
E.1.0.0,50639,PB,Z374020,H617,No Disponible,2024-04-16 05:36:54.336,2024-04-16 05:36:54.476,T,4.586611,-74.099350,2,3,False,2,EV2,False
E.1.0.0,50648,PB,Z374020,H617,No Disponible,2024-04-16 05:38:08.216,2024-04-16 05:38:08.586,T,4.585558,-74.101619,2,3,False,2,EV2,True
E.1.0.0,50649,PB,Z374020,H617,No Disponible,2024-04-16 05:38:16.236,2024-04-16 05:38:16.536,T,4.585558,-74.101619,2,3,False,2,EV2,False
E.1.0.0,50664,PB,Z374020,H617,No Disponible,2024-04-16 05:41:06.966,2024-04-16 05:41:07.146,T,4.583742,-74.104458,2,3,False,2,EV2,True
E.1.0.0,50667,PB,Z374020,H617,No Disponible,2024-04-16 05:41:43.526,2024-04-16 05:41:43.696,T,4.583742,-74.104458,2,3,False,2,EV2,False
E.1.0.0,50672,PB,Z374020,H617,No Disponible,2024-04-16 05:42:30.456,2024-04-16 05:42:30.616,T,4.585211,-74.105614,2,3,False,2,EV2,True
E.1.0.0,50675,PB,Z374020,H617,No Disponible,2024-04-16 05:42:41.626,2024-04-16 05:42:42.106,T,4.585211,-74.105614,2,3,False,2,EV2,False
E.1.0.0,50680,PB,Z374020,H617,No Disponible,2024-04-16 05:43:29.686,2024-04-16 05:43:30.356,T,4.587267,-74.107258,2,3,False,2,EV2,True
E.1.0.0,50682,PB,Z374020,H617,No Disponible,2024-04-16 05:43:38.716,2024-04-16 05:43:38.946,T,4.587267,-74.107258,2,3,False,2,EV2,False
E.1.0.0,50687,PB,Z374020,H617,No Disponible,2024-04-16 05:44:13.676,2024-04-16 05:44:14.176,T,4.588819,-74.108500,2,3,False,2,EV2,True
E.1.0.0,50689,PB,Z374020,H617,No Disponible,2024-04-16 05:44:23.586,2024-04-16 05:44:23.616,T,4.588819,-74.108500,2,3,False,2,EV2,False
E.1.0.0,50696,PB,Z374020,H617,No Disponible,2024-04-16 05:45:40.126,2024-04-16 05:45:40.196,T,4.588825,-74.110994,2,3,False,2,EV2,True
E.1.0.0,50698,PB,Z374020,H617,No Disponible,2024-04-16 05:45:56.366,2024-04-16 05:45:56.546,T,4.588825,-74.110994,2,3,False,2,EV2,False
E.1.0.0,50707,PB,Z374020,H617,No Disponible,2024-04-16 05:47:28.036,2024-04-16 05:47:28.276,T,4.588556,-74.116928,2,3,False,2,EV2,True
E.1.0.0,50709,PB,Z374020,H617,No Disponible,2024-04-16 05:47:34.016,2024-04-16 05:47:34.526,T,4.588556,-74.116928,2,3,False,2,EV2,False
E.1.0.0,50715,PB,Z374020,H617,No Disponible,2024-04-16 05:48:36.246,2024-04-16 05:48:36.256,T,4.589275,-74.119797,2,3,False,2,EV2,True
E.1.0.0,50718,PB,Z374020,H617,No Disponible,2024-04-16 05:48:41.186,2024-04-16 05:48:41.446,T,4.589275,-74.119797,2,3,False,2,EV2,False
E.1.0.0,50723,PB,Z374020,H617,No Disponible,2024-04-16 05:49:39.546,2024-04-16 05:49:42.016,T,4.590078,-74.124253,2,3,False,2,EV2,True
E.1.0.0,50726,PB,Z374020,H617,No Disponible,2024-04-16 05:49:45.886,2024-04-16 05:49:46.106,T,4.590078,-74.124253,2,3,False,2,EV2,False
E.1.0.0,50743,PB,Z374020,H617,No Disponible,2024-04-16 05:53:01.216,2024-04-16 05:53:01.941,T,4.594394,-74.134167,2,3,False,2,EV2,True
E.1.0.0,50745,PB,Z374020,H617,No Disponible,2024-04-16 05:53:09.296,2024-04-16 05:53:09.317,T,4.594394,-74.134167,2,3,False,2,EV2,False
E.1.0.0,50754,PB,Z374020,H617,No Disponible,2024-04-16 05:54:52.086,2024-04-16 05:54:52.546,T,4.594136,-74.134578,2,3,False,2,EV2,True
E.1.0.0,50757,PB,Z374020,H617,No Disponible,2024-04-16 05:55:12.166,2024-04-16 05:55:12.346,T,4.594136,-74.134578,2,3,False,2,EV2,False
E.1.0.0,50764,PB,Z374020,H617,No Disponible,2024-04-16 05:56:14.226,2024-04-16 05:56:14.766,T,4.592844,-74.135553,2,3,False,2,EV2,True
E.1.0.0,50766,PB,Z374020,H617,No Disponible,2024-04-16 05:56:24.156,2024-04-16 05:56:24.476,T,4.592844,-74.135553,2,3,False,2,EV2,False
E.1.0.0,50773,PB,Z374020,H617,No Disponible,2024-04-16 05:57:40.956,2024-04-16 05:57:41.216,T,4.592192,-74.138311,2,3,False,2,EV2,True
E.1.0.0,50775,PB,Z374020,H617,No Disponible,2024-04-16 05:57:47.516,2024-04-16 05:57:47.585,T,4.592192,-74.138311,2,3,False,2,EV2,False
E.1.0.0,50801,PB,Z374020,H617,No Disponible,2024-04-16 06:03:14.806,2024-04-16 06:03:15.046,T,4.588325,-74.149008,2,3,False,2,EV2,True
E.1.0.0,50803,PB,Z374020,H617,No Disponible,2024-04-16 06:03:28.376,2024-04-16 06:03:28.557,T,4.588325,-74.149008,2,3,False,2,EV2,False
E.1.0.0,50821,PB,Z374020,H617,No Disponible,2024-04-16 06:07:03.175,2024-04-16 06:07:03.615,T,4.587703,-74.155553,2,3,False,2,EV2,True
E.1.0.0,50823,PB,Z374020,H617,No Disponible,2024-04-16 06:07:12.295,2024-04-16 06:07:12.335,T,4.587703,-74.155553,2,3,False,2,EV2,False
E.1.0.0,50835,PB,Z374020,H617,No Disponible,2024-04-16 06:09:38.165,2024-04-16 06:09:38.215,T,4.590319,-74.157428,2,3,False,2,EV2,True
E.1.0.0,50837,PB,Z374020,H617,No Disponible,2024-04-16 06:09:49.045,2024-04-16 06:09:52.555,T,4.590319,-74.157428,2,3,False,2,EV2,False
E.1.0.0,50853,PB,Z374020,H617,No Disponible,2024-04-16 06:13:17.476,2024-04-16 06:13:17.656,T,4.589119,-74.162642,2,3,False,2,EV2,True
E.1.0.0,50856,PB,Z374020,H617,No Disponible,2024-04-16 06:13:23.626,2024-04-16 06:13:24.066,T,4.589119,-74.162642,2,3,False,2,EV2,False
E.1.0.0,50866,PB,Z374020,H617,No Disponible,2024-04-16 06:15:23.866,2024-04-16 06:15:24.296,T,4.588369,-74.165033,2,3,False,2,EV2,True
E.1.0.0,50868,PB,Z374020,H617,No Disponible,2024-04-16 06:15:29.006,2024-04-16 06:15:29.126,T,4.588369,-74.165033,2,3,False,2,EV2,False
E.1.0.0,50875,PB,Z374020,H617,No Disponible,2024-04-16 06:16:37.006,2024-04-16 06:16:37.726,T,4.589194,-74.167317,2,3,False,2,EV2,True
E.1.0.0,50877,PB,Z374020,H617,No Disponible,2024-04-16 06:16:43.706,2024-04-16 06:16:43.766,T,4.589194,-74.167317,2,3,False,2,EV2,False
E.1.0.0,50905,PB,Z374020,H617,No Disponible,2024-04-16 06:22:57.106,2024-04-16 06:22:58.355,T,4.594686,-74.176542,2,3,False,2,EV2,True
E.1.0.0,50909,PB,Z374020,H617,No Disponible,2024-04-16 06:23:02.776,2024-04-16 06:23:03.066,T,4.594686,-74.176542,2,3,False,2,EV2,False
E.1.0.0,50936,PB,Z374020,H617,No Disponible,2024-04-16 06:28:20.746,2024-04-16 06:28:21.006,T,4.592572,-74.181161,2,3,False,2,EV2,True
E.1.0.0,50961,PB,Z374020,H617,No Disponible,2024-04-16 06:33:54.409,2024-04-16 06:33:55.885,T,4.592572,-74.181161,2,3,False,2,EV2,False
E.1.0.0,51101,PB,Z374020,H617,No Disponible,2024-04-16 07:06:19.802,2024-04-16 07:06:19.942,T,4.592572,-74.181161,2,3,False,2,EV2,True
E.1.0.0,51105,PB,Z374020,H617,No Disponible,2024-04-16 07:06:58.064,2024-04-16 07:06:59.332,T,4.592572,-74.181161,2,3,False,2,EV2,False
E.1.0.0,51142,PB,Z374020,H617,No Disponible,2024-04-16 07:08:17.878,2024-04-16 07:08:18.488,T,4.592542,-74.181208,2,3,False,2,EV2,True
E.1.0.0,51224,PB,Z374020,A617,No Disponible,2024-04-16 07:25:12.564,2024-04-16 07:25:13.044,T,4.592542,-74.181208,2,3,False,2,EV2,False
E.1.0.0,51238,PB,Z374020,A617,No Disponible,2024-04-16 07:27:44.886,2024-04-16 07:27:44.976,T,4.594442,-74.178517,2,3,False,2,EV2,True
E.1.0.0,51242,PB,Z374020,A617,No Disponible,2024-04-16 07:28:06.546,2024-04-16 07:28:06.826,T,4.594442,-74.178517,2,3,False,2,EV2,False
E.1.0.0,51263,PB,Z374020,A617,No Disponible,2024-04-16 07:32:16.636,2024-04-16 07:32:16.706,T,4.589661,-74.171436,2,3,False,2,EV2,True
E.1.0.0,51265,PB,Z374020,A617,No Disponible,2024-04-16 07:32:25.086,2024-04-16 07:32:25.256,T,4.589661,-74.171436,2,3,False,2,EV2,False
E.1.0.0,51287,PB,Z374020,A617,No Disponible,2024-04-16 07:36:41.606,2024-04-16 07:36:41.676,T,4.587417,-74.166400,2,3,False,2,EV2,True
E.1.0.0,51288,PB,Z374020,A617,No Disponible,2024-04-16 07:36:58.886,2024-04-16 07:36:59.126,T,4.587417,-74.166400,2,3,False,2,EV2,False
E.1.0.0,51302,PB,Z374020,A617,No Disponible,2024-04-16 07:39:23.686,2024-04-16 07:39:24.046,T,4.589264,-74.162075,2,3,False,2,EV2,True
E.1.0.0,51303,PB,Z374020,A617,No Disponible,2024-04-16 07:39:31.416,2024-04-16 07:39:32.316,T,4.589264,-74.162075,2,3,False,2,EV2,False
E.1.0.0,51331,PB,Z374020,A617,No Disponible,2024-04-16 07:44:56.936,2024-04-16 07:44:57.346,T,4.587908,-74.158917,2,3,False,2,EV2,True
E.1.0.0,51334,PB,Z374020,A617,No Disponible,2024-04-16 07:45:04.576,2024-04-16 07:45:04.956,T,4.587908,-74.158917,2,3,False,2,EV2,False
E.1.0.0,51356,PB,Z374020,A617,No Disponible,2024-04-16 07:49:15.202,2024-04-16 07:49:15.232,T,4.587692,-74.155450,2,3,False,2,EV2,True
E.1.0.0,51358,PB,Z374020,A617,No Disponible,2024-04-16 07:49:22.083,2024-04-16 07:49:22.422,T,4.587692,-74.155450,2,3,False,2,EV2,False
E.1.0.0,51365,PB,Z374020,A617,No Disponible,2024-04-16 07:50:20.492,2024-04-16 07:50:20.962,T,4.588719,-74.153617,2,3,False,2,EV2,True
E.1.0.0,51367,PB,Z374020,A617,No Disponible,2024-04-16 07:50:44.472,2024-04-16 07:50:44.912,T,4.588719,-74.153617,2,3,False,2,EV2,False
E.1.0.0,51372,PB,Z374020,A617,No Disponible,2024-04-16 07:51:20.742,2024-04-16 07:51:20.932,T,4.589442,-74.152617,2,3,False,2,EV2,True
E.1.0.0,51373,PB,Z374020,A617,No Disponible,2024-04-16 07:51:28.162,2024-04-16 07:51:28.362,T,4.589442,-74.152617,2,3,False,2,EV2,False
E.1.0.0,51383,PB,Z374020,A617,No Disponible,2024-04-16 07:53:16.826,2024-04-16 07:53:17.256,T,4.588403,-74.148892,2,3,False,2,EV2,True
E.1.0.0,51386,PB,Z374020,A617,No Disponible,2024-04-16 07:53:23.656,2024-04-16 07:53:23.716,T,4.588403,-74.148892,2,3,False,2,EV2,False
E.1.0.0,51387,PB,Z374020,A617,No Disponible,2024-04-16 07:53:25.546,2024-04-16 07:53:25.606,T,4.588403,-74.148892,2,3,False,2,EV2,True
E.1.0.0,51388,PB,Z374020,A617,No Disponible,2024-04-16 07:53:39.966,2024-04-16 07:53:39.986,T,4.588403,-74.148892,2,3,False,2,EV2,False
E.1.0.0,51395,PB,Z374020,A617,No Disponible,2024-04-16 07:54:44.206,2024-04-16 07:54:44.446,T,4.589581,-74.146078,2,3,False,2,EV2,True
E.1.0.0,51399,PB,Z374020,A617,No Disponible,2024-04-16 07:55:03.986,2024-04-16 07:55:04.106,T,4.589581,-74.146078,2,3,False,2,EV2,False
E.1.0.0,51422,PB,Z374020,A617,No Disponible,2024-04-16 07:59:29.911,2024-04-16 07:59:30.400,T,4.588367,-74.143989,2,3,False,2,EV2,True
E.1.0.0,51423,PB,Z374020,A617,No Disponible,2024-04-16 07:59:37.711,2024-04-16 07:59:37.881,T,4.588367,-74.143989,2,3,False,2,EV2,False
E.1.0.0,51439,PB,Z374020,A617,No Disponible,2024-04-16 08:02:15.121,2024-04-16 08:02:15.921,T,4.590647,-74.142003,2,3,False,2,EV2,True
E.1.0.0,51441,PB,Z374020,A617,No Disponible,2024-04-16 08:02:24.401,2024-04-16 08:02:24.621,T,4.590647,-74.142003,2,3,False,2,EV2,False
E.1.0.0,51453,PB,Z374020,A617,No Disponible,2024-04-16 08:04:43.916,2024-04-16 08:04:44.346,T,4.590942,-74.138556,2,3,False,2,EV2,True
E.1.0.0,51454,PB,Z374020,A617,No Disponible,2024-04-16 08:04:57.286,2024-04-16 08:04:57.806,T,4.590942,-74.138556,2,3,False,2,EV2,False
E.1.0.0,51458,PB,Z374020,A617,No Disponible,2024-04-16 08:05:01.936,2024-04-16 08:05:02.126,T,4.590942,-74.138556,2,3,False,2,EV2,True
E.1.0.0,51459,PB,Z374020,A617,No Disponible,2024-04-16 08:05:08.976,2024-04-16 08:05:09.116,T,4.590942,-74.138556,2,3,False,2,EV2,False
E.1.0.0,51489,PB,Z374020,A617,No Disponible,2024-04-16 08:11:17.846,2024-04-16 08:11:18.146,T,4.592619,-74.135761,2,3,False,2,EV2,True
E.1.0.0,51492,PB,Z374020,A617,No Disponible,2024-04-16 08:11:30.786,2024-04-16 08:11:31.026,T,4.592619,-74.135761,2,3,False,2,EV2,False
E.1.0.0,51504,PB,Z374020,A617,No Disponible,2024-04-16 08:13:36.706,2024-04-16 08:13:37.026,T,4.594203,-74.134839,2,3,False,2,EV2,True
E.1.0.0,51506,PB,Z374020,A617,No Disponible,2024-04-16 08:13:44.446,2024-04-16 08:13:44.536,T,4.594203,-74.134839,2,3,False,2,EV2,False
E.1.0.0,51514,PB,Z374020,A617,No Disponible,2024-04-16 08:15:04.476,2024-04-16 08:15:04.846,T,4.592672,-74.128433,2,3,False,2,EV2,True
E.1.0.0,51516,PB,Z374020,A617,No Disponible,2024-04-16 08:15:20.006,2024-04-16 08:15:20.236,T,4.592672,-74.128433,2,3,False,2,EV2,False
E.1.0.0,51525,PB,Z374020,A617,No Disponible,2024-04-16 08:16:49.996,2024-04-16 08:16:50.006,T,4.590186,-74.124986,2,3,False,2,EV2,True
E.1.0.0,51526,PB,Z374020,A617,No Disponible,2024-04-16 08:16:56.636,2024-04-16 08:16:56.976,T,4.590186,-74.124986,2,3,False,2,EV2,False
E.1.0.0,51538,PB,Z374020,A617,No Disponible,2024-04-16 08:19:09.736,2024-04-16 08:19:10.506,T,4.588358,-74.116344,2,3,False,2,EV2,True
E.1.0.0,51540,PB,Z374020,A617,No Disponible,2024-04-16 08:19:18.176,2024-04-16 08:19:18.246,T,4.588358,-74.116344,2,3,False,2,EV2,False
E.1.0.0,51551,PB,Z374020,A617,No Disponible,2024-04-16 08:21:14.706,2024-04-16 08:21:14.876,T,4.588656,-74.112500,2,3,False,2,EV2,True
E.1.0.0,51553,PB,Z374020,A617,No Disponible,2024-04-16 08:21:25.586,2024-04-16 08:21:25.766,T,4.588656,-74.112500,2,3,False,2,EV2,False
E.1.0.0,51571,PB,Z374020,A617,No Disponible,2024-04-16 08:24:59.852,2024-04-16 08:25:00.672,T,4.588753,-74.108731,2,3,False,2,EV2,True
E.1.0.0,51575,PB,Z374020,A617,No Disponible,2024-04-16 08:25:23.762,2024-04-16 08:25:23.832,T,4.588753,-74.108731,2,3,False,2,EV2,False
E.1.0.0,51578,PB,Z374020,A617,No Disponible,2024-04-16 08:25:58.952,2024-04-16 08:25:59.072,T,4.587369,-74.107606,2,3,False,2,EV2,True
E.1.0.0,51582,PB,Z374020,A617,No Disponible,2024-04-16 08:26:04.922,2024-04-16 08:26:05.172,T,4.587369,-74.107606,2,3,False,2,EV2,False
E.1.0.0,51586,PB,Z374020,A617,No Disponible,2024-04-16 08:26:48.792,2024-04-16 08:26:48.832,T,4.585261,-74.105917,2,3,False,2,EV2,True
E.1.0.0,51587,PB,Z374020,A617,No Disponible,2024-04-16 08:26:58.852,2024-04-16 08:26:59.042,T,4.585261,-74.105917,2,3,False,2,EV2,False
E.1.0.0,51607,PB,Z374020,A617,No Disponible,2024-04-16 08:30:14.536,2024-04-16 08:30:14.756,T,4.584533,-74.103989,2,3,False,2,EV2,True
E.1.0.0,51609,PB,Z374020,A617,No Disponible,2024-04-16 08:30:24.766,2024-04-16 08:30:24.826,T,4.584533,-74.103989,2,3,False,2,EV2,False
E.1.0.0,51619,PB,Z374020,A617,No Disponible,2024-04-16 08:32:19.886,2024-04-16 08:32:20.826,T,4.584983,-74.101194,2,3,False,2,EV2,True
E.1.0.0,51622,PB,Z374020,A617,No Disponible,2024-04-16 08:32:32.256,2024-04-16 08:32:32.536,T,4.584983,-74.101194,2,3,False,2,EV2,False
E.1.0.0,51633,PB,Z374020,A617,No Disponible,2024-04-16 08:34:30.666,2024-04-16 08:34:30.816,T,4.586617,-74.099442,2,3,False,2,EV2,True
E.1.0.0,51635,PB,Z374020,A617,No Disponible,2024-04-16 08:34:40.096,2024-04-16 08:34:40.266,T,4.586617,-74.099442,2,3,False,2,EV2,False
E.1.0.0,51636,PB,Z374020,A617,No Disponible,2024-04-16 08:34:41.076,2024-04-16 08:34:41.606,T,4.586617,-74.099442,2,3,False,2,EV2,True
E.1.0.0,51641,PB,Z374020,A617,No Disponible,2024-04-16 08:35:39.206,2024-04-16 08:35:39.356,T,4.586617,-74.099442,2,3,False,2,EV2,False
E.1.0.0,51661,PB,Z374020,A617,No Disponible,2024-04-16 08:39:34.316,2024-04-16 08:39:34.376,T,4.586086,-74.095117,2,3,False,2,EV2,True
E.1.0.0,51666,PB,Z374020,A617,No Disponible,2024-04-16 08:40:05.426,2024-04-16 08:40:05.815,T,4.586086,-74.095117,2,3,False,2,EV2,False
E.1.0.0,51678,PB,Z374020,A617,No Disponible,2024-04-16 08:42:24.107,2024-04-16 08:42:24.415,T,4.583453,-74.092197,2,3,False,2,EV2,True
E.1.0.0,51679,PB,Z374020,A617,No Disponible,2024-04-16 08:42:29.696,2024-04-16 08:42:29.896,T,4.583453,-74.092197,2,3,False,2,EV2,False
E.1.0.0,51682,PB,Z374020,A617,No Disponible,2024-04-16 08:42:56.166,2024-04-16 08:42:56.656,T,4.582431,-74.090717,2,3,False,2,EV2,True
E.1.0.0,51685,PB,Z374020,A617,No Disponible,2024-04-16 08:43:07.596,2024-04-16 08:43:07.726,T,4.582431,-74.090717,2,3,False,2,EV2,False
E.1.0.0,51698,PB,Z374020,A617,No Disponible,2024-04-16 08:45:49.376,2024-04-16 08:45:49.726,T,4.585858,-74.087067,2,3,False,2,EV2,True
E.1.0.0,51699,PB,Z374020,A617,No Disponible,2024-04-16 08:45:55.616,2024-04-16 08:45:55.846,T,4.585858,-74.087067,2,3,False,2,EV2,False
E.1.0.0,51752,PB,Z374020,A617,No Disponible,2024-04-16 08:56:47.445,2024-04-16 08:56:48.045,T,4.592192,-74.076375,2,3,False,2,EV2,True
E.1.0.0,51753,PB,Z374020,A617,No Disponible,2024-04-16 08:56:53.435,2024-04-16 08:56:53.995,T,4.592192,-74.076375,2,3,False,2,EV2,False
E.1.0.0,51768,PB,Z374020,A617,No Disponible,2024-04-16 08:59:38.448,2024-04-16 08:59:38.976,T,4.593908,-74.074525,2,3,False,2,EV2,True
E.1.0.0,51770,PB,Z374020,A617,No Disponible,2024-04-16 08:59:43.986,2024-04-16 08:59:44.466,T,4.593908,-74.074525,2,3,False,2,EV2,False
E.1.0.0,51780,PB,Z374020,A617,No Disponible,2024-04-16 09:01:23.496,2024-04-16 09:01:23.676,T,4.592044,-74.071844,2,3,False,2,EV2,True
E.1.0.0,51781,PB,Z374020,A617,No Disponible,2024-04-16 09:01:30.326,2024-04-16 09:01:30.426,T,4.592044,-74.071844,2,3,False,2,EV2,False
E.1.0.0,51793,PB,Z374020,A617,No Disponible,2024-04-16 09:03:36.466,2024-04-16 09:03:37.006,T,4.592817,-74.069875,2,3,False,2,EV2,True
E.1.0.0,51796,PB,Z374020,A617,No Disponible,2024-04-16 09:03:45.706,2024-04-16 09:03:45.956,T,4.592817,-74.069875,2,3,False,2,EV2,False
E.1.0.0,51797,PB,Z374020,A617,No Disponible,2024-04-16 09:03:51.666,2024-04-16 09:03:52.066,T,4.592817,-74.069875,2,3,False,2,EV2,True
E.1.0.0,51798,PB,Z374020,A617,No Disponible,2024-04-16 09:03:59.666,2024-04-16 09:04:00.026,T,4.592817,-74.069875,2,3,False,2,EV2,False
E.1.0.0,51813,PB,Z374020,A617,No Disponible,2024-04-16 09:06:48.896,2024-04-16 09:06:49.235,T,4.601433,-74.061622,2,3,False,2,EV2,True
E.1.0.0,51815,PB,Z374020,A617,No Disponible,2024-04-16 09:06:55.306,2024-04-16 09:06:55.546,T,4.601433,-74.061622,2,3,False,2,EV2,False
E.1.0.0,51834,PB,Z374020,A617,No Disponible,2024-04-16 09:10:21.706,2024-04-16 09:10:21.896,T,4.604769,-74.065694,2,3,False,2,EV2,True
E.1.0.0,51836,PB,Z374020,A617,No Disponible,2024-04-16 09:10:29.476,2024-04-16 09:10:29.846,T,4.604769,-74.065694,2,3,False,2,EV2,False
E.1.0.0,51846,PB,Z374020,A617,No Disponible,2024-04-16 09:12:02.716,2024-04-16 09:12:02.995,T,4.605094,-74.067194,2,3,False,2,EV2,True
E.1.0.0,51847,PB,Z374020,A617,No Disponible,2024-04-16 09:12:12.846,2024-04-16 09:12:13.206,T,4.605094,-74.067194,2,3,False,2,EV2,False
E.1.0.0,51865,PB,Z374020,A617,No Disponible,2024-04-16 09:15:27.996,2024-04-16 09:15:28.146,T,4.604789,-74.070817,2,3,False,2,EV2,True
E.1.0.0,51866,PB,Z374020,A617,No Disponible,2024-04-16 09:15:34.946,2024-04-16 09:15:35.076,T,4.604789,-74.070817,2,3,False,2,EV2,False
E.1.0.0,51876,PB,Z374020,A617,No Disponible,2024-04-16 09:17:00.176,2024-04-16 09:17:00.386,T,4.605908,-74.072567,2,3,False,2,EV2,True
E.1.0.0,51877,PB,Z374020,A617,No Disponible,2024-04-16 09:17:10.896,2024-04-16 09:17:11.276,T,4.605908,-74.072567,2,3,False,2,EV2,False
E.1.0.0,51990,PB,Z374020,H617,No Disponible,2024-04-16 09:40:01.676,2024-04-16 09:40:01.846,T,4.603572,-74.066931,2,3,False,2,EV2,True
E.1.0.0,51993,PB,Z374020,H617,No Disponible,2024-04-16 09:40:37.696,2024-04-16 09:40:38.076,T,4.603572,-74.066931,2,3,False,2,EV2,False
E.1.0.0,52028,PB,Z374020,H617,No Disponible,2024-04-16 09:47:28.826,2024-04-16 09:47:29.836,T,4.597969,-74.064828,2,3,False,2,EV2,True
E.1.0.0,52029,PB,Z374020,H617,No Disponible,2024-04-16 09:47:38.806,2024-04-16 09:47:38.956,T,4.597969,-74.064828,2,3,False,2,EV2,False
E.1.0.0,52040,PB,Z374020,H617,No Disponible,2024-04-16 09:49:47.076,2024-04-16 09:49:47.156,T,4.592825,-74.069964,2,3,False,2,EV2,True
E.1.0.0,52043,PB,Z374020,H617,No Disponible,2024-04-16 09:50:11.251,2024-04-16 09:50:11.391,T,4.592825,-74.069964,2,3,False,2,EV2,False
E.1.0.0,52048,PB,Z374020,H617,No Disponible,2024-04-16 09:50:58.161,2024-04-16 09:50:58.661,T,4.592553,-74.072022,2,3,False,2,EV2,True
E.1.0.0,52051,PB,Z374020,H617,No Disponible,2024-04-16 09:51:10.571,2024-04-16 09:51:11.661,T,4.592553,-74.072022,2,3,False,2,EV2,False
E.1.0.0,52094,PB,Z374020,H617,No Disponible,2024-04-16 10:00:38.216,2024-04-16 10:00:38.336,T,4.585850,-74.087378,2,3,False,2,EV2,True
E.1.0.0,52097,PB,Z374020,H617,No Disponible,2024-04-16 10:00:55.516,2024-04-16 10:00:56.046,T,4.585850,-74.087378,2,3,False,2,EV2,False
E.1.0.0,52102,PB,Z374020,H617,No Disponible,2024-04-16 10:01:38.206,2024-04-16 10:01:38.416,T,4.583686,-74.088919,2,3,False,2,EV2,True
E.1.0.0,52105,PB,Z374020,H617,No Disponible,2024-04-16 10:01:52.146,2024-04-16 10:01:52.666,T,4.583686,-74.088919,2,3,False,2,EV2,False
E.1.0.0,52139,PB,Z374020,H617,No Disponible,2024-04-16 10:08:44.087,2024-04-16 10:08:44.137,T,4.586667,-74.099411,2,3,False,2,EV2,True
E.1.0.0,52140,PB,Z374020,H617,No Disponible,2024-04-16 10:08:52.007,2024-04-16 10:08:52.037,T,4.586667,-74.099411,2,3,False,2,EV2,False
E.1.0.0,52154,PB,Z374020,H617,No Disponible,2024-04-16 10:11:16.056,2024-04-16 10:11:16.136,T,4.585592,-74.101586,2,3,False,2,EV2,True
E.1.0.0,52157,PB,Z374020,H617,No Disponible,2024-04-16 10:11:24.026,2024-04-16 10:11:24.566,T,4.585592,-74.101586,2,3,False,2,EV2,False
E.1.0.0,52158,PB,Z374020,H617,No Disponible,2024-04-16 10:11:27.476,2024-04-16 10:11:27.546,T,4.585592,-74.101586,2,3,False,2,EV2,True
E.1.0.0,52160,PB,Z374020,H617,No Disponible,2024-04-16 10:11:48.426,2024-04-16 10:11:48.646,T,4.585592,-74.101586,2,3,False,2,EV2,False
E.1.0.0,52181,PB,Z374020,H617,No Disponible,2024-04-16 10:15:46.806,2024-04-16 10:15:47.066,T,4.583900,-74.104547,2,3,False,2,EV2,True
E.1.0.0,52182,PB,Z374020,H617,No Disponible,2024-04-16 10:15:54.996,2024-04-16 10:15:55.406,T,4.583900,-74.104547,2,3,False,2,EV2,False
E.1.0.0,52191,PB,Z374020,H617,No Disponible,2024-04-16 10:17:12.106,2024-04-16 10:17:12.496,T,4.585358,-74.105706,2,3,False,2,EV2,True
E.1.0.0,52194,PB,Z374020,H617,No Disponible,2024-04-16 10:17:30.706,2024-04-16 10:17:30.746,T,4.585358,-74.105706,2,3,False,2,EV2,False
E.1.0.0,52201,PB,Z374020,H617,No Disponible,2024-04-16 10:18:51.716,2024-04-16 10:18:51.726,T,4.586842,-74.106919,2,3,False,2,EV2,True
E.1.0.0,52203,PB,Z374020,H617,No Disponible,2024-04-16 10:18:59.226,2024-04-16 10:18:59.736,T,4.586842,-74.106919,2,3,False,2,EV2,False
E.1.0.0,52217,PB,Z374020,H617,No Disponible,2024-04-16 10:21:26.385,2024-04-16 10:21:26.414,T,4.588878,-74.111117,2,3,False,2,EV2,True
E.1.0.0,52220,PB,Z374020,H617,No Disponible,2024-04-16 10:21:53.855,2024-04-16 10:21:54.235,T,4.588878,-74.111117,2,3,False,2,EV2,False
E.1.0.0,52244,PB,Z374020,H617,No Disponible,2024-04-16 10:26:56.746,2024-04-16 10:26:56.866,T,4.590061,-74.124250,2,3,False,2,EV2,True
E.1.0.0,52249,PB,Z374020,H617,No Disponible,2024-04-16 10:27:21.666,2024-04-16 10:27:22.096,T,4.590061,-74.124250,2,3,False,2,EV2,False
E.1.0.0,52265,PB,Z374020,H617,No Disponible,2024-04-16 10:30:52.176,2024-04-16 10:30:52.336,T,4.594500,-74.134303,2,3,False,2,EV2,True
E.1.0.0,52269,PB,Z374020,H617,No Disponible,2024-04-16 10:31:01.236,2024-04-16 10:31:01.601,T,4.594500,-74.134303,2,3,False,2,EV2,False
E.1.0.0,52285,PB,Z374020,H617,No Disponible,2024-04-16 10:33:44.166,2024-04-16 10:33:44.506,T,4.594158,-74.134631,2,3,False,2,EV2,True
E.1.0.0,52288,PB,Z374020,H617,No Disponible,2024-04-16 10:34:06.756,2024-04-16 10:34:06.876,T,4.594158,-74.134631,2,3,False,2,EV2,False
E.1.0.0,52300,PB,Z374020,H617,No Disponible,2024-04-16 10:36:19.616,2024-04-16 10:36:19.626,T,4.593150,-74.137036,2,3,False,2,EV2,True
E.1.0.0,52302,PB,Z374020,H617,No Disponible,2024-04-16 10:36:31.396,2024-04-16 10:36:31.866,T,4.593150,-74.137036,2,3,False,2,EV2,False
E.1.0.0,52314,PB,Z374020,H617,No Disponible,2024-04-16 10:38:40.546,2024-04-16 10:38:41.246,T,4.592169,-74.138369,2,3,False,2,EV2,True
E.1.0.0,52318,PB,Z374020,H617,No Disponible,2024-04-16 10:39:00.707,2024-04-16 10:39:01.156,T,4.592169,-74.138369,2,3,False,2,EV2,False
E.1.0.0,52322,PB,Z374020,H617,No Disponible,2024-04-16 10:39:56.246,2024-04-16 10:39:56.346,T,4.591958,-74.138378,2,3,False,2,EV2,True
E.1.0.0,52326,PB,Z374020,H617,No Disponible,2024-04-16 10:40:02.506,2024-04-16 10:40:02.606,T,4.591958,-74.138378,2,3,False,2,EV2,False
E.1.0.0,52328,PB,Z374020,H617,No Disponible,2024-04-16 10:40:17.296,2024-04-16 10:40:17.596,T,4.591350,-74.138533,2,3,False,2,EV2,True
E.1.0.0,52330,PB,Z374020,H617,No Disponible,2024-04-16 10:40:26.506,2024-04-16 10:40:26.956,T,4.591350,-74.138533,2,3,False,2,EV2,False
E.1.0.0,52340,PB,Z374020,H617,No Disponible,2024-04-16 10:42:18.696,2024-04-16 10:42:18.906,T,4.590489,-74.142689,2,3,False,2,EV2,True
E.1.0.0,52343,PB,Z374020,H617,No Disponible,2024-04-16 10:42:30.406,2024-04-16 10:42:30.686,T,4.590489,-74.142689,2,3,False,2,EV2,False
E.1.0.0,52347,PB,Z374020,H617,No Disponible,2024-04-16 10:43:03.566,2024-04-16 10:43:03.736,T,4.590883,-74.144578,2,3,False,2,EV2,True
E.1.0.0,52349,PB,Z374020,H617,No Disponible,2024-04-16 10:43:13.306,2024-04-16 10:43:13.696,T,4.590883,-74.144578,2,3,False,2,EV2,False
E.1.0.0,52356,PB,Z374020,H617,No Disponible,2024-04-16 10:44:12.446,2024-04-16 10:44:12.876,T,4.590406,-74.145506,2,3,False,2,EV2,True
E.1.0.0,52358,PB,Z374020,H617,No Disponible,2024-04-16 10:44:21.796,2024-04-16 10:44:22.296,T,4.590406,-74.145506,2,3,False,2,EV2,False
E.1.0.0,52359,PB,Z374020,H617,No Disponible,2024-04-16 10:44:26.866,2024-04-16 10:44:27.106,T,4.590406,-74.145506,2,3,False,2,EV2,True
E.1.0.0,52360,PB,Z374020,H617,No Disponible,2024-04-16 10:44:33.026,2024-04-16 10:44:33.286,T,4.590406,-74.145506,2,3,False,2,EV2,False
E.1.0.0,52378,PB,Z374020,H617,No Disponible,2024-04-16 10:48:02.686,2024-04-16 10:48:02.886,T,4.589358,-74.152769,2,3,False,2,EV2,True
E.1.0.0,52379,PB,Z374020,H617,No Disponible,2024-04-16 10:48:13.976,2024-04-16 10:48:14.126,T,4.589358,-74.152769,2,3,False,2,EV2,False
E.1.0.0,52384,PB,Z374020,H617,No Disponible,2024-04-16 10:48:42.860,2024-04-16 10:48:43.016,T,4.588581,-74.153747,2,3,False,2,EV2,True
E.1.0.0,52385,PB,Z374020,H617,No Disponible,2024-04-16 10:48:54.396,2024-04-16 10:48:54.466,T,4.588581,-74.153747,2,3,False,2,EV2,False
E.1.0.0,52401,PB,Z374020,H617,No Disponible,2024-04-16 10:51:59.626,2024-04-16 10:52:00.056,T,4.587906,-74.157008,2,3,False,2,EV2,True
E.1.0.0,52404,PB,Z374020,H617,No Disponible,2024-04-16 10:52:06.856,2024-04-16 10:52:07.116,T,4.587906,-74.157008,2,3,False,2,EV2,False
E.1.0.0,52408,PB,Z374020,H617,No Disponible,2024-04-16 10:52:40.686,2024-04-16 10:52:41.086,T,4.590003,-74.157389,2,3,False,2,EV2,True
E.1.0.0,52409,PB,Z374020,H617,No Disponible,2024-04-16 10:52:48.156,2024-04-16 10:52:48.766,T,4.590003,-74.157389,2,3,False,2,EV2,False
E.1.0.0,52416,PB,Z374020,H617,No Disponible,2024-04-16 10:53:56.086,2024-04-16 10:53:56.166,T,4.591467,-74.159783,2,3,False,2,EV2,True
E.1.0.0,52419,PB,Z374020,H617,No Disponible,2024-04-16 10:54:03.956,2024-04-16 10:54:04.196,T,4.591467,-74.159783,2,3,False,2,EV2,False
E.1.0.0,52465,PB,Z374020,H617,No Disponible,2024-04-16 11:03:17.436,2024-04-16 11:03:20.006,T,4.588147,-74.165850,2,3,False,2,EV2,True
E.1.0.0,52467,PB,Z374020,H617,No Disponible,2024-04-16 11:03:24.356,2024-04-16 11:03:24.666,T,4.588147,-74.165850,2,3,False,2,EV2,False
E.1.0.0,52492,PB,Z374020,H617,No Disponible,2024-04-16 11:08:10.206,2024-04-16 11:08:10.506,T,4.589700,-74.171064,2,3,False,2,EV2,True
E.1.0.0,52494,PB,Z374020,H617,No Disponible,2024-04-16 11:08:18.406,2024-04-16 11:08:18.766,T,4.589700,-74.171064,2,3,False,2,EV2,False
E.1.0.0,52502,PB,Z374020,H617,No Disponible,2024-04-16 11:09:22.816,2024-04-16 11:09:22.946,T,4.590078,-74.173117,2,3,False,2,EV2,True
E.1.0.0,52503,PB,Z374020,H617,No Disponible,2024-04-16 11:09:34.376,2024-04-16 11:09:34.526,T,4.590078,-74.173117,2,3,False,2,EV2,False
E.1.0.0,52504,PB,Z374020,H617,No Disponible,2024-04-16 11:09:37.716,2024-04-16 11:09:38.236,T,4.590078,-74.173117,2,3,False,2,EV2,True
E.1.0.0,52506,PB,Z374020,H617,No Disponible,2024-04-16 11:09:49.426,2024-04-16 11:09:49.536,T,4.590078,-74.173117,2,3,False,2,EV2,False
E.1.0.0,52515,PB,Z374020,H617,No Disponible,2024-04-16 11:11:15.796,2024-04-16 11:11:15.956,T,4.591944,-74.173225,2,3,False,2,EV2,True
E.1.0.0,52517,PB,Z374020,H617,No Disponible,2024-04-16 11:11:25.816,2024-04-16 11:11:25.856,T,4.591944,-74.173225,2,3,False,2,EV2,False
E.1.0.0,52524,PB,Z374020,H617,No Disponible,2024-04-16 11:12:27.776,2024-04-16 11:12:27.866,T,4.592186,-74.175303,2,3,False,2,EV2,True
E.1.0.0,52525,PB,Z374020,H617,No Disponible,2024-04-16 11:12:32.856,2024-04-16 11:12:33.086,T,4.592186,-74.175303,2,3,False,2,EV2,False
E.1.0.0,52546,PB,Z374020,H617,No Disponible,2024-04-16 11:16:22.076,2024-04-16 11:16:22.316,T,4.592486,-74.180092,2,3,False,2,EV2,True
E.1.0.0,52547,PB,Z374020,H617,No Disponible,2024-04-16 11:16:29.756,2024-04-16 11:16:30.136,T,4.592486,-74.180092,2,3,False,2,EV2,False
E.1.0.0,52581,PB,Z374020,A617,No Disponible,2024-04-16 11:22:46.166,2024-04-16 11:22:46.236,T,4.592558,-74.180997,2,3,False,2,EV2,True
E.1.0.0,52593,PB,Z374020,A617,No Disponible,2024-04-16 11:24:57.776,2024-04-16 11:24:57.876,T,4.592558,-74.180997,2,3,False,2,EV2,False
E.1.0.0,52654,PB,Z374020,A617,No Disponible,2024-04-16 11:36:18.756,2024-04-16 11:36:19.026,T,4.591925,-74.173436,2,3,False,2,EV2,True
E.1.0.0,52660,PB,Z374020,A617,No Disponible,2024-04-16 11:36:43.586,2024-04-16 11:36:44.716,T,4.591925,-74.173436,2,3,False,2,EV2,False
E.1.0.0,52673,PB,Z374020,A617,No Disponible,2024-04-16 11:39:01.676,2024-04-16 11:39:02.066,T,4.589672,-74.171367,2,3,False,2,EV2,True
E.1.0.0,52675,PB,Z374020,A617,No Disponible,2024-04-16 11:39:09.066,2024-04-16 11:39:09.116,T,4.589672,-74.171367,2,3,False,2,EV2,False
E.1.0.0,52696,PB,Z374020,A617,No Disponible,2024-04-16 11:43:29.016,2024-04-16 11:43:29.536,T,4.588200,-74.163717,2,3,False,2,EV2,True
E.1.0.0,52699,PB,Z374020,A617,No Disponible,2024-04-16 11:43:46.916,2024-04-16 11:43:47.056,T,4.588200,-74.163717,2,3,False,2,EV2,False
E.1.0.0,52705,PB,Z374020,A617,No Disponible,2024-04-16 11:44:56.056,2024-04-16 11:44:56.146,T,4.589269,-74.162042,2,3,False,2,EV2,True
E.1.0.0,52709,PB,Z374020,A617,No Disponible,2024-04-16 11:45:07.546,2024-04-16 11:45:07.566,T,4.589269,-74.162042,2,3,False,2,EV2,False
E.1.0.0,52737,PB,Z374020,A617,No Disponible,2024-04-16 11:50:46.135,2024-04-16 11:50:46.435,T,4.588256,-74.157186,2,3,False,2,EV2,True
E.1.0.0,52738,PB,Z374020,A617,No Disponible,2024-04-16 11:50:55.465,2024-04-16 11:50:55.535,T,4.588256,-74.157186,2,3,False,2,EV2,False
E.1.0.0,52747,PB,Z374020,A617,No Disponible,2024-04-16 11:52:15.376,2024-04-16 11:52:15.556,T,4.587692,-74.155411,2,3,False,2,EV2,True
E.1.0.0,52749,PB,Z374020,A617,No Disponible,2024-04-16 11:52:27.626,2024-04-16 11:52:27.816,T,4.587692,-74.155411,2,3,False,2,EV2,False
E.1.0.0,52755,PB,Z374020,A617,No Disponible,2024-04-16 11:53:37.606,2024-04-16 11:53:37.676,T,4.588719,-74.153547,2,3,False,2,EV2,True
E.1.0.0,52758,PB,Z374020,A617,No Disponible,2024-04-16 11:53:51.636,2024-04-16 11:53:55.346,T,4.588719,-74.153547,2,3,False,2,EV2,False
E.1.0.0,52763,PB,Z374020,A617,No Disponible,2024-04-16 11:54:20.306,2024-04-16 11:54:20.446,T,4.589422,-74.152583,2,3,False,2,EV2,True
E.1.0.0,52764,PB,Z374020,A617,No Disponible,2024-04-16 11:54:30.876,2024-04-16 11:54:31.096,T,4.589422,-74.152583,2,3,False,2,EV2,False
E.1.0.0,52776,PB,Z374020,A617,No Disponible,2024-04-16 11:56:48.486,2024-04-16 11:56:48.896,T,4.588408,-74.148858,2,3,False,2,EV2,True
E.1.0.0,52778,PB,Z374020,A617,No Disponible,2024-04-16 11:56:56.336,2024-04-16 11:56:56.656,T,4.588408,-74.148858,2,3,False,2,EV2,False
E.1.0.0,52787,PB,Z374020,A617,No Disponible,2024-04-16 11:58:24.276,2024-04-16 11:58:24.386,T,4.589583,-74.146097,2,3,False,2,EV2,True
E.1.0.0,52788,PB,Z374020,A617,No Disponible,2024-04-16 11:58:32.146,2024-04-16 11:58:32.546,T,4.589583,-74.146097,2,3,False,2,EV2,False
E.1.0.0,52803,PB,Z374020,A617,No Disponible,2024-04-16 12:01:09.446,2024-04-16 12:01:09.616,T,4.588383,-74.143978,2,3,False,2,EV2,True
E.1.0.0,52804,PB,Z374020,A617,No Disponible,2024-04-16 12:01:17.236,2024-04-16 12:01:17.326,T,4.588383,-74.143978,2,3,False,2,EV2,False
E.1.0.0,52818,PB,Z374020,A617,No Disponible,2024-04-16 12:03:40.856,2024-04-16 12:03:40.996,T,4.590667,-74.141961,2,3,False,2,EV2,True
E.1.0.0,52821,PB,Z374020,A617,No Disponible,2024-04-16 12:04:03.636,2024-04-16 12:04:03.876,T,4.590667,-74.141961,2,3,False,2,EV2,False
E.1.0.0,52826,PB,Z374020,A617,No Disponible,2024-04-16 12:04:54.706,2024-04-16 12:04:54.796,T,4.591131,-74.141017,2,3,False,2,EV2,True
E.1.0.0,52829,PB,Z374020,A617,No Disponible,2024-04-16 12:05:02.326,2024-04-16 12:05:03.276,T,4.591131,-74.141017,2,3,False,2,EV2,False
E.1.0.0,52837,PB,Z374020,A617,No Disponible,2024-04-16 12:06:22.242,2024-04-16 12:06:22.332,T,4.590811,-74.138522,2,3,False,2,EV2,True
E.1.0.0,52838,PB,Z374020,A617,No Disponible,2024-04-16 12:06:31.012,2024-04-16 12:06:31.402,T,4.590811,-74.138522,2,3,False,2,EV2,False
E.1.0.0,52854,PB,Z374020,A617,No Disponible,2024-04-16 12:09:31.402,2024-04-16 12:09:31.792,T,4.594211,-74.134761,2,3,False,2,EV2,True
E.1.0.0,52856,PB,Z374020,A617,No Disponible,2024-04-16 12:09:54.402,2024-04-16 12:09:54.802,T,4.594211,-74.134761,2,3,False,2,EV2,False
E.1.0.0,52864,PB,Z374020,A617,No Disponible,2024-04-16 12:11:04.436,2024-04-16 12:11:04.626,T,4.592694,-74.128428,2,3,False,2,EV2,True
E.1.0.0,52866,PB,Z374020,A617,No Disponible,2024-04-16 12:11:17.866,2024-04-16 12:11:18.646,T,4.592694,-74.128428,2,3,False,2,EV2,False
E.1.0.0,52874,PB,Z374020,A617,No Disponible,2024-04-16 12:12:37.516,2024-04-16 12:12:38.281,T,4.590089,-74.124886,2,3,False,2,EV2,True
E.1.0.0,52880,PB,Z374020,A617,No Disponible,2024-04-16 12:13:03.576,2024-04-16 12:13:04.186,T,4.590089,-74.124886,2,3,False,2,EV2,False
E.1.0.0,52887,PB,Z374020,A617,No Disponible,2024-04-16 12:14:12.086,2024-04-16 12:14:12.346,T,4.589153,-74.120081,2,3,False,2,EV2,True
E.1.0.0,52888,PB,Z374020,A617,No Disponible,2024-04-16 12:14:18.926,2024-04-16 12:14:19.356,T,4.589153,-74.120081,2,3,False,2,EV2,False
E.1.0.0,52895,PB,Z374020,A617,No Disponible,2024-04-16 12:15:10.126,2024-04-16 12:15:11.366,T,4.588369,-74.116347,2,3,False,2,EV2,True
E.1.0.0,52896,PB,Z374020,A617,No Disponible,2024-04-16 12:15:18.966,2024-04-16 12:15:19.286,T,4.588369,-74.116347,2,3,False,2,EV2,False
E.1.0.0,52904,PB,Z374020,A617,No Disponible,2024-04-16 12:16:49.806,2024-04-16 12:16:49.986,T,4.588658,-74.112325,2,3,False,2,EV2,True
E.1.0.0,52906,PB,Z374020,A617,No Disponible,2024-04-16 12:16:56.806,2024-04-16 12:16:57.036,T,4.588658,-74.112325,2,3,False,2,EV2,False
E.1.0.0,52909,PB,Z374020,A617,No Disponible,2024-04-16 12:17:04.276,2024-04-16 12:17:04.306,T,4.588658,-74.112325,2,3,False,2,EV2,True
E.1.0.0,52910,PB,Z374020,A617,No Disponible,2024-04-16 12:17:17.136,2024-04-16 12:17:17.166,T,4.588658,-74.112325,2,3,False,2,EV2,False
E.1.0.0,52922,PB,Z374020,A617,No Disponible,2024-04-16 12:19:53.056,2024-04-16 12:19:53.306,T,4.588775,-74.108700,2,3,False,2,EV2,True
E.1.0.0,52924,PB,Z374020,A617,No Disponible,2024-04-16 12:19:59.906,2024-04-16 12:20:00.934,T,4.588775,-74.108700,2,3,False,2,EV2,False
E.1.0.0,52932,PB,Z374020,A617,No Disponible,2024-04-16 12:21:03.276,2024-04-16 12:21:04.076,T,4.587397,-74.107603,2,3,False,2,EV2,True
E.1.0.0,52934,PB,Z374020,A617,No Disponible,2024-04-16 12:21:12.546,2024-04-16 12:21:12.636,T,4.587397,-74.107603,2,3,False,2,EV2,False
E.1.0.0,52938,PB,Z374020,A617,No Disponible,2024-04-16 12:21:59.976,2024-04-16 12:22:00.246,T,4.585281,-74.105911,2,3,False,2,EV2,True
E.1.0.0,52942,PB,Z374020,A617,No Disponible,2024-04-16 12:22:10.726,2024-04-16 12:22:11.156,T,4.585281,-74.105911,2,3,False,2,EV2,False
E.1.0.0,52962,PB,Z374020,A617,No Disponible,2024-04-16 12:26:02.136,2024-04-16 12:26:02.356,T,4.584536,-74.103933,2,3,False,2,EV2,True
E.1.0.0,52963,PB,Z374020,A617,No Disponible,2024-04-16 12:26:14.556,2024-04-16 12:26:14.706,T,4.584536,-74.103933,2,3,False,2,EV2,False
E.1.0.0,52984,PB,Z374020,A617,No Disponible,2024-04-16 12:30:11.836,2024-04-16 12:30:11.966,T,4.585256,-74.100872,2,3,False,2,EV2,True
E.1.0.0,52988,PB,Z374020,A617,No Disponible,2024-04-16 12:30:42.886,2024-04-16 12:30:43.076,T,4.585256,-74.100872,2,3,False,2,EV2,False
E.1.0.0,52999,PB,Z374020,A617,No Disponible,2024-04-16 12:32:54.866,2024-04-16 12:32:54.916,T,4.586611,-74.099325,2,3,False,2,EV2,True
E.1.0.0,53005,PB,Z374020,A617,No Disponible,2024-04-16 12:33:47.529,2024-04-16 12:33:47.586,T,4.586611,-74.099325,2,3,False,2,EV2,False
E.1.0.0,53026,PB,Z374020,A617,No Disponible,2024-04-16 12:37:54.816,2024-04-16 12:37:55.426,T,4.586192,-74.095231,2,3,False,2,EV2,True
E.1.0.0,53030,PB,Z374020,A617,No Disponible,2024-04-16 12:38:04.456,2024-04-16 12:38:04.706,T,4.586192,-74.095231,2,3,False,2,EV2,False
E.1.0.0,53036,PB,Z374020,A617,No Disponible,2024-04-16 12:39:14.866,2024-04-16 12:39:15.116,T,4.585967,-74.094811,2,3,False,2,EV2,True
E.1.0.0,53039,PB,Z374020,A617,No Disponible,2024-04-16 12:39:21.766,2024-04-16 12:39:22.056,T,4.585967,-74.094811,2,3,False,2,EV2,False
E.1.0.0,53048,PB,Z374020,A617,No Disponible,2024-04-16 12:41:03.646,2024-04-16 12:41:03.786,T,4.583553,-74.092253,2,3,False,2,EV2,True
E.1.0.0,53050,PB,Z374020,A617,No Disponible,2024-04-16 12:41:12.916,2024-04-16 12:41:12.956,T,4.583553,-74.092253,2,3,False,2,EV2,False
E.1.0.0,53054,PB,Z374020,A617,No Disponible,2024-04-16 12:41:42.556,2024-04-16 12:41:43.036,T,4.582444,-74.090694,2,3,False,2,EV2,True
E.1.0.0,53055,PB,Z374020,A617,No Disponible,2024-04-16 12:41:49.156,2024-04-16 12:41:49.226,T,4.582444,-74.090694,2,3,False,2,EV2,False
E.1.0.0,53065,PB,Z374020,A617,No Disponible,2024-04-16 12:43:30.004,2024-04-16 12:43:30.166,T,4.583992,-74.088403,2,3,False,2,EV2,True
E.1.0.0,53067,PB,Z374020,A617,No Disponible,2024-04-16 12:43:36.756,2024-04-16 12:43:36.866,T,4.583992,-74.088403,2,3,False,2,EV2,False
E.1.0.0,53072,PB,Z374020,A617,No Disponible,2024-04-16 12:44:10.776,2024-04-16 12:44:10.836,T,4.585875,-74.087067,2,3,False,2,EV2,True
E.1.0.0,53073,PB,Z374020,A617,No Disponible,2024-04-16 12:44:19.356,2024-04-16 12:44:19.876,T,4.585875,-74.087067,2,3,False,2,EV2,False
E.1.0.0,53079,PB,Z374020,A617,No Disponible,2024-04-16 12:45:03.616,2024-04-16 12:45:03.766,T,4.588453,-74.085375,2,3,False,2,EV2,True
E.1.0.0,53081,PB,Z374020,A617,No Disponible,2024-04-16 12:45:11.746,2024-04-16 12:45:12.506,T,4.588453,-74.085375,2,3,False,2,EV2,False
E.1.0.0,53085,PB,Z374020,A617,No Disponible,2024-04-16 12:45:55.316,2024-04-16 12:45:55.416,T,4.588864,-74.085086,2,3,False,2,EV2,True
E.1.0.0,53088,PB,Z374020,A617,No Disponible,2024-04-16 12:46:01.606,2024-04-16 12:46:02.126,T,4.588864,-74.085086,2,3,False,2,EV2,False
E.1.0.0,53107,PB,Z374020,A617,No Disponible,2024-04-16 12:49:56.226,2024-04-16 12:49:56.286,T,4.589458,-74.081122,2,3,False,2,EV2,True
E.1.0.0,53110,PB,Z374020,A617,No Disponible,2024-04-16 12:50:10.080,2024-04-16 12:50:10.206,T,4.589458,-74.081122,2,3,False,2,EV2,False
E.1.0.0,53118,PB,Z374020,A617,No Disponible,2024-04-16 12:51:35.956,2024-04-16 12:51:36.596,T,4.589406,-74.080344,2,3,False,2,EV2,True
E.1.0.0,53120,PB,Z374020,A617,No Disponible,2024-04-16 12:51:42.846,2024-04-16 12:51:43.056,T,4.589406,-74.080344,2,3,False,2,EV2,False
E.1.0.0,53144,PB,Z374020,A617,No Disponible,2024-04-16 12:56:20.833,2024-04-16 12:56:20.993,T,4.593969,-74.074850,2,3,False,2,EV2,True
E.1.0.0,53145,PB,Z374020,A617,No Disponible,2024-04-16 12:56:32.163,2024-04-16 12:56:32.203,T,4.593969,-74.074850,2,3,False,2,EV2,False
E.1.0.0,53152,PB,Z374020,A617,No Disponible,2024-04-16 12:57:55.454,2024-04-16 12:57:55.544,T,4.592083,-74.071850,2,3,False,2,EV2,True
E.1.0.0,53156,PB,Z374020,A617,No Disponible,2024-04-16 12:58:08.803,2024-04-16 12:58:09.023,T,4.592083,-74.071850,2,3,False,2,EV2,False
E.1.0.0,53160,PB,Z374020,A617,No Disponible,2024-04-16 12:58:58.733,2024-04-16 12:58:58.774,T,4.592961,-74.069792,2,3,False,2,EV2,True
E.1.0.0,53165,PB,Z374020,A617,No Disponible,2024-04-16 12:59:35.524,2024-04-16 12:59:36.144,T,4.592961,-74.069792,2,3,False,2,EV2,False
E.1.0.0,53171,PB,Z374020,A617,No Disponible,2024-04-16 13:00:39.553,2024-04-16 13:00:39.913,T,4.595708,-74.067553,2,3,False,2,EV2,True
E.1.0.0,53174,PB,Z374020,A617,No Disponible,2024-04-16 13:00:49.983,2024-04-16 13:00:50.154,T,4.595708,-74.067553,2,3,False,2,EV2,False
E.1.0.0,53180,PB,Z374020,A617,No Disponible,2024-04-16 13:01:57.386,2024-04-16 13:02:12.242,T,4.599644,-74.065506,2,3,True,2,EV2,True
E.1.0.0,53184,PB,Z374020,A617,No Disponible,2024-04-16 13:02:04.606,2024-04-16 13:02:13.933,T,4.599644,-74.065506,2,3,True,2,EV2,False
E.1.0.0,53203,PB,Z374020,A617,No Disponible,2024-04-16 13:06:19.576,2024-04-16 13:06:19.626,T,4.603814,-74.064842,2,3,False,2,EV2,True
E.1.0.0,53206,PB,Z374020,A617,No Disponible,2024-04-16 13:06:28.756,2024-04-16 13:06:28.906,T,4.603814,-74.064842,2,3,False,2,EV2,False
E.1.0.0,53211,PB,Z374020,A617,No Disponible,2024-04-16 13:07:01.526,2024-04-16 13:07:01.886,T,4.604961,-74.065914,2,3,False,2,EV2,True
E.1.0.0,53212,PB,Z374020,A617,No Disponible,2024-04-16 13:07:07.936,2024-04-16 13:07:07.976,T,4.604961,-74.065914,2,3,False,2,EV2,False
E.1.0.0,53217,PB,Z374020,A617,No Disponible,2024-04-16 13:07:53.196,2024-04-16 13:07:53.356,T,4.605064,-74.067247,2,3,False,2,EV2,True
E.1.0.0,53220,PB,Z374020,A617,No Disponible,2024-04-16 13:08:00.746,2024-04-16 13:08:01.386,T,4.605064,-74.067247,2,3,False,2,EV2,False
E.1.0.0,53237,PB,Z374020,A617,No Disponible,2024-04-16 13:11:54.786,2024-04-16 13:11:54.966,T,4.606156,-74.072700,2,3,False,2,EV2,True
E.1.0.0,53241,PB,Z374020,A617,No Disponible,2024-04-16 13:12:01.486,2024-04-16 13:12:02.576,T,4.606156,-74.072700,2,3,False,2,EV2,False
E.1.0.0,53323,PB,Z374020,H617,No Disponible,2024-04-16 13:28:48.416,2024-04-16 13:28:48.436,T,4.603608,-74.066833,2,3,False,2,EV2,True
E.1.0.0,53333,PB,Z374020,H617,No Disponible,2024-04-16 13:30:43.896,2024-04-16 13:30:44.326,T,4.603608,-74.066833,2,3,False,2,EV2,False
E.1.0.0,53363,PB,Z374020,H617,No Disponible,2024-04-16 13:37:02.056,2024-04-16 13:37:02.376,T,4.598019,-74.064808,2,3,False,2,EV2,True
E.1.0.0,53369,PB,Z374020,H617,No Disponible,2024-04-16 13:38:18.616,2024-04-16 13:38:18.796,T,4.598019,-74.064808,2,3,False,2,EV2,False
E.1.0.0,53375,PB,Z374020,H617,No Disponible,2024-04-16 13:39:14.546,2024-04-16 13:40:29.296,T,4.595886,-74.066928,2,3,True,2,EV2,True
E.1.0.0,53378,PB,Z374020,H617,No Disponible,2024-04-16 13:39:25.296,2024-04-16 13:40:30.966,T,4.595886,-74.066928,2,3,True,2,EV2,False
E.1.0.0,53384,PB,Z374020,H617,No Disponible,2024-04-16 13:40:37.196,2024-04-16 13:40:37.446,T,4.592861,-74.069933,2,3,False,2,EV2,True
E.1.0.0,53387,PB,Z374020,H617,No Disponible,2024-04-16 13:40:48.116,2024-04-16 13:40:48.416,T,4.592861,-74.069933,2,3,False,2,EV2,False
E.1.0.0,53392,PB,Z374020,H617,No Disponible,2024-04-16 13:41:36.306,2024-04-16 13:41:49.956,T,4.592567,-74.072006,2,3,True,2,EV2,True
E.1.0.0,53394,PB,Z374020,H617,No Disponible,2024-04-16 13:41:59.366,2024-04-16 13:41:59.846,T,4.592567,-74.072006,2,3,False,2,EV2,False
E.1.0.0,53405,PB,Z374020,H617,No Disponible,2024-04-16 13:43:43.306,2024-04-16 13:43:43.526,T,4.592728,-74.074917,2,3,False,2,EV2,True
E.1.0.0,53408,PB,Z374020,H617,No Disponible,2024-04-16 13:44:01.646,2024-04-16 13:44:01.696,T,4.592728,-74.074917,2,3,False,2,EV2,False
E.1.0.0,53437,PB,Z374020,H617,No Disponible,2024-04-16 13:50:05.376,2024-04-16 13:50:05.466,T,4.589069,-74.085178,2,3,False,2,EV2,True
E.1.0.0,53441,PB,Z374020,H617,No Disponible,2024-04-16 13:50:50.266,2024-04-16 13:50:50.406,T,4.589069,-74.085178,2,3,False,2,EV2,False
E.1.0.0,53451,PB,Z374020,H617,No Disponible,2024-04-16 13:52:15.057,2024-04-16 13:52:15.316,T,4.585883,-74.087275,2,3,False,2,EV2,True
E.1.0.0,53457,PB,Z374020,H617,No Disponible,2024-04-16 13:53:14.836,2024-04-16 13:53:15.546,T,4.585883,-74.087275,2,3,False,2,EV2,False
E.1.0.0,53465,PB,Z374020,H617,No Disponible,2024-04-16 13:54:23.276,2024-04-16 13:54:24.506,T,4.583717,-74.088867,2,3,False,2,EV2,True
E.1.0.0,53466,PB,Z374020,H617,No Disponible,2024-04-16 13:54:34.486,2024-04-16 13:54:34.996,T,4.583717,-74.088867,2,3,False,2,EV2,False
E.1.0.0,53482,PB,Z374020,H617,No Disponible,2024-04-16 13:56:09.036,2024-04-16 13:56:09.136,T,4.583086,-74.091458,2,3,False,2,EV2,True
E.1.0.0,53484,PB,Z374020,H617,No Disponible,2024-04-16 13:56:25.476,2024-04-16 13:56:25.566,T,4.583086,-74.091458,2,3,False,2,EV2,False
E.1.0.0,53487,PB,Z374020,H617,No Disponible,2024-04-16 13:56:59.076,2024-04-16 13:56:59.276,T,4.584317,-74.092942,2,3,False,2,EV2,True
E.1.0.0,53491,PB,Z374020,H617,No Disponible,2024-04-16 13:57:10.609,2024-04-16 13:57:10.849,T,4.584317,-74.092942,2,3,False,2,EV2,False
E.1.0.0,53495,PB,Z374020,H617,No Disponible,2024-04-16 13:57:49.609,2024-04-16 13:57:49.909,T,4.585217,-74.093967,2,3,False,2,EV2,True
E.1.0.0,53498,PB,Z374020,H617,No Disponible,2024-04-16 13:58:05.859,2024-04-16 13:58:06.209,T,4.585217,-74.093967,2,3,False,2,EV2,False
E.1.0.0,53513,PB,Z374020,H617,No Disponible,2024-04-16 14:01:01.959,2024-04-16 14:01:02.169,T,4.586961,-74.096375,2,3,False,2,EV2,True
E.1.0.0,53515,PB,Z374020,H617,No Disponible,2024-04-16 14:01:09.579,2024-04-16 14:01:09.690,T,4.586961,-74.096375,2,3,False,2,EV2,False
E.1.0.0,53533,PB,Z374020,H617,No Disponible,2024-04-16 14:04:41.276,2024-04-16 14:04:41.456,T,4.586681,-74.099333,2,3,False,2,EV2,True
E.1.0.0,53536,PB,Z374020,H617,No Disponible,2024-04-16 14:05:01.516,2024-04-16 14:05:01.646,T,4.586681,-74.099333,2,3,False,2,EV2,False
E.1.0.0,53540,PB,Z374020,H617,No Disponible,2024-04-16 14:05:54.446,2024-04-16 14:05:54.546,T,4.585678,-74.101592,2,3,False,2,EV2,True
E.1.0.0,53544,PB,Z374020,H617,No Disponible,2024-04-16 14:06:09.156,2024-04-16 14:06:09.236,T,4.585678,-74.101592,2,3,False,2,EV2,False
E.1.0.0,53550,PB,Z374020,H617,No Disponible,2024-04-16 14:07:16.053,2024-04-16 14:07:16.423,T,4.583739,-74.103628,2,3,False,2,EV2,True
E.1.0.0,53553,PB,Z374020,H617,No Disponible,2024-04-16 14:07:27.603,2024-04-16 14:07:27.633,T,4.583739,-74.103628,2,3,False,2,EV2,False
E.1.0.0,53560,PB,Z374020,H617,No Disponible,2024-04-16 14:08:35.953,2024-04-16 14:08:36.033,T,4.583925,-74.104553,2,3,False,2,EV2,True
E.1.0.0,53564,PB,Z374020,H617,No Disponible,2024-04-16 14:09:08.634,2024-04-16 14:09:08.833,T,4.583925,-74.104553,2,3,False,2,EV2,False
E.1.0.0,53571,PB,Z374020,H617,No Disponible,2024-04-16 14:10:05.553,2024-04-16 14:10:06.013,T,4.585417,-74.105747,2,3,False,2,EV2,True
E.1.0.0,53573,PB,Z374020,H617,No Disponible,2024-04-16 14:10:20.343,2024-04-16 14:10:21.213,T,4.585417,-74.105747,2,3,False,2,EV2,False
E.1.0.0,53589,PB,Z374020,H617,No Disponible,2024-04-16 14:13:49.596,2024-04-16 14:13:49.686,T,4.588922,-74.111169,2,3,False,2,EV2,True
E.1.0.0,53590,PB,Z374020,H617,No Disponible,2024-04-16 14:13:55.596,2024-04-16 14:13:55.776,T,4.588922,-74.111169,2,3,False,2,EV2,False
E.1.0.0,53609,PB,Z374020,H617,No Disponible,2024-04-16 14:17:51.246,2024-04-16 14:17:51.726,T,4.590081,-74.124178,2,3,False,2,EV2,True
E.1.0.0,53613,PB,Z374020,H617,No Disponible,2024-04-16 14:18:11.276,2024-04-16 14:18:11.476,T,4.590081,-74.124178,2,3,False,2,EV2,False
E.1.0.0,53621,PB,Z374020,H617,No Disponible,2024-04-16 14:19:26.096,2024-04-16 14:19:26.456,T,4.592828,-74.126783,2,3,False,2,EV2,True
E.1.0.0,53623,PB,Z374020,H617,No Disponible,2024-04-16 14:19:34.496,2024-04-16 14:19:34.606,T,4.592828,-74.126783,2,3,False,2,EV2,False
E.1.0.0,53631,PB,Z374020,H617,No Disponible,2024-04-16 14:20:59.786,2024-04-16 14:20:59.956,T,4.593867,-74.130094,2,3,False,2,EV2,True
E.1.0.0,53635,PB,Z374020,H617,No Disponible,2024-04-16 14:21:16.426,2024-04-16 14:21:16.636,T,4.593867,-74.130094,2,3,False,2,EV2,False
E.1.0.0,53642,PB,Z374020,H617,No Disponible,2024-04-16 14:22:09.496,2024-04-16 14:22:09.696,T,4.594528,-74.134322,2,3,False,2,EV2,True
E.1.0.0,53645,PB,Z374020,H617,No Disponible,2024-04-16 14:22:26.796,2024-04-16 14:22:26.866,T,4.594528,-74.134322,2,3,False,2,EV2,False
E.1.0.0,53663,PB,Z374020,H617,No Disponible,2024-04-16 14:26:15.706,2024-04-16 14:26:15.726,T,4.594219,-74.134678,2,3,False,2,EV2,True
E.1.0.0,53666,PB,Z374020,H617,No Disponible,2024-04-16 14:26:21.416,2024-04-16 14:26:21.446,T,4.594219,-74.134678,2,3,False,2,EV2,False
E.1.0.0,53667,PB,Z374020,H617,No Disponible,2024-04-16 14:26:25.866,2024-04-16 14:26:26.296,T,4.594219,-74.134678,2,3,False,2,EV2,True
E.1.0.0,53668,PB,Z374020,H617,No Disponible,2024-04-16 14:26:36.356,2024-04-16 14:26:36.506,T,4.594219,-74.134678,2,3,False,2,EV2,False
E.1.0.0,53681,PB,Z374020,H617,No Disponible,2024-04-16 14:28:45.792,2024-04-16 14:28:45.863,T,4.593228,-74.137069,2,3,False,2,EV2,True
E.1.0.0,53684,PB,Z374020,H617,No Disponible,2024-04-16 14:29:05.592,2024-04-16 14:29:05.798,T,4.593228,-74.137069,2,3,False,2,EV2,False
E.1.0.0,53705,PB,Z374020,H617,No Disponible,2024-04-16 14:32:44.666,2024-04-16 14:32:44.826,T,4.591450,-74.138503,2,3,False,2,EV2,True
E.1.0.0,53706,PB,Z374020,H617,No Disponible,2024-04-16 14:32:56.806,2024-04-16 14:32:57.206,T,4.591450,-74.138503,2,3,False,2,EV2,False
E.1.0.0,53718,PB,Z374020,H617,No Disponible,2024-04-16 14:34:47.306,2024-04-16 14:34:47.676,T,4.590519,-74.142725,2,3,False,2,EV2,True
E.1.0.0,53721,PB,Z374020,H617,No Disponible,2024-04-16 14:35:01.706,2024-04-16 14:35:01.736,T,4.590519,-74.142725,2,3,False,2,EV2,False
E.1.0.0,53730,PB,Z374020,H617,No Disponible,2024-04-16 14:36:42.196,2024-04-16 14:36:42.322,T,4.590650,-74.145517,2,3,False,2,EV2,True
E.1.0.0,53731,PB,Z374020,H617,No Disponible,2024-04-16 14:36:50.686,2024-04-16 14:36:50.696,T,4.590650,-74.145517,2,3,False,2,EV2,False
E.1.0.0,53738,PB,Z374020,H617,No Disponible,2024-04-16 14:37:45.626,2024-04-16 14:37:45.706,T,4.589350,-74.146750,2,3,False,2,EV2,True
E.1.0.0,53739,PB,Z374020,H617,No Disponible,2024-04-16 14:37:54.436,2024-04-16 14:37:54.566,T,4.589350,-74.146750,2,3,False,2,EV2,False
E.1.0.0,53745,PB,Z374020,H617,No Disponible,2024-04-16 14:38:46.566,2024-04-16 14:38:46.706,T,4.588386,-74.149039,2,3,False,2,EV2,True
E.1.0.0,53749,PB,Z374020,H617,No Disponible,2024-04-16 14:39:01.298,2024-04-16 14:39:02.516,T,4.588386,-74.149039,2,3,False,2,EV2,False
E.1.0.0,53755,PB,Z374020,H617,No Disponible,2024-04-16 14:40:11.236,2024-04-16 14:40:11.306,T,4.588953,-74.150933,2,3,False,2,EV2,True
E.1.0.0,53758,PB,Z374020,H617,No Disponible,2024-04-16 14:40:20.756,2024-04-16 14:40:20.839,T,4.588953,-74.150933,2,3,False,2,EV2,False
E.1.0.0,53763,PB,Z374020,H617,No Disponible,2024-04-16 14:41:18.526,2024-04-16 14:41:19.136,T,4.589458,-74.152697,2,3,False,2,EV2,True
E.1.0.0,53766,PB,Z374020,H617,No Disponible,2024-04-16 14:41:27.756,2024-04-16 14:41:27.976,T,4.589458,-74.152697,2,3,False,2,EV2,False
E.1.0.0,53775,PB,Z374020,H617,No Disponible,2024-04-16 14:43:02.446,2024-04-16 14:43:02.476,T,4.587742,-74.155533,2,3,False,2,EV2,True
E.1.0.0,53777,PB,Z374020,H617,No Disponible,2024-04-16 14:43:18.246,2024-04-16 14:43:18.636,T,4.587742,-74.155533,2,3,False,2,EV2,False
E.1.0.0,53786,PB,Z374020,H617,No Disponible,2024-04-16 14:44:56.196,2024-04-16 14:44:56.256,T,4.587911,-74.157017,2,3,False,2,EV2,True
E.1.0.0,53789,PB,Z374020,H617,No Disponible,2024-04-16 14:45:04.216,2024-04-16 14:45:04.426,T,4.587911,-74.157017,2,3,False,2,EV2,False
E.1.0.0,53798,PB,Z374020,H617,No Disponible,2024-04-16 14:46:41.486,2024-04-16 14:46:41.506,T,4.591458,-74.160008,2,3,False,2,EV2,True
E.1.0.0,53799,PB,Z374020,H617,No Disponible,2024-04-16 14:46:47.886,2024-04-16 14:46:47.976,T,4.591458,-74.160008,2,3,False,2,EV2,False
E.1.0.0,53825,PB,Z374020,H617,No Disponible,2024-04-16 14:51:41.426,2024-04-16 14:51:41.586,T,4.589153,-74.162758,2,3,False,2,EV2,True
E.1.0.0,53827,PB,Z374020,H617,No Disponible,2024-04-16 14:51:51.366,2024-04-16 14:52:01.226,T,4.589153,-74.162758,2,3,True,2,EV2,False
E.1.0.0,53851,PB,Z374020,H617,No Disponible,2024-04-16 14:56:47.126,2024-04-16 14:56:47.146,T,4.588444,-74.165028,2,3,False,2,EV2,True
E.1.0.0,53853,PB,Z374020,H617,No Disponible,2024-04-16 14:56:54.396,2024-04-16 14:56:54.875,T,4.588444,-74.165028,2,3,False,2,EV2,False
E.1.0.0,53863,PB,Z374020,H617,No Disponible,2024-04-16 14:58:27.256,2024-04-16 14:58:27.656,T,4.589253,-74.167289,2,3,False,2,EV2,True
E.1.0.0,53865,PB,Z374020,H617,No Disponible,2024-04-16 14:58:48.536,2024-04-16 14:58:49.066,T,4.589253,-74.167289,2,3,False,2,EV2,False
E.1.0.0,53878,PB,Z374020,H617,No Disponible,2024-04-16 15:01:19.886,2024-04-16 15:01:19.956,T,4.590236,-74.173036,2,3,False,2,EV2,True
E.1.0.0,53880,PB,Z374020,H617,No Disponible,2024-04-16 15:01:26.116,2024-04-16 15:01:26.376,T,4.590236,-74.173036,2,3,False,2,EV2,False
E.1.0.0,53887,PB,Z374020,H617,No Disponible,2024-04-16 15:02:38.636,2024-04-16 15:02:38.716,T,4.591950,-74.173206,2,3,False,2,EV2,True
E.1.0.0,53889,PB,Z374020,H617,No Disponible,2024-04-16 15:02:45.336,2024-04-16 15:02:45.526,T,4.591950,-74.173206,2,3,False,2,EV2,False
E.1.0.0,53896,PB,Z374020,H617,No Disponible,2024-04-16 15:03:45.986,2024-04-16 15:03:46.386,T,4.592192,-74.175328,2,3,False,2,EV2,True
E.1.0.0,53897,PB,Z374020,H617,No Disponible,2024-04-16 15:03:58.746,2024-04-16 15:03:58.756,T,4.592192,-74.175328,2,3,False,2,EV2,False
E.1.0.0,53910,PB,Z374020,H617,No Disponible,2024-04-16 15:06:12.116,2024-04-16 15:06:14.916,T,4.594719,-74.176625,2,3,False,2,EV2,True
E.1.0.0,53911,PB,Z374020,H617,No Disponible,2024-04-16 15:06:18.256,2024-04-16 15:06:19.696,T,4.594719,-74.176625,2,3,False,2,EV2,False
E.1.0.0,53923,PB,Z374020,H617,No Disponible,2024-04-16 15:08:36.076,2024-04-16 15:08:36.746,T,4.592525,-74.180100,2,3,False,2,EV2,True
E.1.0.0,53926,PB,Z374020,H617,No Disponible,2024-04-16 15:08:42.426,2024-04-16 15:08:43.416,T,4.592525,-74.180100,2,3,False,2,EV2,False
E.1.0.0,54041,PB,Z374020,A617,No Disponible,2024-04-16 15:33:15.335,2024-04-16 15:33:15.505,T,4.594653,-74.176692,2,3,False,2,EV2,True
E.1.0.0,54044,PB,Z374020,A617,No Disponible,2024-04-16 15:33:22.395,2024-04-16 15:33:22.575,T,4.594653,-74.176692,2,3,False,2,EV2,False
E.1.0.0,54055,PB,Z374020,A617,No Disponible,2024-04-16 15:35:32.944,2024-04-16 15:35:32.974,T,4.591925,-74.173494,2,3,False,2,EV2,True
E.1.0.0,54056,PB,Z374020,A617,No Disponible,2024-04-16 15:35:39.754,2024-04-16 15:35:39.904,T,4.591925,-74.173494,2,3,False,2,EV2,False
E.1.0.0,54063,PB,Z374020,A617,No Disponible,2024-04-16 15:36:34.044,2024-04-16 15:36:34.164,T,4.590958,-74.172650,2,3,False,2,EV2,True
E.1.0.0,54065,PB,Z374020,A617,No Disponible,2024-04-16 15:36:45.444,2024-04-16 15:36:45.684,T,4.590958,-74.172650,2,3,False,2,EV2,False
E.1.0.0,54091,PB,Z374020,A617,No Disponible,2024-04-16 15:41:21.836,2024-04-16 15:41:22.256,T,4.589192,-74.167372,2,3,False,2,EV2,True
E.1.0.0,54092,PB,Z374020,A617,No Disponible,2024-04-16 15:41:28.776,2024-04-16 15:41:29.246,T,4.589192,-74.167372,2,3,False,2,EV2,False
E.1.0.0,54104,PB,Z374020,A617,No Disponible,2024-04-16 15:43:20.196,2024-04-16 15:43:21.856,T,4.587436,-74.166364,2,3,False,2,EV2,True
E.1.0.0,54105,PB,Z374020,A617,No Disponible,2024-04-16 15:43:38.116,2024-04-16 15:43:38.416,T,4.587436,-74.166364,2,3,False,2,EV2,False
E.1.0.0,54116,PB,Z374020,A617,No Disponible,2024-04-16 15:45:38.726,2024-04-16 15:45:39.226,T,4.589275,-74.162142,2,3,False,2,EV2,True
E.1.0.0,54119,PB,Z374020,A617,No Disponible,2024-04-16 15:45:47.606,2024-04-16 15:45:48.046,T,4.589275,-74.162142,2,3,False,2,EV2,False
E.1.0.0,54152,PB,Z374020,A617,No Disponible,2024-04-16 15:52:17.666,2024-04-16 15:52:17.926,T,4.587675,-74.155489,2,3,False,2,EV2,True
E.1.0.0,54155,PB,Z374020,A617,No Disponible,2024-04-16 15:52:33.456,2024-04-16 15:52:33.536,T,4.587675,-74.155489,2,3,False,2,EV2,False
E.1.0.0,54162,PB,Z374020,A617,No Disponible,2024-04-16 15:53:58.726,2024-04-16 15:53:59.206,T,4.588758,-74.153567,2,3,False,2,EV2,True
E.1.0.0,54166,PB,Z374020,A617,No Disponible,2024-04-16 15:54:18.936,2024-04-16 15:54:19.076,T,4.588758,-74.153567,2,3,False,2,EV2,False
E.1.0.0,54170,PB,Z374020,A617,No Disponible,2024-04-16 15:54:59.006,2024-04-16 15:54:59.096,T,4.589447,-74.152642,2,3,False,2,EV2,True
E.1.0.0,54174,PB,Z374020,A617,No Disponible,2024-04-16 15:55:11.276,2024-04-16 15:55:11.396,T,4.589447,-74.152642,2,3,False,2,EV2,False
E.1.0.0,54176,PB,Z374020,A617,No Disponible,2024-04-16 15:55:21.126,2024-04-16 15:55:21.336,T,4.589447,-74.152642,2,3,False,2,EV2,True
E.1.0.0,54177,PB,Z374020,A617,No Disponible,2024-04-16 15:55:27.036,2024-04-16 15:55:27.516,T,4.589447,-74.152642,2,3,False,2,EV2,False
E.1.0.0,54187,PB,Z374020,A617,No Disponible,2024-04-16 15:57:17.646,2024-04-16 15:57:18.126,T,4.588431,-74.148908,2,3,False,2,EV2,True
E.1.0.0,54189,PB,Z374020,A617,No Disponible,2024-04-16 15:57:24.046,2024-04-16 15:57:24.306,T,4.588431,-74.148908,2,3,False,2,EV2,False
E.1.0.0,54196,PB,Z374020,A617,No Disponible,2024-04-16 15:58:43.446,2024-04-16 15:58:43.536,T,4.589569,-74.146233,2,3,False,2,EV2,True
E.1.0.0,54198,PB,Z374020,A617,No Disponible,2024-04-16 15:58:50.966,2024-04-16 15:58:51.316,T,4.589569,-74.146233,2,3,False,2,EV2,False
E.1.0.0,54225,PB,Z374020,A617,No Disponible,2024-04-16 16:03:58.013,2024-04-16 16:03:58.033,T,4.588364,-74.144061,2,3,False,2,EV2,True
E.1.0.0,54228,PB,Z374020,A617,No Disponible,2024-04-16 16:04:05.663,2024-04-16 16:04:05.903,T,4.588364,-74.144061,2,3,False,2,EV2,False
E.1.0.0,54246,PB,Z374020,A617,No Disponible,2024-04-16 16:07:28.842,2024-04-16 16:07:29.042,T,4.590811,-74.139336,2,3,False,2,EV2,True
E.1.0.0,54248,PB,Z374020,A617,No Disponible,2024-04-16 16:07:44.332,2024-04-16 16:07:44.532,T,4.590811,-74.139336,2,3,False,2,EV2,False
E.1.0.0,54269,PB,Z374020,A617,No Disponible,2024-04-16 16:11:57.646,2024-04-16 16:11:58.306,T,4.594303,-74.135086,2,3,False,2,EV2,True
E.1.0.0,54272,PB,Z374020,A617,No Disponible,2024-04-16 16:12:04.496,2024-04-16 16:12:04.786,T,4.594303,-74.135086,2,3,False,2,EV2,False
E.1.0.0,54279,PB,Z374020,A617,No Disponible,2024-04-16 16:13:39.996,2024-04-16 16:13:40.686,T,4.592700,-74.128467,2,3,False,2,EV2,True
E.1.0.0,54282,PB,Z374020,A617,No Disponible,2024-04-16 16:13:54.596,2024-04-16 16:13:54.876,T,4.592700,-74.128467,2,3,False,2,EV2,False
E.1.0.0,54291,PB,Z374020,A617,No Disponible,2024-04-16 16:15:08.474,2024-04-16 16:15:09.264,T,4.590053,-74.124856,2,3,False,2,EV2,True
E.1.0.0,54294,PB,Z374020,A617,No Disponible,2024-04-16 16:15:55.414,2024-04-16 16:15:55.854,T,4.590053,-74.124856,2,3,False,2,EV2,False
E.1.0.0,54300,PB,Z374020,A617,No Disponible,2024-04-16 16:16:58.554,2024-04-16 16:17:06.420,T,4.589189,-74.120203,2,3,True,2,EV2,True
E.1.0.0,54304,PB,Z374020,A617,No Disponible,2024-04-16 16:17:07.095,2024-04-16 16:17:07.354,T,4.589189,-74.120203,2,3,False,2,EV2,False
E.1.0.0,54312,PB,Z374020,A617,No Disponible,2024-04-16 16:18:28.624,2024-04-16 16:18:28.644,T,4.588356,-74.116344,2,3,False,2,EV2,True
E.1.0.0,54314,PB,Z374020,A617,No Disponible,2024-04-16 16:18:40.244,2024-04-16 16:18:40.714,T,4.588356,-74.116344,2,3,False,2,EV2,False
E.1.0.0,54325,PB,Z374020,A617,No Disponible,2024-04-16 16:20:42.336,2024-04-16 16:20:42.426,T,4.588669,-74.112389,2,3,False,2,EV2,True
E.1.0.0,54327,PB,Z374020,A617,No Disponible,2024-04-16 16:20:52.316,2024-04-16 16:20:52.746,T,4.588669,-74.112389,2,3,False,2,EV2,False
E.1.0.0,54337,PB,Z374020,A617,No Disponible,2024-04-16 16:22:31.156,2024-04-16 16:22:31.396,T,4.588847,-74.108753,2,3,False,2,EV2,True
E.1.0.0,54338,PB,Z374020,A617,No Disponible,2024-04-16 16:22:38.736,2024-04-16 16:22:39.086,T,4.588847,-74.108753,2,3,False,2,EV2,False
E.1.0.0,54343,PB,Z374020,A617,No Disponible,2024-04-16 16:23:18.266,2024-04-16 16:23:18.326,T,4.587286,-74.107531,2,3,False,2,EV2,True
E.1.0.0,54346,PB,Z374020,A617,No Disponible,2024-04-16 16:23:28.976,2024-04-16 16:23:29.136,T,4.587286,-74.107531,2,3,False,2,EV2,False
E.1.0.0,54353,PB,Z374020,A617,No Disponible,2024-04-16 16:24:54.026,2024-04-16 16:24:54.256,T,4.585167,-74.105858,2,3,False,2,EV2,True
E.1.0.0,54357,PB,Z374020,A617,No Disponible,2024-04-16 16:25:00.816,2024-04-16 16:25:02.614,T,4.585167,-74.105858,2,3,False,2,EV2,False
E.1.0.0,54374,PB,Z374020,A617,No Disponible,2024-04-16 16:28:29.266,2024-04-16 16:28:30.116,T,4.584533,-74.103944,2,3,False,2,EV2,True
E.1.0.0,54375,PB,Z374020,A617,No Disponible,2024-04-16 16:28:39.126,2024-04-16 16:28:39.246,T,4.584533,-74.103944,2,3,False,2,EV2,False
E.1.0.0,54377,PB,Z374020,A617,No Disponible,2024-04-16 16:28:44.496,2024-04-16 16:28:44.707,T,4.584533,-74.103944,2,3,False,2,EV2,True
E.1.0.0,54378,PB,Z374020,A617,No Disponible,2024-04-16 16:28:53.466,2024-04-16 16:28:53.876,T,4.584533,-74.103944,2,3,False,2,EV2,False
E.1.0.0,54392,PB,Z374020,A617,No Disponible,2024-04-16 16:31:03.549,2024-04-16 16:31:04.089,T,4.584525,-74.101725,2,3,False,2,EV2,True
E.1.0.0,54394,PB,Z374020,A617,No Disponible,2024-04-16 16:31:36.199,2024-04-16 16:31:36.550,T,4.584525,-74.101725,2,3,False,2,EV2,False
E.1.0.0,54404,PB,Z374020,A617,No Disponible,2024-04-16 16:33:17.949,2024-04-16 16:33:17.970,T,4.585269,-74.100908,2,3,False,2,EV2,True
E.1.0.0,54407,PB,Z374020,A617,No Disponible,2024-04-16 16:33:33.819,2024-04-16 16:33:33.869,T,4.585269,-74.100908,2,3,False,2,EV2,False
E.1.0.0,54414,PB,Z374020,A617,No Disponible,2024-04-16 16:34:21.769,2024-04-16 16:34:22.509,T,4.586661,-74.099342,2,3,False,2,EV2,True
E.1.0.0,54415,PB,Z374020,A617,No Disponible,2024-04-16 16:34:35.839,2024-04-16 16:34:36.439,T,4.586661,-74.099342,2,3,False,2,EV2,False
E.1.0.0,54416,PB,Z374020,A617,No Disponible,2024-04-16 16:34:38.130,2024-04-16 16:34:38.389,T,4.586661,-74.099342,2,3,False,2,EV2,True
E.1.0.0,54418,PB,Z374020,A617,No Disponible,2024-04-16 16:34:45.875,2024-04-16 16:34:46.124,T,4.586661,-74.099342,2,3,False,2,EV2,False
E.1.0.0,54434,PB,Z374020,A617,No Disponible,2024-04-16 16:37:48.514,2024-04-16 16:37:48.724,T,4.586228,-74.095333,2,3,False,2,EV2,True
E.1.0.0,54435,PB,Z374020,A617,No Disponible,2024-04-16 16:37:57.334,2024-04-16 16:37:57.634,T,4.586228,-74.095333,2,3,False,2,EV2,False
E.1.0.0,54438,PB,Z374020,A617,No Disponible,2024-04-16 16:38:07.345,2024-04-16 16:38:07.364,T,4.586122,-74.095139,2,3,False,2,EV2,True
E.1.0.0,54441,PB,Z374020,A617,No Disponible,2024-04-16 16:38:20.755,2024-04-16 16:38:20.955,T,4.586122,-74.095139,2,3,False,2,EV2,False
E.1.0.0,54456,PB,Z374020,A617,No Disponible,2024-04-16 16:41:23.026,2024-04-16 16:41:23.106,T,4.584817,-74.093728,2,3,False,2,EV2,True
E.1.0.0,54458,PB,Z374020,A617,No Disponible,2024-04-16 16:41:31.276,2024-04-16 16:41:31.336,T,4.584817,-74.093728,2,3,False,2,EV2,False
E.1.0.0,54464,PB,Z374020,A617,No Disponible,2024-04-16 16:42:20.256,2024-04-16 16:42:20.506,T,4.582428,-74.090722,2,3,False,2,EV2,True
E.1.0.0,54465,PB,Z374020,A617,No Disponible,2024-04-16 16:42:26.296,2024-04-16 16:42:26.566,T,4.582428,-74.090722,2,3,False,2,EV2,False
E.1.0.0,54473,PB,Z374020,A617,No Disponible,2024-04-16 16:43:47.596,2024-04-16 16:43:47.736,T,4.584006,-74.088411,2,3,False,2,EV2,True
E.1.0.0,54474,PB,Z374020,A617,No Disponible,2024-04-16 16:43:59.286,2024-04-16 16:43:59.366,T,4.584006,-74.088411,2,3,False,2,EV2,False
E.1.0.0,54481,PB,Z374020,A617,No Disponible,2024-04-16 16:44:45.096,2024-04-16 16:44:45.216,T,4.585936,-74.087025,2,3,False,2,EV2,True
E.1.0.0,54482,PB,Z374020,A617,No Disponible,2024-04-16 16:44:55.216,2024-04-16 16:44:55.706,T,4.585936,-74.087025,2,3,False,2,EV2,False
E.1.0.0,54501,PB,Z374020,A617,No Disponible,2024-04-16 16:48:28.146,2024-04-16 16:48:28.416,T,4.589414,-74.081078,2,3,False,2,EV2,True
E.1.0.0,54503,PB,Z374020,A617,No Disponible,2024-04-16 16:48:36.326,2024-04-16 16:48:36.756,T,4.589414,-74.081078,2,3,False,2,EV2,False
E.1.0.0,54523,PB,Z374020,A617,No Disponible,2024-04-16 16:52:34.826,2024-04-16 16:52:34.945,T,4.590150,-74.079928,2,3,False,2,EV2,True
E.1.0.0,54525,PB,Z374020,A617,No Disponible,2024-04-16 16:52:40.816,2024-04-16 16:52:41.076,T,4.590150,-74.079928,2,3,False,2,EV2,False
E.1.0.0,54542,PB,Z374020,A617,No Disponible,2024-04-16 16:55:37.886,2024-04-16 16:55:37.916,T,4.592142,-74.076358,2,3,False,2,EV2,True
E.1.0.0,54545,PB,Z374020,A617,No Disponible,2024-04-16 16:55:45.816,2024-04-16 16:55:45.886,T,4.592142,-74.076358,2,3,False,2,EV2,False
E.1.0.0,54558,PB,Z374020,A617,No Disponible,2024-04-16 16:58:08.806,2024-04-16 16:58:09.226,T,4.592086,-74.071889,2,3,False,2,EV2,True
E.1.0.0,54561,PB,Z374020,A617,No Disponible,2024-04-16 16:58:21.956,2024-04-16 16:58:22.066,T,4.592086,-74.071889,2,3,False,2,EV2,False
E.1.0.0,54571,PB,Z374020,A617,No Disponible,2024-04-16 17:00:01.676,2024-04-16 17:00:01.986,T,4.592828,-74.069875,2,3,False,2,EV2,True
E.1.0.0,54572,PB,Z374020,A617,No Disponible,2024-04-16 17:00:08.576,2024-04-16 17:00:08.986,T,4.592828,-74.069875,2,3,False,2,EV2,False
E.1.0.0,54581,PB,Z374020,A617,No Disponible,2024-04-16 17:01:29.373,2024-04-16 17:01:30.422,T,4.595653,-74.067522,2,3,False,2,EV2,True
E.1.0.0,54583,PB,Z374020,A617,No Disponible,2024-04-16 17:01:40.323,2024-04-16 17:01:40.835,T,4.595653,-74.067522,2,3,False,2,EV2,False
E.1.0.0,54590,PB,Z374020,A617,No Disponible,2024-04-16 17:02:43.863,2024-04-16 17:02:44.033,T,4.599661,-74.065517,2,3,False,2,EV2,True
E.1.0.0,54592,PB,Z374020,A617,No Disponible,2024-04-16 17:02:50.873,2024-04-16 17:02:51.053,T,4.599661,-74.065517,2,3,False,2,EV2,False
E.1.0.0,54613,PB,Z374020,A617,No Disponible,2024-04-16 17:07:14.900,2024-04-16 17:07:15.430,T,4.604956,-74.065861,2,3,False,2,EV2,True
E.1.0.0,54616,PB,Z374020,A617,No Disponible,2024-04-16 17:07:21.320,2024-04-16 17:07:21.360,T,4.604956,-74.065861,2,3,False,2,EV2,False
E.1.0.0,54642,PB,Z374020,A617,No Disponible,2024-04-16 17:12:57.506,2024-04-16 17:12:58.876,T,4.606253,-74.072753,2,3,False,2,EV2,True
E.1.0.0,54645,PB,Z374020,A617,No Disponible,2024-04-16 17:13:03.036,2024-04-16 17:13:03.306,T,4.606253,-74.072753,2,3,False,2,EV2,False
E.1.0.0,54690,PB,Z374020,H617,No Disponible,2024-04-16 17:22:59.258,2024-04-16 17:22:59.365,T,4.604136,-74.069703,2,3,False,2,EV2,True
E.1.0.0,54694,PB,Z374020,H617,No Disponible,2024-04-16 17:23:08.175,2024-04-16 17:23:08.295,T,4.604136,-74.069703,2,3,False,2,EV2,False
E.1.0.0,54721,PB,Z374020,H617,No Disponible,2024-04-16 17:28:30.206,2024-04-16 17:28:30.656,T,4.603417,-74.065592,2,3,False,2,EV2,True
E.1.0.0,54722,PB,Z374020,H617,No Disponible,2024-04-16 17:28:36.826,2024-04-16 17:28:37.256,T,4.603417,-74.065592,2,3,False,2,EV2,False
E.1.0.0,54735,PB,Z374020,H617,No Disponible,2024-04-16 17:30:47.418,2024-04-16 17:30:47.617,T,4.603019,-74.061844,2,3,False,2,EV2,True
E.1.0.0,54738,PB,Z374020,H617,No Disponible,2024-04-16 17:31:01.728,2024-04-16 17:31:01.987,T,4.603019,-74.061844,2,3,False,2,EV2,False
E.1.0.0,54767,PB,Z374020,H617,No Disponible,2024-04-16 17:37:04.930,2024-04-16 17:37:05.420,T,4.592958,-74.069917,2,3,False,2,EV2,True
E.1.0.0,54768,PB,Z374020,H617,No Disponible,2024-04-16 17:37:11.750,2024-04-16 17:37:11.930,T,4.592958,-74.069917,2,3,False,2,EV2,False
E.1.0.0,54787,PB,Z374020,H617,No Disponible,2024-04-16 17:40:59.256,2024-04-16 17:40:59.786,T,4.592758,-74.074903,2,3,False,2,EV2,True
E.1.0.0,54791,PB,Z374020,H617,No Disponible,2024-04-16 17:41:38.316,2024-04-16 17:41:38.426,T,4.592758,-74.074903,2,3,False,2,EV2,False
E.1.0.0,54816,PB,Z374020,H617,No Disponible,2024-04-16 17:46:36.386,2024-04-16 17:46:36.546,T,4.593628,-74.080919,2,3,False,2,EV2,True
E.1.0.0,54819,PB,Z374020,H617,No Disponible,2024-04-16 17:46:44.466,2024-04-16 17:46:44.576,T,4.593628,-74.080919,2,3,False,2,EV2,False
E.1.0.0,54845,PB,Z374020,H617,No Disponible,2024-04-16 17:51:54.466,2024-04-16 17:51:54.826,T,4.585883,-74.087347,2,3,False,2,EV2,True
E.1.0.0,54848,PB,Z374020,H617,No Disponible,2024-04-16 17:52:11.316,2024-04-16 17:52:11.436,T,4.585883,-74.087347,2,3,False,2,EV2,False
E.1.0.0,54855,PB,Z374020,H617,No Disponible,2024-04-16 17:53:08.286,2024-04-16 17:53:08.316,T,4.583625,-74.088969,2,3,False,2,EV2,True
E.1.0.0,54857,PB,Z374020,H617,No Disponible,2024-04-16 17:53:20.736,2024-04-16 17:53:20.796,T,4.583625,-74.088969,2,3,False,2,EV2,False
E.1.0.0,54868,PB,Z374020,H617,No Disponible,2024-04-16 17:55:39.476,2024-04-16 17:55:39.516,T,4.585319,-74.094039,2,3,False,2,EV2,True
E.1.0.0,54870,PB,Z374020,H617,No Disponible,2024-04-16 17:55:47.076,2024-04-16 17:55:47.746,T,4.585319,-74.094039,2,3,False,2,EV2,False
E.1.0.0,54887,PB,Z374020,H617,No Disponible,2024-04-16 17:59:06.383,2024-04-16 17:59:06.702,T,4.586961,-74.096333,2,3,False,2,EV2,True
E.1.0.0,54888,PB,Z374020,H617,No Disponible,2024-04-16 17:59:13.423,2024-04-16 17:59:13.493,T,4.586961,-74.096333,2,3,False,2,EV2,False
E.1.0.0,54901,PB,Z374020,H617,No Disponible,2024-04-16 18:01:34.156,2024-04-16 18:01:34.336,T,4.586686,-74.099317,2,3,False,2,EV2,True
E.1.0.0,54906,PB,Z374020,H617,No Disponible,2024-04-16 18:02:18.286,2024-04-16 18:02:18.726,T,4.586686,-74.099317,2,3,False,2,EV2,False
E.1.0.0,54918,PB,Z374020,H617,No Disponible,2024-04-16 18:04:23.076,2024-04-16 18:04:23.166,T,4.585783,-74.101514,2,3,False,2,EV2,True
E.1.0.0,54920,PB,Z374020,H617,No Disponible,2024-04-16 18:04:36.606,2024-04-16 18:04:37.036,T,4.585783,-74.101514,2,3,False,2,EV2,False
E.1.0.0,54931,PB,Z374020,H617,No Disponible,2024-04-16 18:06:29.796,2024-04-16 18:06:29.906,T,4.583775,-74.103633,2,3,False,2,EV2,True
E.1.0.0,54933,PB,Z374020,H617,No Disponible,2024-04-16 18:06:49.856,2024-04-16 18:06:49.976,T,4.583775,-74.103633,2,3,False,2,EV2,False
E.1.0.0,54945,PB,Z374020,H617,No Disponible,2024-04-16 18:08:48.516,2024-04-16 18:08:48.756,T,4.583808,-74.104481,2,3,False,2,EV2,True
E.1.0.0,54948,PB,Z374020,H617,No Disponible,2024-04-16 18:09:07.786,2024-04-16 18:09:07.826,T,4.583808,-74.104481,2,3,False,2,EV2,False
E.1.0.0,54965,PB,Z374020,H617,No Disponible,2024-04-16 18:12:09.016,2024-04-16 18:12:09.206,T,4.587269,-74.107150,2,3,False,2,EV2,True
E.1.0.0,54967,PB,Z374020,H617,No Disponible,2024-04-16 18:12:30.256,2024-04-16 18:12:30.306,T,4.587269,-74.107150,2,3,False,2,EV2,False
E.1.0.0,54990,PB,Z374020,H617,No Disponible,2024-04-16 18:17:11.446,2024-04-16 18:17:11.936,T,4.588919,-74.111119,2,3,False,2,EV2,True
E.1.0.0,54991,PB,Z374020,H617,No Disponible,2024-04-16 18:17:18.396,2024-04-16 18:17:18.406,T,4.588919,-74.111119,2,3,False,2,EV2,False
E.1.0.0,55022,PB,Z374020,H617,No Disponible,2024-04-16 18:23:04.016,2024-04-16 18:23:04.206,T,4.590069,-74.124200,2,3,False,2,EV2,True
E.1.0.0,55025,PB,Z374020,H617,No Disponible,2024-04-16 18:23:29.396,2024-04-16 18:23:30.036,T,4.590069,-74.124200,2,3,False,2,EV2,False
E.1.0.0,55028,PB,Z374020,H617,No Disponible,2024-04-16 18:23:43.176,2024-04-16 18:23:43.206,T,4.590069,-74.124200,2,3,False,2,EV2,True
E.1.0.0,55029,PB,Z374020,H617,No Disponible,2024-04-16 18:23:49.936,2024-04-16 18:23:49.996,T,4.590069,-74.124200,2,3,False,2,EV2,False
E.1.0.0,55038,PB,Z374020,H617,No Disponible,2024-04-16 18:25:02.266,2024-04-16 18:25:02.426,T,4.592619,-74.126794,2,3,False,2,EV2,True
E.1.0.0,55039,PB,Z374020,H617,No Disponible,2024-04-16 18:25:18.526,2024-04-16 18:25:18.776,T,4.592619,-74.126794,2,3,False,2,EV2,False
E.1.0.0,55048,PB,Z374020,H617,No Disponible,2024-04-16 18:26:53.116,2024-04-16 18:26:53.296,T,4.593836,-74.130019,2,3,False,2,EV2,True
E.1.0.0,55052,PB,Z374020,H617,No Disponible,2024-04-16 18:27:06.756,2024-04-16 18:27:07.256,T,4.593836,-74.130019,2,3,False,2,EV2,False
E.1.0.0,55058,PB,Z374020,H617,No Disponible,2024-04-16 18:28:12.796,2024-04-16 18:28:13.046,T,4.594461,-74.134078,2,3,False,2,EV2,True
E.1.0.0,55062,PB,Z374020,H617,No Disponible,2024-04-16 18:28:52.596,2024-04-16 18:28:52.696,T,4.594461,-74.134078,2,3,False,2,EV2,False
E.1.0.0,55076,PB,Z374020,H617,No Disponible,2024-04-16 18:31:15.776,2024-04-16 18:31:16.006,T,4.594183,-74.134639,2,3,False,2,EV2,True
E.1.0.0,55078,PB,Z374020,H617,No Disponible,2024-04-16 18:31:26.416,2024-04-16 18:31:26.926,T,4.594183,-74.134639,2,3,False,2,EV2,False
E.1.0.0,55100,PB,Z374020,H617,No Disponible,2024-04-16 18:35:58.616,2024-04-16 18:35:59.676,T,4.592242,-74.138369,2,3,False,2,EV2,True
E.1.0.0,55104,PB,Z374020,H617,No Disponible,2024-04-16 18:36:19.026,2024-04-16 18:36:19.076,T,4.592242,-74.138369,2,3,False,2,EV2,False
E.1.0.0,55113,PB,Z374020,H617,No Disponible,2024-04-16 18:37:42.296,2024-04-16 18:37:42.586,T,4.591500,-74.138542,2,3,False,2,EV2,True
E.1.0.0,55116,PB,Z374020,H617,No Disponible,2024-04-16 18:38:13.506,2024-04-16 18:38:14.156,T,4.591500,-74.138542,2,3,False,2,EV2,False
E.1.0.0,55129,PB,Z374020,H617,No Disponible,2024-04-16 18:40:40.016,2024-04-16 18:40:40.246,T,4.590550,-74.142744,2,3,False,2,EV2,True
E.1.0.0,55135,PB,Z374020,H617,No Disponible,2024-04-16 18:41:21.046,2024-04-16 18:41:21.826,T,4.590550,-74.142744,2,3,False,2,EV2,False
E.1.0.0,55143,PB,Z374020,H617,No Disponible,2024-04-16 18:42:48.906,2024-04-16 18:42:49.036,T,4.590414,-74.145497,2,3,False,2,EV2,True
E.1.0.0,55144,PB,Z374020,H617,No Disponible,2024-04-16 18:42:59.136,2024-04-16 18:42:59.676,T,4.590414,-74.145497,2,3,False,2,EV2,False
E.1.0.0,55153,PB,Z374020,H617,No Disponible,2024-04-16 18:44:02.866,2024-04-16 18:44:03.712,T,4.589339,-74.146717,2,3,False,2,EV2,True
E.1.0.0,55155,PB,Z374020,H617,No Disponible,2024-04-16 18:44:28.116,2024-04-16 18:44:28.146,T,4.589339,-74.146717,2,3,False,2,EV2,False
E.1.0.0,55163,PB,Z374020,H617,No Disponible,2024-04-16 18:45:50.866,2024-04-16 18:45:51.623,T,4.588386,-74.149044,2,3,False,2,EV2,True
E.1.0.0,55167,PB,Z374020,H617,No Disponible,2024-04-16 18:46:28.236,2024-04-16 18:46:28.406,T,4.588386,-74.149044,2,3,False,2,EV2,False
E.1.0.0,55182,PB,Z374020,H617,No Disponible,2024-04-16 18:49:21.284,2024-04-16 18:49:21.504,T,4.589511,-74.152586,2,3,False,2,EV2,True
E.1.0.0,55184,PB,Z374020,H617,No Disponible,2024-04-16 18:49:36.764,2024-04-16 18:49:37.184,T,4.589511,-74.152586,2,3,False,2,EV2,False
E.1.0.0,55186,PB,Z374020,H617,No Disponible,2024-04-16 18:49:46.634,2024-04-16 18:49:46.806,T,4.589511,-74.152586,2,3,False,2,EV2,True
E.1.0.0,55190,PB,Z374020,H617,No Disponible,2024-04-16 18:50:16.794,2024-04-16 18:50:16.974,T,4.589511,-74.152586,2,3,False,2,EV2,False
E.1.0.0,55200,PB,Z374020,H617,No Disponible,2024-04-16 18:51:58.404,2024-04-16 18:51:58.804,T,4.588769,-74.153586,2,3,False,2,EV2,True
E.1.0.0,55204,PB,Z374020,H617,No Disponible,2024-04-16 18:52:27.076,2024-04-16 18:52:27.236,T,4.588769,-74.153586,2,3,False,2,EV2,False
E.1.0.0,55212,PB,Z374020,H617,No Disponible,2024-04-16 18:53:53.936,2024-04-16 18:53:54.426,T,4.587758,-74.155453,2,3,False,2,EV2,True
E.1.0.0,55215,PB,Z374020,H617,No Disponible,2024-04-16 18:54:10.656,2024-04-16 18:54:11.586,T,4.587758,-74.155453,2,3,False,2,EV2,False
E.1.0.0,55232,PB,Z374020,H617,No Disponible,2024-04-16 18:57:08.376,2024-04-16 18:57:08.416,T,4.587919,-74.157003,2,3,False,2,EV2,True
E.1.0.0,55234,PB,Z374020,H617,No Disponible,2024-04-16 18:57:21.756,2024-04-16 18:57:22.226,T,4.587919,-74.157003,2,3,False,2,EV2,False
E.1.0.0,55235,PB,Z374020,H617,No Disponible,2024-04-16 18:57:27.016,2024-04-16 18:57:27.086,T,4.587919,-74.157003,2,3,False,2,EV2,True
E.1.0.0,55236,PB,Z374020,H617,No Disponible,2024-04-16 18:57:37.506,2024-04-16 18:57:37.706,T,4.587919,-74.157003,2,3,False,2,EV2,False
E.1.0.0,55242,PB,Z374020,H617,No Disponible,2024-04-16 18:58:12.446,2024-04-16 18:58:12.876,T,4.589986,-74.157453,2,3,False,2,EV2,True
E.1.0.0,55244,PB,Z374020,H617,No Disponible,2024-04-16 18:58:26.956,2024-04-16 18:58:27.356,T,4.589986,-74.157453,2,3,False,2,EV2,False
E.1.0.0,55272,PB,Z374020,H617,No Disponible,2024-04-16 19:03:56.092,2024-04-16 19:03:56.392,T,4.589189,-74.162656,2,3,False,2,EV2,True
E.1.0.0,55275,PB,Z374020,H617,No Disponible,2024-04-16 19:04:14.042,2024-04-16 19:04:14.213,T,4.589189,-74.162656,2,3,False,2,EV2,False
E.1.0.0,55285,PB,Z374020,H617,No Disponible,2024-04-16 19:05:55.552,2024-04-16 19:05:56.522,T,4.588428,-74.165053,2,3,False,2,EV2,True
E.1.0.0,55288,PB,Z374020,H617,No Disponible,2024-04-16 19:06:10.012,2024-04-16 19:06:10.252,T,4.588428,-74.165053,2,3,False,2,EV2,False
E.1.0.0,55291,PB,Z374020,H617,No Disponible,2024-04-16 19:06:28.712,2024-04-16 19:06:28.902,T,4.588211,-74.165800,2,3,False,2,EV2,True
E.1.0.0,55293,PB,Z374020,H617,No Disponible,2024-04-16 19:06:43.702,2024-04-16 19:06:43.722,T,4.588211,-74.165800,2,3,False,2,EV2,False
E.1.0.0,55312,PB,Z374020,H617,No Disponible,2024-04-16 19:10:19.666,2024-04-16 19:10:20.246,T,4.589728,-74.171131,2,3,False,2,EV2,True
E.1.0.0,55314,PB,Z374020,H617,No Disponible,2024-04-16 19:10:35.556,2024-04-16 19:10:35.796,T,4.589728,-74.171131,2,3,False,2,EV2,False
E.1.0.0,55321,PB,Z374020,H617,No Disponible,2024-04-16 19:11:25.106,2024-04-16 19:11:25.136,T,4.590183,-74.173097,2,3,False,2,EV2,True
E.1.0.0,55323,PB,Z374020,H617,No Disponible,2024-04-16 19:11:44.086,2024-04-16 19:11:44.536,T,4.590183,-74.173097,2,3,False,2,EV2,False
E.1.0.0,55330,PB,Z374020,H617,No Disponible,2024-04-16 19:12:53.586,2024-04-16 19:12:53.616,T,4.591964,-74.173172,2,3,False,2,EV2,True
E.1.0.0,55333,PB,Z374020,H617,No Disponible,2024-04-16 19:13:05.286,2024-04-16 19:13:05.556,T,4.591964,-74.173172,2,3,False,2,EV2,False
E.1.0.0,55343,PB,Z374020,H617,No Disponible,2024-04-16 19:14:52.066,2024-04-16 19:14:52.516,T,4.592192,-74.175286,2,3,False,2,EV2,True
E.1.0.0,55346,PB,Z374020,H617,No Disponible,2024-04-16 19:15:08.456,2024-04-16 19:15:08.726,T,4.592192,-74.175286,2,3,False,2,EV2,False
E.1.0.0,55368,PB,Z374020,H617,No Disponible,2024-04-16 19:19:29.036,2024-04-16 19:19:29.126,T,4.592519,-74.180108,2,3,False,2,EV2,True
E.1.0.0,55371,PB,Z374020,H617,No Disponible,2024-04-16 19:19:48.426,2024-04-16 19:19:48.496,T,4.592519,-74.180108,2,3,False,2,EV2,False
E.1.0.0,55518,PB,Z374020,A617,No Disponible,2024-04-16 20:03:57.804,2024-04-16 20:03:57.894,T,4.592469,-74.180219,2,3,False,2,EV2,True
E.1.0.0,55521,PB,Z374020,A617,No Disponible,2024-04-16 20:04:03.704,2024-04-16 20:04:03.883,T,4.592469,-74.180219,2,3,False,2,EV2,False
E.1.0.0,55522,PB,Z374020,A617,No Disponible,2024-04-16 20:04:09.184,2024-04-16 20:04:09.284,T,4.592469,-74.180219,2,3,False,2,EV2,True
E.1.0.0,55524,PB,Z374020,A617,No Disponible,2024-04-16 20:04:24.234,2024-04-16 20:04:24.334,T,4.592469,-74.180219,2,3,False,2,EV2,False
E.1.0.0,55532,PB,Z374020,A617,No Disponible,2024-04-16 20:05:31.654,2024-04-16 20:05:31.734,T,4.594511,-74.178553,2,3,False,2,EV2,True
E.1.0.0,55534,PB,Z374020,A617,No Disponible,2024-04-16 20:05:39.184,2024-04-16 20:05:39.264,T,4.594511,-74.178553,2,3,False,2,EV2,False
E.1.0.0,55550,PB,Z374020,A617,No Disponible,2024-04-16 20:08:22.086,2024-04-16 20:08:22.496,T,4.594169,-74.175392,2,3,False,2,EV2,True
E.1.0.0,55551,PB,Z374020,A617,No Disponible,2024-04-16 20:08:27.506,2024-04-16 20:08:27.566,T,4.594169,-74.175392,2,3,False,2,EV2,False
E.1.0.0,55558,PB,Z374020,A617,No Disponible,2024-04-16 20:09:31.796,2024-04-16 20:09:32.326,T,4.592353,-74.175344,2,3,False,2,EV2,True
E.1.0.0,55559,PB,Z374020,A617,No Disponible,2024-04-16 20:09:38.146,2024-04-16 20:09:38.206,T,4.592353,-74.175344,2,3,False,2,EV2,False
E.1.0.0,55569,PB,Z374020,A617,No Disponible,2024-04-16 20:11:26.856,2024-04-16 20:11:26.936,T,4.591914,-74.173628,2,3,False,2,EV2,True
E.1.0.0,55571,PB,Z374020,A617,No Disponible,2024-04-16 20:11:36.796,2024-04-16 20:11:37.166,T,4.591914,-74.173628,2,3,False,2,EV2,False
E.1.0.0,55610,PB,Z374020,A617,No Disponible,2024-04-16 20:19:09.636,2024-04-16 20:19:10.246,T,4.589275,-74.162156,2,3,False,2,EV2,True
E.1.0.0,55611,PB,Z374020,A617,No Disponible,2024-04-16 20:19:19.156,2024-04-16 20:19:19.416,T,4.589275,-74.162156,2,3,False,2,EV2,False
E.1.0.0,55656,PB,Z374020,A617,No Disponible,2024-04-16 20:27:51.486,2024-04-16 20:27:51.566,T,4.587711,-74.155447,2,3,False,2,EV2,True
E.1.0.0,55657,PB,Z374020,A617,No Disponible,2024-04-16 20:27:58.696,2024-04-16 20:27:58.906,T,4.587711,-74.155447,2,3,False,2,EV2,False
E.1.0.0,55666,PB,Z374020,A617,No Disponible,2024-04-16 20:29:08.896,2024-04-16 20:29:09.376,T,4.588717,-74.153639,2,3,False,2,EV2,True
E.1.0.0,55669,PB,Z374020,A617,No Disponible,2024-04-16 20:29:30.296,2024-04-16 20:29:30.466,T,4.588717,-74.153639,2,3,False,2,EV2,False
E.1.0.0,55680,PB,Z374020,A617,No Disponible,2024-04-16 20:31:54.946,2024-04-16 20:31:55.256,T,4.588422,-74.148903,2,3,False,2,EV2,True
E.1.0.0,55681,PB,Z374020,A617,No Disponible,2024-04-16 20:31:59.626,2024-04-16 20:32:00.036,T,4.588422,-74.148903,2,3,False,2,EV2,False
E.1.0.0,55691,PB,Z374020,A617,No Disponible,2024-04-16 20:33:46.676,2024-04-16 20:33:46.806,T,4.589597,-74.146200,2,3,False,2,EV2,True
E.1.0.0,55692,PB,Z374020,A617,No Disponible,2024-04-16 20:33:51.736,2024-04-16 20:33:51.976,T,4.589597,-74.146200,2,3,False,2,EV2,False
E.1.0.0,55710,PB,Z374020,A617,No Disponible,2024-04-16 20:37:35.416,2024-04-16 20:37:35.626,T,4.590897,-74.138544,2,3,False,2,EV2,True
E.1.0.0,55713,PB,Z374020,A617,No Disponible,2024-04-16 20:37:43.276,2024-04-16 20:37:43.346,T,4.590897,-74.138544,2,3,False,2,EV2,False
E.1.0.0,55718,PB,Z374020,A617,No Disponible,2024-04-16 20:38:25.266,2024-04-16 20:38:25.496,T,4.591314,-74.138458,2,3,False,2,EV2,True
E.1.0.0,55719,PB,Z374020,A617,No Disponible,2024-04-16 20:38:32.016,2024-04-16 20:38:32.516,T,4.591314,-74.138458,2,3,False,2,EV2,False
E.1.0.0,55735,PB,Z374020,A617,No Disponible,2024-04-16 20:41:36.626,2024-04-16 20:41:36.726,T,4.594258,-74.134986,2,3,False,2,EV2,True
E.1.0.0,55737,PB,Z374020,A617,No Disponible,2024-04-16 20:41:44.646,2024-04-16 20:41:44.836,T,4.594258,-74.134986,2,3,False,2,EV2,False
E.1.0.0,55750,PB,Z374020,A617,No Disponible,2024-04-16 20:44:02.116,2024-04-16 20:44:02.136,T,4.590217,-74.125000,2,3,False,2,EV2,True
E.1.0.0,55751,PB,Z374020,A617,No Disponible,2024-04-16 20:44:14.576,2024-04-16 20:44:14.766,T,4.590217,-74.125000,2,3,False,2,EV2,False
E.1.0.0,55761,PB,Z374020,A617,No Disponible,2024-04-16 20:46:03.506,2024-04-16 20:46:03.756,T,4.588417,-74.116550,2,3,False,2,EV2,True
E.1.0.0,55762,PB,Z374020,A617,No Disponible,2024-04-16 20:46:10.866,2024-04-16 20:46:10.916,T,4.588417,-74.116550,2,3,False,2,EV2,False
E.1.0.0,55772,PB,Z374020,A617,No Disponible,2024-04-16 20:48:11.426,2024-04-16 20:48:11.596,T,4.588850,-74.108753,2,3,False,2,EV2,True
E.1.0.0,55773,PB,Z374020,A617,No Disponible,2024-04-16 20:48:18.756,2024-04-16 20:48:18.796,T,4.588850,-74.108753,2,3,False,2,EV2,False
E.1.0.0,55777,PB,Z374020,A617,No Disponible,2024-04-16 20:48:56.946,2024-04-16 20:48:57.926,T,4.587517,-74.107736,2,3,False,2,EV2,True
E.1.0.0,55780,PB,Z374020,A617,No Disponible,2024-04-16 20:49:04.376,2024-04-16 20:49:04.426,T,4.587517,-74.107736,2,3,False,2,EV2,False
E.1.0.0,55786,PB,Z374020,A617,No Disponible,2024-04-16 20:50:03.616,2024-04-16 20:50:04.036,T,4.585361,-74.106028,2,3,False,2,EV2,True
E.1.0.0,55787,PB,Z374020,A617,No Disponible,2024-04-16 20:50:08.346,2024-04-16 20:50:08.606,T,4.585361,-74.106028,2,3,False,2,EV2,False
E.1.0.0,55834,PB,Z374020,A617,No Disponible,2024-04-16 20:59:39.416,2024-04-16 20:59:40.096,T,4.584811,-74.093692,2,3,False,2,EV2,True
E.1.0.0,55837,PB,Z374020,A617,No Disponible,2024-04-16 20:59:45.626,2024-04-16 20:59:46.286,T,4.584811,-74.093692,2,3,False,2,EV2,False
E.1.0.0,55917,PB,Z374020,A617,No Disponible,2024-04-16 21:15:29.886,2024-04-16 21:15:29.956,T,4.595694,-74.067553,2,3,False,2,EV2,True
E.1.0.0,55919,PB,Z374020,A617,No Disponible,2024-04-16 21:15:41.996,2024-04-16 21:15:42.446,T,4.595694,-74.067553,2,3,False,2,EV2,False
E.1.0.0,55932,PB,Z374020,A617,No Disponible,2024-04-16 21:18:20.846,2024-04-16 21:18:20.946,T,4.603108,-74.061658,2,3,False,2,EV2,True
E.1.0.0,55933,PB,Z374020,A617,No Disponible,2024-04-16 21:18:30.816,2024-04-16 21:18:31.266,T,4.603108,-74.061658,2,3,False,2,EV2,False
E.1.0.0,55948,PB,Z374020,A617,No Disponible,2024-04-16 21:21:18.676,2024-04-16 21:21:18.876,T,4.605089,-74.067236,2,3,False,2,EV2,True
E.1.0.0,55951,PB,Z374020,A617,No Disponible,2024-04-16 21:21:27.526,2024-04-16 21:21:28.126,T,4.605089,-74.067236,2,3,False,2,EV2,False
E.1.0.0,55968,PB,Z374020,A617,No Disponible,2024-04-16 21:24:20.486,2024-04-16 21:24:21.286,T,4.604731,-74.070681,2,3,False,2,EV2,True
E.1.0.0,55969,PB,Z374020,A617,No Disponible,2024-04-16 21:24:28.426,2024-04-16 21:24:28.456,T,4.604731,-74.070681,2,3,False,2,EV2,False
E.1.0.0,55975,PB,Z374020,A617,No Disponible,2024-04-16 21:25:06.896,2024-04-16 21:25:06.986,T,4.606067,-74.072547,2,3,False,2,EV2,True
E.1.0.0,55976,PB,Z374020,A617,No Disponible,2024-04-16 21:25:11.406,2024-04-16 21:25:11.556,T,4.606067,-74.072547,2,3,False,2,EV2,False
E.1.0.0,56008,PB,Z374020,H617,No Disponible,2024-04-16 21:31:30.966,2024-04-16 21:31:31.106,T,4.604106,-74.069719,2,3,False,2,EV2,True
E.1.0.0,56009,PB,Z374020,H617,No Disponible,2024-04-16 21:31:38.946,2024-04-16 21:31:39.476,T,4.604106,-74.069719,2,3,False,2,EV2,False
E.1.0.0,56020,PB,Z374020,H617,No Disponible,2024-04-16 21:33:22.376,2024-04-16 21:33:22.576,T,4.603603,-74.066961,2,3,False,2,EV2,True
E.1.0.0,56022,PB,Z374020,H617,No Disponible,2024-04-16 21:33:39.996,2024-04-16 21:33:40.036,T,4.603603,-74.066961,2,3,False,2,EV2,False
E.1.0.0,56048,PB,Z374020,H617,No Disponible,2024-04-16 21:39:30.776,2024-04-16 21:39:30.956,T,4.592953,-74.069928,2,3,False,2,EV2,True
E.1.0.0,56050,PB,Z374020,H617,No Disponible,2024-04-16 21:39:36.956,2024-04-16 21:39:37.196,T,4.592953,-74.069928,2,3,False,2,EV2,False
E.1.0.0,56064,PB,Z374020,H617,No Disponible,2024-04-16 21:42:38.296,2024-04-16 21:42:38.706,T,4.592786,-74.074933,2,3,False,2,EV2,True
E.1.0.0,56066,PB,Z374020,H617,No Disponible,2024-04-16 21:42:44.706,2024-04-16 21:42:44.756,T,4.592786,-74.074933,2,3,False,2,EV2,False
E.1.0.0,56155,PB,Z374020,H617,No Disponible,2024-04-16 22:00:58.806,2024-04-16 22:00:59.156,T,4.588919,-74.111161,2,3,False,2,EV2,True
E.1.0.0,56158,PB,Z374020,H617,No Disponible,2024-04-16 22:01:05.396,2024-04-16 22:01:05.486,T,4.588919,-74.111161,2,3,False,2,EV2,False
E.1.0.0,56173,PB,Z374020,H617,No Disponible,2024-04-16 22:04:24.066,2024-04-16 22:04:24.596,T,4.591361,-74.126233,2,3,False,2,EV2,True
E.1.0.0,56175,PB,Z374020,H617,No Disponible,2024-04-16 22:04:28.716,2024-04-16 22:04:28.896,T,4.591361,-74.126233,2,3,False,2,EV2,False
E.1.0.0,56189,PB,Z374020,H617,No Disponible,2024-04-16 22:07:09.026,2024-04-16 22:07:09.126,T,4.593850,-74.130108,2,3,False,2,EV2,True
E.1.0.0,56190,PB,Z374020,H617,No Disponible,2024-04-16 22:07:15.436,2024-04-16 22:07:15.576,T,4.593850,-74.130108,2,3,False,2,EV2,False
E.1.0.0,56221,PB,Z374020,H617,No Disponible,2024-04-16 22:13:30.376,2024-04-16 22:13:30.626,T,4.591383,-74.138567,2,3,False,2,EV2,True
E.1.0.0,56222,PB,Z374020,H617,No Disponible,2024-04-16 22:13:37.696,2024-04-16 22:13:37.902,T,4.591383,-74.138567,2,3,False,2,EV2,False
E.1.0.0,56262,PB,Z374020,H617,No Disponible,2024-04-16 22:22:34.508,2024-04-16 22:22:34.906,T,4.589822,-74.157386,2,3,False,2,EV2,True
E.1.0.0,56265,PB,Z374020,H617,No Disponible,2024-04-16 22:22:41.296,2024-04-16 22:22:41.906,T,4.589822,-74.157386,2,3,False,2,EV2,False
E.1.0.0,56288,PB,Z374020,H617,No Disponible,2024-04-16 22:27:34.846,2024-04-16 22:27:35.096,T,4.589383,-74.162014,2,3,False,2,EV2,True
E.1.0.0,56290,PB,Z374020,H617,No Disponible,2024-04-16 22:27:40.546,2024-04-16 22:27:41.296,T,4.589383,-74.162014,2,3,False,2,EV2,False
E.1.0.0,56335,PB,Z374020,H617,No Disponible,2024-04-16 22:36:50.106,2024-04-16 22:36:50.126,T,4.592469,-74.180203,2,3,False,2,EV2,True
E.1.0.0,56336,PB,Z374020,H617,No Disponible,2024-04-16 22:36:55.556,2024-04-16 22:36:55.806,T,4.592469,-74.180203,2,3,False,2,EV2,False
E.1.0.0,56352,PB,Z374020,EM,No Disponible,2024-04-16 22:39:47.196,2024-04-16 22:39:47.436,T,4.592594,-74.181464,2,3,False,2,EV2,True
E.1.0.0,56353,PB,Z374020,EM,No Disponible,2024-04-16 22:39:58.686,2024-04-16 22:39:58.736,T,4.592594,-74.181464,2,3,False,2,EV2,False
E.1.0.0,56364,PB,Z374020,EM,No Disponible,2024-04-16 22:41:31.226,2024-04-16 22:41:31.416,T,4.592508,-74.181217,2,3,False,2,EV2,True
E.1.0.0,56366,PB,Z374020,EM,No Disponible,2024-04-16 22:41:38.266,2024-04-16 22:41:38.506,T,4.592508,-74.181217,2,3,False,2,EV2,False
E.1.0.0,56400,PB,Z374020,EM,No Disponible,2024-04-16 22:47:54.896,2024-04-16 22:47:55.296,T,4.592767,-74.180861,2,3,False,2,EV2,True
E.1.0.0,56407,PB,Z374020,EM,No Disponible,2024-04-16 22:48:32.746,2024-04-16 22:48:33.256,T,4.592767,-74.180861,2,3,False,2,EV2,False
E.1.0.0,56419,PB,Z374020,EM,No Disponible,2024-04-16 22:50:54.076,2024-04-16 22:50:54.416,T,4.593214,-74.182317,2,3,False,2,EV2,True
E.1.0.0,56422,PB,Z374020,EM,No Disponible,2024-04-16 22:51:03.316,2024-04-16 22:51:03.416,T,4.593214,-74.182317,2,3,False,2,EV2,False
E.1.0.0,56425,PB,Z374020,EM,No Disponible,2024-04-16 22:51:20.986,2024-04-16 22:51:21.086,T,4.593214,-74.182317,2,3,False,2,EV2,True
E.1.0.0,56492,PB,Z374020,EM,No Disponible,2024-04-16 23:06:32.116,2024-04-16 23:06:32.246,T,4.593214,-74.182317,2,3,False,2,EV2,False
E.1.0.0,56529,PB,Z374020,EM,No Disponible,2024-04-16 23:15:05.846,2024-04-16 23:15:05.856,T,4.593214,-74.182317,2,3,False,2,EV2,True
E.1.0.0,56590,PB,Z374020,EM,No Disponible,2024-04-16 23:30:12.756,2024-04-16 23:30:12.906,T,4.593214,-74.182317,2,3,False,2,EV2,False
E.1.0.0,56626,PB,Z374020,EM,No Disponible,2024-04-16 23:38:53.996,2024-04-16 23:38:54.166,T,4.593214,-74.182317,2,3,False,2,EV2,True
E.1.0.0,56687,PB,Z374020,EM,No Disponible,2024-04-16 23:53:53.256,2024-04-16 23:53:53.606,T,4.593214,-74.182317,2,3,False,2,EV2,False
